1788779391.947 10316 24461 24461 I com.unique: Using generational CollectorTypeCMC GC.
1788779391.967 10316 24461 24461 D nativeloader: Load libframework-connectivity-tiramisu-jni.so using APEX ns com_android_tethering for caller /apex/com.android.tethering/javalib/framework-connectivity-t.jar: ok
1788779391.977 10316 24461 24461 I MessageMonitor: Load libmiui_runtime
1788779391.998 10316 24461 24470 D AppScoutStateMachine: 24461-ScoutStateMachinecreated
1788779391.999 10316 24461 24461 D MiuiMonitorThread: Shared singleton Thread for stability monitor start
1788779392.012 10316 24461 24461 D ActivityThread: setEmbeddedParam packageName=com.unique processName=com.unique isEmbedded=false isIsolated=false
1788779392.013 10316 24461 24461 D ApplicationLoaders: Returning zygote-cached class loader: /system_ext/framework/androidx.window.extensions.jar
1788779392.013 10316 24461 24461 D ApplicationLoaders: Returning zygote-cached class loader: /system_ext/framework/androidx.window.sidecar.jar
1788779392.020 10316 24461 24461 D nativeloader: Configuring clns-7 for other apk /data/app/~~tWsv6EXqqzygc9AK_QduMQ==/com.unique-kzb7howaBu3vTJ89NnVeNQ==/base.apk. target_sdk_version=36, uses_libraries=, library_path=/data/app/~~tWsv6EXqqzygc9AK_QduMQ==/com.unique-kzb7howaBu3vTJ89NnVeNQ==/lib/arm64:/data/app/~~tWsv6EXqqzygc9AK_QduMQ==/com.unique-kzb7howaBu3vTJ89NnVeNQ==/base.apk!/lib/arm64-v8a, permitted_path=/data:/mnt/expand:/data/user/0/com.unique
1788779392.032 10316 24461 24461 V GraphicsEnvironment: Currently set values for:
1788779392.032 10316 24461 24461 V GraphicsEnvironment:   angle_gl_driver_selection_pkgs=[]
1788779392.032 10316 24461 24461 V GraphicsEnvironment:   angle_gl_driver_selection_values=[]
1788779392.032 10316 24461 24461 V GraphicsEnvironment: Global.Settings values are invalid: number of packages: 0, number of values: 0
1788779392.032 10316 24461 24461 V GraphicsEnvironment: App is not on the allowlist for updatable production driver.
1788779392.033 10316 24461 24461 I ActivityThread: TrafficStats init done
1788779392.040 10316 24461 24461 D ActivityThread: useGrowthLimitOutExpendMethod invoke error.
1788779392.043 10316 24461 24461 I ForceDarkHelperStubImpl: initialize for com.unique , ForceDarkAppConfig: null
1788779392.045 10316 24461 24461 D nativeloader: Load libforcedarkimpl.so using system ns (caller=/system_ext/framework/miui-framework.jar): ok
1788779392.046 10316 24461 24461 D HWUI    : JNI_OnLoad success
1788779392.046 10316 24461 24461 I MiuiForceDarkConfig: setConfig density:2.750000, mainRule:0, secondaryRule:0, tertiaryRule:0
1788779392.055 10316 24461 24461 I ActivityThread: Miui Feature Init done
1788779392.069 10316 24461 24461 I Unique  : 2026-09-07 18:09:52.065 I PROCESS PROCESS_START process=com.unique kind=CORE sdk=35 abi=arm64-v8a,armeabi-v7a,armeabi
1788779392.080 10316 24461 24461 D nativeloader: Load /data/app/~~tWsv6EXqqzygc9AK_QduMQ==/com.unique-kzb7howaBu3vTJ89NnVeNQ==/base.apk!/lib/arm64-v8a/libunique_native.so using class loader ns clns-7 (caller=/data/app/~~tWsv6EXqqzygc9AK_QduMQ==/com.unique-kzb7howaBu3vTJ89NnVeNQ==/base.apk): ok
1788779392.080 10316 24461 24461 I UniqueNative: libunique_native loaded (page size 4096)
1788779392.083 10316 24461 24461 I Unique  : 2026-09-07 18:09:52.080 I NATIVE NATIVE_LOADED pageSize=4096
1788779392.089 10316 24461 24478 I com.unique: MiResources: find entry failed for resource 7f080076
1788779392.089 10316 24461 24478 I asset   : MiResources: Not found for resource 7f080076
1788779392.089 10316 24461 24478 I com.unique: AssetManager2(this=0xb400007b1b106558)
1788779392.089 10316 24461 24478 I com.unique: ApkAssets: <empty> and /system/framework/framework-res.apk,/vendor/overlay/FrameworkResOverlay/FrameworkResOverlay.apk,/vendor/overlay/FrameworkResOverlayExt/FrameworkResOverlayExt.apk,/product/overlay/CaptivePortalLoginFrameworkOverlay.apk,/product/overlay/GmsConfigOverlayASI_Infrastructure.apk,/product/overlay/GmsConfigOverlayCommon.apk,/product/overlay/GmsConfigOverlayComms.apk,/product/overlay/GmsConfigOverlayGSA.apk,/product/overlay/GmsConfigOverlayGeotz.apk,/product/overlay/GmsConfigOverlayPersonalSafety.apk,/product/overlay/GmsConfigOverlayPhotos.apk,/product/overlay/GoogleExtServicesConfigOverlay.apk,/product/overlay/GoogleHealthFitnessFrameworkOverlay.apk,/product/overlay/GooglePermissionControllerFrameworkOverlay.apk,/product/overlay/MiuiServiceOverlay/MiuiServiceOverlay.apk,/product/overlay/ModuleMetadataGoogleOverlay.apk,/product/overlay/framework-res__nosdcard__auto_generated_characteristics_rro.apk,/product/overlay/MiuiHomeLauncherResOverlay.apk,/product/overlay/AospFrameworkResOverlay.apk,/product/overlay/DevicesAndroidOverlay.apk,/product/overlay/AospFrameworkTelephonyResOverlay.apk,<empty> and /system_ext/app/mediatek-res/mediatek-res.apk,<empty> and /system_ext/framework/framework-ext-res/framework-ext-res.apk,/product/overlay/MiuiFrameworkResOverlay.apk,/product/overlay/MiuiFrameworkTelephonyResOverlay.apk,<empty> and /data/app/~~tWsv6EXqqzygc9AK_QduMQ==/com.unique-kzb7howaBu3vTJ89NnVeNQ==/base.apk,/product/overlay/GestureLineOverlay.apk,/data/resource-cache/com.android.systemui-neutral-vSDz.frro,/data/resource-cache/com.android.systemui-accent-m9sI.frro,/data/resource-cache/com.android.systemui-dynamic-gTnv.frro,
1788779392.089 10316 24461 24478 I com.unique: Package ID map: 01 -> 0, 02 -> 4, 03 -> 5, 04 -> 6, 05 -> 7, 06 -> 8, 07 -> 9, 08 -> 1, 09 -> 10, 0a -> 11, 0b -> 12, 0c -> 13, 0d -> 14, 0e -> 15, 0f -> 16, 10 -> 17, 11 -> 2, 12 -> 18, 13 -> 19, 14 -> 20, 15 -> 21, 16 -> 22, 17 -> 23, 18 -> 24, 19 -> 25, 1a -> 26, 7f -> 3,
1788779392.089 10316 24461 24478 I com.unique: PG (01): android(01), android(01), android(01), android(01), android(01), android(01),
1788779392.089 10316 24461 24478 I com.unique:     e[0x01] -> 0x01
1788779392.089 10316 24461 24478 I com.unique:     e[0x08] -> 0x08
1788779392.089 10316 24461 24478 I com.unique:     e[0x7f] -> 0x7f
1788779392.089 10316 24461 24478 I com.unique:   android -> 0
1788779392.089 10316 24461 24478 I com.unique:   android -> 0
1788779392.089 10316 24461 24478 I com.unique:   android -> 0
1788779392.089 10316 24461 24478 I com.unique:   android -> 0
1788779392.089 10316 24461 24478 I com.unique:   android -> 0
1788779392.089 10316 24461 24478 I com.unique:   android -> 0
1788779392.089 10316 24461 24478 I com.unique: PG (08): com.mediatek(08),
1788779392.089 10316 24461 24478 I com.unique:     e[0x01] -> 0x01
1788779392.089 10316 24461 24478 I com.unique:     e[0x08] -> 0x08
1788779392.089 10316 24461 24478 I com.unique:     e[0x7f] -> 0x7f
1788779392.089 10316 24461 24478 I com.unique:   com.mediatek -> 21
1788779392.089 10316 24461 24478 I com.unique: PG (11): android.miui(11),
1788779392.089 10316 24461 24478 I com.unique:     e[0x01] -> 0x01
1788779392.089 10316 24461 24478 I com.unique:     e[0x08] -> 0x08
1788779392.090 10316 24461 24478 I com.unique:     e[0x11] -> 0x11
1788779392.090 10316 24461 24478 I com.unique:     e[0x7f] -> 0x7f
1788779392.090 10316 24461 24478 I com.unique:   android.miui -> 22
1788779392.090 10316 24461 24478 I com.unique: PG (7f): com.unique(7f),
1788779392.090 10316 24461 24478 I com.unique:     e[0x01] -> 0x01
1788779392.090 10316 24461 24478 I com.unique:     e[0x08] -> 0x08
1788779392.090 10316 24461 24461 I ResMonitorStub: Get RMS proxy takes 1 ms
1788779392.090 10316 24461 24478 I com.unique:     e[0x7f] -> 0x7f
1788779392.090 10316 24461 24478 I com.unique:   com.unique -> 25
1788779392.090 10316 24461 24478 I com.unique: PG (02): com.mediatek.frameworkresoverlay(7f dynamic),
1788779392.090 10316 24461 24478 I com.unique:     e[0x01] -> 0x01
1788779392.090 10316 24461 24478 I com.unique:     e[0x08] -> 0x08
1788779392.090 10316 24461 24478 I com.unique:     e[0x7f] -> 0x7f
1788779392.090 10316 24461 24478 I com.unique:   com.mediatek.frameworkresoverlay -> 1
1788779392.090 10316 24461 24478 I com.unique: PG (03): com.mediatek.FrameworkResOverlayExt(7f dynamic),
1788779392.090 10316 24461 24478 I com.unique:     e[0x01] -> 0x01
1788779392.090 10316 24461 24478 I com.unique:     e[0x08] -> 0x08
1788779392.090 10316 24461 24478 I com.unique:     e[0x7f] -> 0x7f
1788779392.090 10316 24461 24478 I com.unique:   com.mediatek.FrameworkResOverlayExt -> 2
1788779392.090 10316 24461 24478 I com.unique: PG (04): com.google.android.overlay.modules.captiveportallogin.forframework(7f dynamic),
1788779392.090 10316 24461 24478 I com.unique:     e[0x01] -> 0x01
1788779392.090 10316 24461 24478 I com.unique:     e[0x08] -> 0x08
1788779392.090 10316 24461 24478 I com.unique:     e[0x7f] -> 0x7f
1788779392.090 10316 24461 24478 I com.unique:   com.google.android.overlay.modules.captiveportallogin.forframework -> 3
1788779392.090 10316 24461 24478 I com.unique: PG (05): com.google.android.overlay.gmsconfig.asi(7f dynamic),
1788779392.090 10316 24461 24478 I com.unique:     e[0x01] -> 0x01
1788779392.090 10316 24461 24478 I com.unique:     e[0x08] -> 0x08
1788779392.090 10316 24461 24478 I com.unique:     e[0x7f] -> 0x7f
1788779392.090 10316 24461 24478 I com.unique:   com.google.android.overlay.gmsconfig.asi -> 4
1788779392.090 10316 24461 24478 I com.unique: PG (06): com.google.android.overlay.gmsconfig.common(7f dynamic),
1788779392.090 10316 24461 24478 I com.unique:     e[0x01] -> 0x01
1788779392.090 10316 24461 24478 I com.unique:     e[0x08] -> 0x08
1788779392.090 10316 24461 24478 I com.unique:     e[0x7f] -> 0x7f
1788779392.090 10316 24461 24478 I com.unique:   com.google.android.overlay.gmsconfig.common -> 5
1788779392.090 10316 24461 24478 I com.unique: PG (07): com.google.android.overlay.gmsconfig.comms(7f dynamic),
1788779392.090 10316 24461 24478 I com.unique:     e[0x01] -> 0x01
1788779392.090 10316 24461 24478 I com.unique:     e[0x08] -> 0x08
1788779392.090 10316 24461 24478 I com.unique:     e[0x7f] -> 0x7f
1788779392.090 10316 24461 24478 I com.unique:   com.google.android.overlay.gmsconfig.comms -> 6
1788779392.090 10316 24461 24478 I com.unique: PG (09): com.google.android.overlay.gmsconfig.gsa(7f dynamic),
1788779392.090 10316 24461 24478 I com.unique:     e[0x01] -> 0x01
1788779392.090 10316 24461 24478 I com.unique:     e[0x08] -> 0x08
1788779392.090 10316 24461 24478 I com.unique:     e[0x7f] -> 0x7f
1788779392.090 10316 24461 24478 I com.unique:   com.google.android.overlay.gmsconfig.gsa -> 7
1788779392.090 10316 24461 24478 I com.unique: PG (0a): com.google.android.overlay.gmsconfig.geotz(7f dynamic),
1788779392.090 10316 24461 24478 I com.unique:     e[0x01] -> 0x01
1788779392.090 10316 24461 24478 I com.unique:     e[0x08] -> 0x08
1788779392.090 10316 24461 24478 I com.unique:     e[0x7f] -> 0x7f
1788779392.090 10316 24461 24478 I com.unique:   com.google.android.overlay.gmsconfig.geotz -> 8
1788779392.090 10316 24461 24478 I com.unique: PG (0b): com.google.android.overlay.gmsconfig.personalsafety(7f dynamic),
1788779392.090 10316 24461 24478 I com.unique:     e[0x01] -> 0x01
1788779392.090 10316 24461 24478 I com.unique:     e[0x08] -> 0x08
1788779392.090 10316 24461 24478 I com.unique:     e[0x7f] -> 0x7f
1788779392.090 10316 24461 24478 I com.unique:   com.google.android.overlay.gmsconfig.personalsafety -> 9
1788779392.090 10316 24461 24478 I com.unique: PG (0c): com.google.android.overlay.gmsconfig.photos(7f dynamic),
1788779392.090 10316 24461 24478 I com.unique:     e[0x01] -> 0x01
1788779392.090 10316 24461 24478 I com.unique:     e[0x08] -> 0x08
1788779392.090 10316 24461 24478 I com.unique:     e[0x7f] -> 0x7f
1788779392.090 10316 24461 24478 I com.unique:   com.google.android.overlay.gmsconfig.photos -> 10
1788779392.090 10316 24461 24478 I com.unique: PG (0d): com.google.android.overlay.modules.ext.services(7f dynamic),
1788779392.090 10316 24461 24478 I com.unique:     e[0x01] -> 0x01
1788779392.090 10316 24461 24478 I com.unique:     e[0x08] -> 0x08
1788779392.090 10316 24461 24478 I com.unique:     e[0x7f] -> 0x7f
1788779392.090 10316 24461 24478 I com.unique:   com.google.android.overlay.modules.ext.services -> 11
1788779392.090 10316 24461 24478 I com.unique: PG (0e): com.google.android.overlay.modules.healthfitness.forframework(7f dynamic),
1788779392.090 10316 24461 24478 I com.unique:     e[0x01] -> 0x01
1788779392.090 10316 24461 24478 I com.unique:     e[0x08] -> 0x08
1788779392.090 10316 24461 24478 I com.unique:     e[0x7f] -> 0x7f
1788779392.090 10316 24461 24478 I com.unique:   com.google.android.overlay.modules.healthfitness.forframework -> 12
1788779392.090 10316 24461 24478 I com.unique: PG (0f): com.google.android.overlay.modules.permissioncontroller.forframework(7f dynamic),
1788779392.090 10316 24461 24478 I com.unique:     e[0x01] -> 0x01
1788779392.090 10316 24461 24478 I com.unique:     e[0x08] -> 0x08
1788779392.090 10316 24461 24478 I com.unique:     e[0x7f] -> 0x7f
1788779392.090 10316 24461 24478 I com.unique:   com.google.android.overlay.modules.permissioncontroller.forframework -> 13
1788779392.090 10316 24461 24478 I com.unique: PG (10): com.miui.core.internal.services(7f dynamic),
1788779392.090 10316 24461 24478 I com.unique:     e[0x01] -> 0x01
1788779392.090 10316 24461 24478 I com.unique:     e[0x08] -> 0x08
1788779392.090 10316 24461 24478 I com.unique:     e[0x7f] -> 0x7f
1788779392.090 10316 24461 24478 I com.unique:   com.miui.core.internal.services -> 14
1788779392.090 10316 24461 24478 I com.unique: PG (12): com.google.android.overlay.modules.modulemetadata.forframework(7f dynamic),
1788779392.090 10316 24461 24478 I com.unique:     e[0x01] -> 0x01
1788779392.090 10316 24461 24478 I com.unique:     e[0x08] -> 0x08
1788779392.090 10316 24461 24478 I com.unique:     e[0x7f] -> 0x7f
1788779392.090 10316 24461 24478 I com.unique:   com.google.android.overlay.modules.modulemetadata.forframework -> 15
1788779392.090 10316 24461 24478 I com.unique: PG (13): android.auto_generated_characteristics_rro(7f dynamic),
1788779392.090 10316 24461 24478 I com.unique:     e[0x01] -> 0x01
1788779392.090 10316 24461 24478 I com.unique:     e[0x08] -> 0x08
1788779392.090 10316 24461 24478 I com.unique:     e[0x7f] -> 0x7f
1788779392.090 10316 24461 24478 I com.unique:   android.auto_generated_characteristics_rro -> 16
1788779392.090 10316 24461 24478 I com.unique: PG (14): android.miui.home.launcher.res(7f dynamic),
1788779392.090 10316 24461 24478 I com.unique:     e[0x01] -> 0x01
1788779392.090 10316 24461 24478 I com.unique:     e[0x08] -> 0x08
1788779392.090 10316 24461 24478 I com.unique:     e[0x7f] -> 0x7f
1788779392.090 10316 24461 24478 I com.unique:   android.miui.home.launcher.res -> 17
1788779392.090 10316 24461 24478 I com.unique: PG (15): android.aosp.overlay(7f dynamic),
1788779392.090 10316 24461 24478 I com.unique:     e[0x01] -> 0x01
1788779392.090 10316 24461 24478 I com.unique:     e[0x08] -> 0x08
1788779392.090 10316 24461 24478 I com.unique:     e[0x7f] -> 0x7f
1788779392.090 10316 24461 24478 I com.unique:   android.aosp.overlay -> 18
1788779392.090 10316 24461 24478 I com.unique: PG (16): com.miui.systemui.overlay.devices.android(7f dynamic),
1788779392.090 10316 24461 24478 I com.unique:     e[0x01] -> 0x01
1788779392.090 10316 24461 24478 I com.unique:     e[0x08] -> 0x08
1788779392.090 10316 24461 24478 I com.unique:     e[0x7f] -> 0x7f
1788779392.090 10316 24461 24478 I com.unique:   com.miui.systemui.overlay.devices.android -> 19
1788779392.090 10316 24461 24478 I com.unique: PG (17): android.aosp.overlay.telephony(7f dynamic),
1788779392.090 10316 24461 24478 I com.unique:     e[0x01] -> 0x01
1788779392.090 10316 24461 24478 I com.unique:     e[0x08] -> 0x08
1788779392.090 10316 24461 24478 I com.unique:     e[0x7f] -> 0x7f
1788779392.090 10316 24461 24478 I com.unique:   android.aosp.overlay.telephony -> 20
1788779392.090 10316 24461 24478 I com.unique: PG (18): android.miui.overlay(7f dynamic),
1788779392.090 10316 24461 24478 I com.unique:     e[0x01] -> 0x01
1788779392.090 10316 24461 24478 I com.unique:     e[0x08] -> 0x08
1788779392.090 10316 24461 24478 I com.unique:     e[0x7f] -> 0x7f
1788779392.090 10316 24461 24478 I com.unique:   android.miui.overlay -> 23
1788779392.090 10316 24461 24478 I com.unique: PG (19): android.miui.overlay.telephony(7f dynamic),
1788779392.090 10316 24461 24478 I com.unique:     e[0x01] -> 0x01
1788779392.090 10316 24461 24478 I com.unique:     e[0x08] -> 0x08
1788779392.090 10316 24461 24478 I com.unique:     e[0x7f] -> 0x7f
1788779392.090 10316 24461 24478 I com.unique:   android.miui.overlay.telephony -> 24
1788779392.090 10316 24461 24478 I com.unique: PG (1a): com.android.systemui.gesture.line.overlay(7f dynamic),
1788779392.090 10316 24461 24478 I com.unique:     e[0x01] -> 0x01
1788779392.090 10316 24461 24478 I com.unique:     e[0x08] -> 0x08
1788779392.090 10316 24461 24478 I com.unique:     e[0x7f] -> 0x7f
1788779392.090 10316 24461 24478 I com.unique:   com.android.systemui.gesture.line.overlay -> 26
1788779392.090 10316 24461 24461 I Unique  : 2026-09-07 18:09:52.090 I PROCESS PROVIDER_ROUTER_CREATED
1788779392.090 10316 24461 24478 I MiResource: invalid cookie from nativeGetResourceValue, cookie = -1, origValue = TypedValue{t=0x0/d=0x0}, value =TypedValue{t=0x0/d=0x0}
1788779392.091 10316 24461 24478 W AsyncDrawableCache: can not found res: 2131230838, maybe dynamic res id.
1788779392.101 10316 24461 24461 I Unique  : 2026-09-07 18:09:52.101 I STORAGE SHARED_PROVIDER_CREATED
1788779392.132 10316 24461 24461 W libc    : Access denied finding property "ro.vendor.perf.scroll_opt"
1788779392.142 10316 24461 24461 D nativeloader: Load libpowerhalwrap_jni.so using system ns (caller=/system_ext/framework/mediatek-framework.jar): ok
1788779392.142 10316 24461 24461 I PowerHalWrapper: PowerHalWrapper.getInstance
1788779392.143 10316 24461 24461 I M-ProMotion: M-ProMotion is disabled
1788779392.150 10316 24461 24461 I ActivityThread: HardwareRenderer preload  done
1788779392.153 10316 24461 24488 D vulkan  : searching for layers in '/data/app/~~tWsv6EXqqzygc9AK_QduMQ==/com.unique-kzb7howaBu3vTJ89NnVeNQ==/lib/arm64'
1788779392.156 10316 24461 24488 D vulkan  : searching for layers in '/data/app/~~tWsv6EXqqzygc9AK_QduMQ==/com.unique-kzb7howaBu3vTJ89NnVeNQ==/base.apk!/lib/arm64-v8a'
1788779392.157 10316 24461 24488 D vulkan  : searching for layers in '/data/app/~~tWsv6EXqqzygc9AK_QduMQ==/com.unique-kzb7howaBu3vTJ89NnVeNQ==/lib/arm64'
1788779392.157 10316 24461 24488 D vulkan  : searching for layers in '/data/app/~~tWsv6EXqqzygc9AK_QduMQ==/com.unique-kzb7howaBu3vTJ89NnVeNQ==/base.apk!/lib/arm64-v8a'
1788779392.165 10316 24461 24488 D MMUD    : mtk_memory_debug_init com.unique 0xb400007ddc12a400
1788779392.170 10316 24461 24502 E com.unique: setpriority success to 100 : mali-cmar-backend
1788779392.181 10316 24461 24503 D nativeloader: Load /data/app/~~tWsv6EXqqzygc9AK_QduMQ==/com.unique-kzb7howaBu3vTJ89NnVeNQ==/base.apk!/lib/arm64-v8a/libflutter.so using class loader ns clns-7 (caller=/data/app/~~tWsv6EXqqzygc9AK_QduMQ==/com.unique-kzb7howaBu3vTJ89NnVeNQ==/base.apk): ok
1788779392.208 10316 24461 24507 D vulkan  : searching for layers in '/data/app/~~tWsv6EXqqzygc9AK_QduMQ==/com.unique-kzb7howaBu3vTJ89NnVeNQ==/lib/arm64'
1788779392.208 10316 24461 24507 D vulkan  : searching for layers in '/data/app/~~tWsv6EXqqzygc9AK_QduMQ==/com.unique-kzb7howaBu3vTJ89NnVeNQ==/base.apk!/lib/arm64-v8a'
1788779392.211 10316 24461 24507 D MMUD    : mtk_memory_debug_init com.unique 0xb400007db97a7400
1788779392.216 10316 24461 24528 E com.unique: setpriority success to 100 : mali-cmar-backend
1788779392.224 10316 24461 24507 I flutter : [IMPORTANT:flutter/shell/platform/android/android_context_vk_impeller.cc(62)] Using the Impeller rendering backend (Vulkan).
1788779392.243 10316 24461 24482 I Unique  : 2026-09-07 18:09:52.242 I PROCESS BROADCAST_ROUTES_REGISTERED package=com.axlebolt.standoff2 vuid=0 routes=12 actions=com.android.vending.INSTALL_REFERRER,androidx.profileinstaller.action.SAVE_PROFILE,androidx.work.impl.background.systemalarm.UpdateProxies,com.attribution.SYSTEM_INSTALLER_REFERRER,androidx.work.diagnostics.REQUEST_DIAGNOSTICS,com.google.android.c2dm.intent.RECEIVE,androidx.profileinstaller.action.I
1788779392.244 10316 24461 24482 I Unique  : 2026-09-07 18:09:52.243 I PROCESS PROVIDER_ROUTES_REGISTERED package=com.axlebolt.standoff2 vuid=0 authorities=[redacted]
1788779392.244 10316 24461 24482 I Unique  : 2026-09-07 18:09:52.244 I PROCESS BROADCAST_ROUTER_READY instances=1 actions=12 authorities=[redacted]
1788779392.270 10316 24461 24492 D MMUD    : get_leak_baseline 3246391296
1788779392.345 10316 24461 24461 W libc    : Access denied finding property "persist.vendor.camera.IsVariableApertureSupported"
1788779392.345 10316 24461 24461 W libc    : Access denied finding property "persist.vendor.camera.IsStreetModeSupported"
1788779392.346 10316 24461 24461 I SurfaceFactory: [static] sSurfaceFactory = com.mediatek.view.impl.SurfaceFactoryImpl@83b8943
1788779392.353 10316 24461 24461 D MiuiMultiWindowUtils: freeform resolution args raw data:{  "wide_default":{    "freeform_args": {        "vertical_portrait":{"aspect_ratio":0.626, "original_ratio":0.5643,"original_scale":0.74,"top_margin":0.168,"left_margin":0.484},        "horizontal_portrait":{"aspect_ratio":0.626, "original_ratio":0.5643,"original_scale":0.74,"top_margin":0.1222,"left_margin":0.59745},        "vertical_landscape":{"aspect_ratio":1.6, "original_ratio":1,"original_scale":0.604,"top_margin":0.2596,"left_margin":0.2624},        "horizontal_landscape":{"aspect_ratio":1.6, "original_ratio":1,"original_scale":0.604,"top_margin":0.213,"left_margin":0.3758}    },    "mini_freeform_args":{        "vertical_portrait":{"original_ratio":0.147},        "horizontal_portrait":{"original_ratio":0.147},        "vertical_landscape":{"original_ratio":0.165},        "horizontal_landscape":{"original_ratio":0.165}    }  },  "narrow_default": {    "freeform_args": {        "vertical_portrait":{"aspect_ratio":0.626, "original_ratio":1,"original_scale":0.74,"top_margin":0.0753,"left_margin":-1},        "horizontal_portrait":{"aspect_ratio":0.626, "original_ratio":1,"original_scale":0.5756,"top_margin":-1,"left_margin":0.0753},        "vertical_landscape":{"aspect_ratio":1.6, "original_ratio":0.6847,"original_scale":0.587,"top_margin":0.0753,"left_margin":-1},        "horizontal_landscape":{"aspect_ratio":1.6, "original_ratio":0.6847,"original_scale":0.587,"top_margin":-1,"left_margin":0.0753}    },    "mini_freeform_args":{        "vertical_portrait":{"original_ratio":0.26},        "horizontal_portrait":{"original_ratio":0.26},        "vertical_landscape":{"original_ratio":0.293},        "horizontal_landscape":{"original_ratio":0.293}    }  },  "regular_default": {    "freeform_args": {      "vertical_portrait":{"aspect_ratio":0.625, "original_ratio":1,"original_scale":0.7,"top_margin":0.109,"left_margin":-1},      "horizontal_portrait":{"aspect_ratio":0.6667, "original_ratio":1,"original_scale":0.6102,"top_margin":-1,"left_margin":0.026},      "vertical_landscape":{"aspect_ratio":1.6, "original_ratio":1,"original_scale":0.4244,"top_margin":0.109,"left_margin":-1},      "horizontal_landscape":{"aspect_ratio":1.6, "original_ratio":1,"original_scale":0.4244,"top_margin":-1,"left_margin":0.026}    },    "mini_freeform_args":{      "vertical_portrait":{"original_ratio":0.25},      "horizontal_portrait":{"original_ratio":0.25},      "vertical_landscape":{"original_ratio":0.25},      "horizontal_landscape":{"original_ratio":0.25}    }  },  "pad_default": {    "freeform_args": {      "vertical_portrait":{"aspect_ratio":0.5625, "original_ratio":0.375,"original_scale":0.835,"top_margin":0.049,"left_margin":0.2775},      "horizontal_portrait":{"aspect_ratio":0.5625, "original_ratio":0.375,"original_scale":0.835,"top_margin":-1,"left_margin":0.6525},      "vertical_landscape":{"aspect_ratio":-1, "original_ratio":1,"original_scale":0.468,"top_margin":0.049,"left_margin":-1},      "horizontal_landscape":{"aspect_ratio":-1, "original_ratio":1,"original_scale":0.468,"top_margin":-1,"left_margin":0.4976}    },    "mini_freeform_args":{      "vertical_portrait":{"original_ratio":0.144},      "horizontal_portrait":{"original_ratio":0.144},      "vertical_landscape":{"original_ratio":0.2},      "horizontal_landscape":{"original_ratio":0.2}    }  }}
1788779392.353 10316 24461 24461 D MiuiMultiWindowUtils: initFreeFormResolutionArgs failed, device is sea
1788779392.353 10316 24461 24461 D IS_CTS_MODE: false
1788779392.353 10316 24461 24461 D MULTI_WINDOW_SWITCH_ENABLED: false
1788779392.379 10316 24461 24461 W libc    : Access denied finding property "ro.vendor.df.effect.conflict"
1788779392.383 10316 24461 24461 D SecurityManager: checkAccessControl flag1
1788779392.385 10316 24461 24486 I PowerHalWrapper: PowerHalWrapper.getInstance
1788779392.394 10316 24461 24461 D MiuiCameraCoveredManager: java.lang.NullPointerException: Attempt to invoke virtual method 'java.lang.String android.provider.MiuiSettings$SettingsCloudData$CloudData.getString(java.lang.String, java.lang.String)' on a null object reference
1788779392.397 10316 24461 24461 W HWUI    : Unknown dataspace 0
1788779392.397 10316 24461 24488 W libc    : Access denied finding property "ro.vendor.display.iris_x7.support"
1788779392.399 10316 24461 24461 I ForceDarkHelperStubImpl: setViewRootImplForceDark: false for com.unique.app.MainActivity@a3f5da1, reason: AppDarkModeEnable
1788779392.399 10316 24461 24461 D VRI[MainActivity]: hardware acceleration = true, forceHwAccelerated = false
1788779392.408 10316 24461 24461 D InputEventReceiver: Input log is disabled in InputEventReceiver.
1788779392.421 10316 24461 24461 I Unique  : 2026-09-07 18:09:52.420 I PROCESS PROCESS_ASSIGNED slot=:vapp0 vuid=0 process=com.axlebolt.standoff2
1788779392.426 10316 24461 24461 I Unique  : 2026-09-07 18:09:52.424 I PROCESS BROADCAST_ROUTED_COLD action=android.net.conn.CONNECTIVITY_CHANGE package=com.axlebolt.standoff2 vuid=0 receiver=com.mbridge.msdk.foundation.same.broadcast.NetWorkChangeReceiver started=true
1788779392.430 10316 24461 24461 I WindowExtensionsImpl: Initializing Window Extensions, vendor API level=6, activity embedding enabled=true
1788779392.448 10316 24461 24461 D BufferQueueConsumer: [](id:5f8d00000000,api:0,p:-1,c:24461) connect: controlledByApp=false
1788779392.450 10316 24461 24461 D BLASTBufferQueue: [VRI[MainActivity]#0](f:0,a:0) constructor()
1788779392.450 10316 24461 24461 D BLASTBufferQueue: [VRI[MainActivity]#0](f:0,a:0) update width=1080 height=2400 format=-3 mTransformHint=0
1788779392.455 10316 24461 24461 D VRI[MainActivity]: vri.reportNextDraw android.view.ViewRootImpl.performTraversals:4936 android.view.ViewRootImpl.doTraversal:3546 android.view.ViewRootImpl$TraversalRunnable.run:11690 android.view.Choreographer$CallbackRecord.run:1763 android.view.Choreographer$CallbackRecord.run:1772
1788779392.455 10316 24461 24461 D SurfaceView: UPDATE null, mIsCastMode = false
1788779392.458 10316 24461 24461 V ViewRootImplStubImpl: enableSyncSurfaceView: do not sync surface view, vri:com.unique/com.unique.app.MainActivity, surfaceView:SurfaceView[com.unique/com.unique.app.MainActivity], vri size:1080x2400, surfaceView size:1080x2400
1788779392.460 10316 24461 24461 D BufferQueueConsumer: [](id:5f8d00000001,api:0,p:-1,c:24461) connect: controlledByApp=false
1788779392.460 10316 24461 24461 D BLASTBufferQueue: [SurfaceView[com.unique/com.unique.app.MainActivity]#1](f:0,a:0) constructor()
1788779392.460 10316 24461 24461 D BLASTBufferQueue: [SurfaceView[com.unique/com.unique.app.MainActivity]#1](f:0,a:0) update width=1080 height=2400 format=4 mTransformHint=0
1788779392.461 10316 24531 24531 I om.unique:vapp0: Using generational CollectorTypeCMC GC.
1788779392.463 10316 24461 24507 E com.unique: checkIfsupportxIntfps do not binder to joyose
1788779392.475 10316 24531 24531 D nativeloader: Load libframework-connectivity-tiramisu-jni.so using APEX ns com_android_tethering for caller /apex/com.android.tethering/javalib/framework-connectivity-t.jar: ok
1788779392.479 10316 24461 24507 D MAGT_SYNC_FRAME: MAGT Sync: MAGT is not supported. Disabling Sync.
1788779392.485 10316 24531 24531 I MessageMonitor: Load libmiui_runtime
1788779392.511 10316 24531 24531 D MiuiMonitorThread: Shared singleton Thread for stability monitor start
1788779392.537 10316 24531 24531 D ActivityThread: setEmbeddedParam packageName=com.unique processName=com.unique:vapp0 isEmbedded=false isIsolated=false
1788779392.540 10316 24531 24531 D ApplicationLoaders: Returning zygote-cached class loader: /system_ext/framework/androidx.window.extensions.jar
1788779392.540 10316 24531 24531 D ApplicationLoaders: Returning zygote-cached class loader: /system_ext/framework/androidx.window.sidecar.jar
1788779392.544 10316 24531 24531 D nativeloader: Configuring clns-7 for other apk /data/app/~~tWsv6EXqqzygc9AK_QduMQ==/com.unique-kzb7howaBu3vTJ89NnVeNQ==/base.apk. target_sdk_version=36, uses_libraries=, library_path=/data/app/~~tWsv6EXqqzygc9AK_QduMQ==/com.unique-kzb7howaBu3vTJ89NnVeNQ==/lib/arm64:/data/app/~~tWsv6EXqqzygc9AK_QduMQ==/com.unique-kzb7howaBu3vTJ89NnVeNQ==/base.apk!/lib/arm64-v8a, permitted_path=/data:/mnt/expand:/data/user/0/com.unique
1788779392.558 10316 24531 24531 V GraphicsEnvironment: Currently set values for:
1788779392.559 10316 24531 24531 V GraphicsEnvironment:   angle_gl_driver_selection_pkgs=[]
1788779392.559 10316 24531 24531 V GraphicsEnvironment:   angle_gl_driver_selection_values=[]
1788779392.559 10316 24531 24531 V GraphicsEnvironment: Global.Settings values are invalid: number of packages: 0, number of values: 0
1788779392.559 10316 24531 24531 V GraphicsEnvironment: App is not on the allowlist for updatable production driver.
1788779392.560 10316 24531 24531 I ActivityThread: TrafficStats init done
1788779392.564 10316 24531 24531 D ActivityThread: useGrowthLimitOutExpendMethod invoke error.
1788779392.567 10316 24531 24531 I ForceDarkHelperStubImpl: initialize for com.unique , ForceDarkAppConfig: null
1788779392.572 10316 24531 24531 D nativeloader: Load libforcedarkimpl.so using system ns (caller=/system_ext/framework/miui-framework.jar): ok
1788779392.572 10316 24531 24531 D HWUI    : JNI_OnLoad success
1788779392.573 10316 24531 24531 I MiuiForceDarkConfig: setConfig density:2.750000, mainRule:0, secondaryRule:0, tertiaryRule:0
1788779392.580 10316 24531 24531 I ActivityThread: Miui Feature Init done
1788779392.634 10316 24461 24461 D VRI[MainActivity]: vri.reportNextDraw android.view.ViewRootImpl.performTraversals:4936 android.view.ViewRootImpl.doTraversal:3546 android.view.ViewRootImpl$TraversalRunnable.run:11690 android.view.Choreographer$CallbackRecord.run:1763 android.view.Choreographer$CallbackRecord.run:1772
1788779392.634 10316 24461 24461 D SurfaceView: UPDATE Surface(name=SurfaceView[com.unique/com.unique.app.MainActivity]#85778)/@0x8a9f111, mIsProjectionMode = false
1788779392.635 10316 24531 24531 I Unique  : 2026-09-07 18:09:52.622 I PROCESS PROCESS_START process=com.unique:vapp0 kind=VAPP sdk=35 abi=arm64-v8a,armeabi-v7a,armeabi
1788779392.638 10316 24531 24531 W om.unique:vapp0: Unsupported class loader: java.lang.Class<org.lsposed.hiddenapibypass.CoreOjClassLoader>
1788779392.646 10316 24461 24482 W com.unique: Unsupported class loader: java.lang.Class<org.lsposed.hiddenapibypass.CoreOjClassLoader>
1788779392.709 10316 24461 24507 E LB      : fail to open file: No such file or directory
1788779392.709 10316 24461 24507 E LB      : fail to open node: No such file or directory
1788779392.709 10316 24461 24507 E LB      : fail to open node: No such file or directory
1788779392.709 10316 24461 24507 I GrallocExtra: gralloc_extra_query:is_SW3D 0
1788779392.710 10316 24461 24507 I GrallocExtra: gralloc_extra_query:is_SW3D 0
1788779392.710 10316 24461 24507 W libc    : Access denied finding property "ro.vendor.display.iris_x7.support"
1788779392.710 10316 24461 24507 D BLASTBufferQueue: [SurfaceView[com.unique/com.unique.app.MainActivity]#1](f:0,a:1) acquireNextBufferLocked size=1080x2400 mFrameNumber=1 applyTransaction=true mTimestamp=136187515157962(auto) mPendingTransactions.size=0 graphicBufferId=105059195027466 transform=0
1788779392.721 10316 24461 24552 D LibMBrainProxy: Init Paramters
1788779392.725 10316 24461 24461 D VRI[MainActivity]: Setup new sync=wmsSync-VRI[MainActivity]#1
1788779392.730 10316 24461 24488 D HWUI    : makeCurrent grContext:0xb400007bcb113750 reset mTextureAvailable
1788779392.733 10316 24461 24488 D com.unique: MiuiProcessManagerServiceStub setSchedFifo
1788779392.733 10316 24461 24488 I MiuiProcessManagerImpl: setSchedFifo pid:24461, mode:3
1788779392.738 10316 24461 24488 W libc    : Access denied finding property "ro.vendor.display.iris_x7.support"
1788779392.754 10316 24461 24488 D BLASTBufferQueue: [VRI[MainActivity]#0](f:0,a:1) acquireNextBufferLocked size=1080x2400 mFrameNumber=1 applyTransaction=true mTimestamp=136187558692501(auto) mPendingTransactions.size=0 graphicBufferId=105059195027471 transform=0
1788779392.755 10316 24461 24461 D VRI[MainActivity]: vri.reportDrawFinished
1788779392.761 10316 24531 24531 W om.unique:vapp0: Unsupported class loader: java.lang.Class<org.lsposed.hiddenapibypass.CoreOjClassLoader>
1788779392.761 10316 24531 24531 W om.unique:vapp0: Unsupported class loader: java.lang.Class<org.lsposed.hiddenapibypass.CoreOjClassLoader>
1788779392.767 10316 24531 24531 I Unique  : 2026-09-07 18:09:52.766 I HOOK HIDDEN_API_GRANTED via=HiddenApiBypass
1788779392.774 10316 24531 24531 D nativeloader: Load /data/app/~~tWsv6EXqqzygc9AK_QduMQ==/com.unique-kzb7howaBu3vTJ89NnVeNQ==/base.apk!/lib/arm64-v8a/libunique_native.so using class loader ns clns-7 (caller=/data/app/~~tWsv6EXqqzygc9AK_QduMQ==/com.unique-kzb7howaBu3vTJ89NnVeNQ==/base.apk): ok
1788779392.774 10316 24531 24531 I UniqueNative: libunique_native loaded (page size 4096)
1788779392.778 10316 24531 24531 I Unique  : 2026-09-07 18:09:52.777 I LAUNCH INTERCEPTOR_INSTALLED executeTransaction=159
1788779392.779 10316 24531 24531 I Unique  : 2026-09-07 18:09:52.778 I PROCESS VAPP_READY slot=0
1788779392.780 10316 24531 24531 I ResMonitorStub: Get RMS proxy takes 0 ms
1788779392.783 10316 24461 24482 W com.unique: Unsupported class loader: java.lang.Class<org.lsposed.hiddenapibypass.CoreOjClassLoader>
1788779392.783 10316 24461 24482 W com.unique: Unsupported class loader: java.lang.Class<org.lsposed.hiddenapibypass.CoreOjClassLoader>
1788779392.784 10316 24531 24531 I Unique  : 2026-09-07 18:09:52.783 I PROCESS STUB_PROVIDER_CREATED slot=0
1788779392.791 10316 24461 24461 I HandWritingStubImpl: refreshLastKeyboardType: 1
1788779392.791 10316 24461 24461 I HandWritingStubImpl: getCurrentKeyboardType: 1
1788779392.808 10316 24461 24482 I Unique  : 2026-09-07 18:09:52.788 I HOOK HIDDEN_API_GRANTED via=HiddenApiBypass
1788779392.812 10316 24531 24531 D Unique  : 2026-09-07 18:09:52.810 D LAUNCH CALLBACK_ALIVE what=164 obj=java.lang.String
1788779392.815 10316 24531 24531 D Unique  : 2026-09-07 18:09:52.813 D LAUNCH CALLBACK_ALIVE what=114 obj=android.app.ActivityThread$CreateServiceData
1788779392.816 10316 24461 24461 I HandWritingStubImpl: getCurrentKeyboardType: 1
1788779392.819 10316 24531 24531 I Unique  : 2026-09-07 18:09:52.817 I PROCESS CREATE_SERVICE_COLD_BROADCAST stub=com.unique.stub.ServiceStub_p0_s6
1788779392.823 10316 24531 24531 D Unique  : 2026-09-07 18:09:52.821 D LAUNCH CALLBACK_ALIVE what=115 obj=android.app.ActivityThread$ServiceArgsData
1788779392.908 10316 24531 24531 I Unique  : 2026-09-07 18:09:52.906 I PROCESS PROCESS_RENAMED argv0=com.axlebolt.standoff2
1788779392.932 10316 24461 24482 V AconfigFlags: Read Aconfig default flag value android.adaptiveauth.enable_adaptive_auth = true
1788779392.932 10316 24461 24482 V AconfigFlags: Read Aconfig default flag value android.adaptiveauth.report_biometric_auth_attempts = true
1788779392.932 10316 24461 24482 V AconfigFlags: Read Aconfig default flag value android.app.activity_embedding = false
1788779392.932 10316 24461 24482 V AconfigFlags: Read Aconfig default flag value android.app.admin.flags.allow_querying_profile_type = true
1788779392.932 10316 24461 24482 V AconfigFlags: Read Aconfig default flag value android.app.admin.flags.allow_screen_brightness_control_on_cope = true
1788779392.932 10316 24461 24482 V AconfigFlags: Read Aconfig default flag value android.app.admin.flags.always_persist_do = true
1788779392.932 10316 24461 24482 V AconfigFlags: Read Aconfig default flag value android.app.admin.flags.assist_content_user_restriction_enabled = true
1788779392.932 10316 24461 24482 V AconfigFlags: Read Aconfig default flag value android.app.admin.flags.backup_connected_apps_settings = false
1788779392.932 10316 24461 24482 V AconfigFlags: Read Aconfig default flag value android.app.admin.flags.backup_service_security_log_event_enabled = true
1788779392.932 10316 24461 24482 V AconfigFlags: Read Aconfig default flag value android.app.admin.flags.coexistence_migration_for_non_emm_management_enabled = true
1788779392.932 10316 24461 24482 V AconfigFlags: Read Aconfig default flag value android.app.admin.flags.copy_account_with_retry_enabled = true
1788779392.932 10316 24461 24482 V AconfigFlags: Read Aconfig default flag value android.app.admin.flags.cross_user_suspension_enabled_ro = false
1788779392.932 10316 24461 24482 V AconfigFlags: Read Aconfig default flag value android.app.admin.flags.dedicated_device_control_api_enabled = true
1788779392.932 10316 24461 24482 V AconfigFlags: Read Aconfig default flag value android.app.admin.flags.dedicated_device_control_enabled = true
1788779392.932 10316 24461 24482 V AconfigFlags: Read Aconfig default flag value android.app.admin.flags.default_sms_personal_app_suspension_fix_enabled = true
1788779392.933 10316 24461 24482 V AconfigFlags: Read Aconfig default flag value android.app.admin.flags.delete_private_space_under_restriction = true
1788779392.933 10316 24461 24482 V AconfigFlags: Read Aconfig default flag value android.app.admin.flags.device_policy_size_tracking_enabled = true
1788779392.933 10316 24461 24482 V AconfigFlags: Read Aconfig default flag value android.app.admin.flags.device_policy_size_tracking_internal_bug_fix_enabled = true
1788779392.933 10316 24461 24482 V AconfigFlags: Read Aconfig default flag value android.app.admin.flags.device_policy_size_tracking_internal_enabled = false
1788779392.933 10316 24461 24482 V AconfigFlags: Read Aconfig default flag value android.app.admin.flags.device_theft_api_enabled = false
1788779392.933 10316 24461 24482 V AconfigFlags: Read Aconfig default flag value android.app.admin.flags.device_theft_impl_enabled = false
1788779392.933 10316 24461 24482 V AconfigFlags: Read Aconfig default flag value android.app.admin.flags.disallow_user_control_bg_usage_fix = true
1788779392.933 10316 24461 24482 V AconfigFlags: Read Aconfig default flag value android.app.admin.flags.disallow_user_control_stopped_state_fix = true
1788779392.933 10316 24461 24482 V AconfigFlags: Read Aconfig default flag value android.app.admin.flags.dmrh_set_app_restrictions = true
1788779392.933 10316 24461 24482 V AconfigFlags: Read Aconfig default flag value android.app.admin.flags.dumpsys_policy_engine_migration_enabled = true
1788779392.933 10316 24461 24482 V AconfigFlags: Read Aconfig default flag value android.app.admin.flags.esim_management_enabled = true
1788779392.933 10316 24461 24482 V AconfigFlags: Read Aconfig default flag value android.app.admin.flags.esim_management_ux_enabled = false
1788779392.933 10316 24461 24482 V AconfigFlags: Read Aconfig default flag value android.app.admin.flags.headless_device_owner_delegate_security_logging_bug_fix = true
1788779392.933 10316 24461 24482 V AconfigFlags: Read Aconfig default flag value android.app.admin.flags.headless_device_owner_provisioning_fix_enabled = true
1788779392.933 10316 24461 24482 V AconfigFlags: Read Aconfig default flag value android.app.admin.flags.headless_device_owner_single_user_enabled = true
1788779392.933 10316 24461 24482 V AconfigFlags: Read Aconfig default flag value android.app.admin.flags.headless_single_min_target_sdk = false
1788779392.933 10316 24461 24482 V AconfigFlags: Read Aconfig default flag value android.app.admin.flags.headless_single_user_bad_device_admin_state_fix = true
1788779392.933 10316 24461 24482 V AconfigFlags: Read Aconfig default flag value android.app.admin.flags.headless_single_user_compatibility_fix = true
1788779392.933 10316 24461 24482 V AconfigFlags: Read Aconfig default flag value android.app.admin.flags.headless_single_user_fixes = true
1788779392.933 10316 24461 24482 V AconfigFlags: Read Aconfig default flag value android.app.admin.flags.hsum_unlock_notification_fix = true
1788779392.933 10316 24461 24482 V AconfigFlags: Read Aconfig default flag value android.app.admin.flags.is_mte_policy_enforced = true
1788779392.933 10316 24461 24482 V AconfigFlags: Read Aconfig default flag value android.app.admin.flags.is_recursive_required_app_merging_enabled = false
1788779392.933 10316 24461 24482 V AconfigFlags: Read Aconfig default flag value android.app.admin.flags.onboarding_bugreport_storage_bug_fix = true
1788779392.933 10316 24461 24482 V AconfigFlags: Read Aconfig default flag value android.app.admin.flags.onboarding_bugreport_v2_enabled = true
1788779392.933 10316 24461 24482 V AconfigFlags: Read Aconfig default flag value android.app.admin.flags.onboarding_consentless_bugreports = true
1788779392.933 10316 24461 24482 V AconfigFlags: Read Aconfig default flag value android.app.admin.flags.permission_migration_for_zero_trust_api_enabled = true
1788779392.933 10316 24461 24482 V AconfigFlags: Read Aconfig default flag value android.app.admin.flags.permission_migration_for_zero_trust_impl_enabled = true
1788779392.933 10316 24461 24482 V AconfigFlags: Read Aconfig default flag value android.app.admin.flags.policy_engine_migration_v2_enabled = true
1788779392.933 10316 24461 24482 V AconfigFlags: Read Aconfig default flag value android.app.admin.flags.power_exemption_bg_usage_fix = true
1788779392.933 10316 24461 24482 V AconfigFlags: Read Aconfig default flag value android.app.admin.flags.provisioning_context_parameter = false
1788779392.933 10316 24461 24482 V AconfigFlags: Read Aconfig default flag value android.app.admin.flags.quiet_mode_credential_bug_fix = true
1788779392.933 10316 24461 24482 V AconfigFlags: Read Aconfig default flag value android.app.admin.flags.security_log_v2_enabled = true
1788779392.933 10316 24461 24482 V AconfigFlags: Read Aconfig default flag value android.app.admin.flags.unmanaged_mode_migration = false
1788779392.933 10316 24461 24482 V AconfigFlags: Read Aconfig default flag value android.app.api_rich_ongoing = false
1788779392.933 10316 24461 24482 V AconfigFlags: Read Aconfig default flag value android.app.api_tvextender = true
1788779392.933 10316 24461 24482 V AconfigFlags: Read Aconfig default flag value android.app.app_restrictions_api = true
1788779392.933 10316 24461 24482 V AconfigFlags: Read Aconfig default flag value android.app.app_start_info = true
1788779392.933 10316 24461 24482 V AconfigFlags: Read Aconfig default flag value android.app.app_start_info_timestamps = true
1788779392.933 10316 24461 24482 V AconfigFlags: Read Aconfig default flag value android.app.bic_client = true
1788779392.933 10316 24461 24482 V AconfigFlags: Read Aconfig default flag value android.app.category_voicemail = true
1788779392.933 10316 24461 24482 V AconfigFlags: Read Aconfig default flag value android.app.check_autogroup_before_post = false
1788779392.933 10316 24461 24482 V AconfigFlags: Read Aconfig default flag value android.app.clean_up_spans_and_new_lines = false
1788779392.933 10316 24461 24482 V AconfigFlags: Read Aconfig default flag value android.app.clear_dns_cache_on_network_rules_update = true
1788779392.933 10316 24461 24482 V AconfigFlags: Read Aconfig default flag value android.app.compact_heads_up_notification = false
1788779392.933 10316 24461 24482 V AconfigFlags: Read Aconfig default flag value android.app.compact_heads_up_notification_reply = false
1788779392.933 10316 24461 24482 V AconfigFlags: Read Aconfig default flag value android.app.contextualsearch.flags.enable_service = true
1788779392.933 10316 24461 24482 V AconfigFlags: Read Aconfig default flag value android.app.contextualsearch.flags.enable_token_refresh = false
1788779392.933 10316 24461 24482 V AconfigFlags: Read Aconfig default flag value android.app.enable_fgs_timeout_crash_behavior = true
1788779392.933 10316 24461 24482 V AconfigFlags: Read Aconfig default flag value android.app.enable_night_mode_binder_cache = true
1788779392.933 10316 24461 24482 V AconfigFlags: Read Aconfig default flag value android.app.enable_pip_ui_state_callback_on_entering = true
1788779392.933 10316 24461 24482 V AconfigFlags: Read Aconfig default flag value android.app.evenly_divided_call_style_action_layout = true
1788779392.933 10316 24461 24482 V AconfigFlags: Read Aconfig default flag value android.app.gate_fgs_timeout_anr_behavior = false
1788779392.934 10316 24461 24482 V AconfigFlags: Read Aconfig default flag value android.app.get_binding_uid_importance = true
1788779392.934 10316 24461 24482 V AconfigFlags: Read Aconfig default flag value android.app.introduce_new_service_ontimeout_callback = true
1788779392.934 10316 24461 24482 V AconfigFlags: Read Aconfig default flag value android.app.job.backup_jobs_exemption = false
1788779392.934 10316 24461 24482 V AconfigFlags: Read Aconfig default flag value android.app.job.enforce_minimum_time_windows = false
1788779392.934 10316 24461 24482 V AconfigFlags: Read Aconfig default flag value android.app.job.job_debug_info_apis = true
1788779392.934 10316 24461 24482 V AconfigFlags: Read Aconfig default flag value android.app.keyguard_private_notifications = true
1788779392.934 10316 24461 24482 V AconfigFlags: Read Aconfig default flag value android.app.lifetime_extension_refactor = false
1788779392.934 10316 24461 24482 V AconfigFlags: Read Aconfig default flag value android.app.modes_api = true
1788779392.934 10316 24461 24482 V AconfigFlags: Read Aconfig default flag value android.app.modes_ui = false
1788779392.934 10316 24461 24482 V AconfigFlags: Read Aconfig default flag value android.app.notification_channel_vibration_effect_api = true
1788779392.934 10316 24461 24482 V AconfigFlags: Read Aconfig default flag value android.app.notification_expansion_optional = false
1788779392.934 10316 24461 24482 V AconfigFlags: Read Aconfig default flag value android.app.notifications_use_app_icon = false
1788779392.934 10316 24461 24482 V AconfigFlags: Read Aconfig default flag value android.app.notifications_use_app_icon_in_row = false
1788779392.934 10316 24461 24482 V AconfigFlags: Read Aconfig default flag value android.app.notifications_use_monochrome_app_icon = false
1788779392.934 10316 24461 24482 V AconfigFlags: Read Aconfig default flag value android.app.ondeviceintelligence.flags.enable_on_device_intelligence = true
1788779392.934 10316 24461 24482 V AconfigFlags: Read Aconfig default flag value android.app.pinner_service_client_api = true
1788779392.934 10316 24461 24482 V AconfigFlags: Read Aconfig default flag value android.app.redact_sensitive_content_notifications_on_lockscreen = false
1788779392.934 10316 24461 24482 V AconfigFlags: Read Aconfig default flag value android.app.remove_remote_views = false
1788779392.934 10316 24461 24482 V AconfigFlags: Read Aconfig default flag value android.app.restrict_audio_attributes_alarm = false
1788779392.934 10316 24461 24482 V AconfigFlags: Read Aconfig default flag value android.app.restrict_audio_attributes_call = false
1788779392.934 10316 24461 24482 V AconfigFlags: Read Aconfig default flag value android.app.restrict_audio_attributes_media = false
1788779392.934 10316 24461 24482 V AconfigFlags: Read Aconfig default flag value android.app.secure_allowlist_token = true
1788779392.934 10316 24461 24482 V AconfigFlags: Read Aconfig default flag value android.app.skip_bg_mem_trim_on_fg_app = false
1788779392.934 10316 24461 24482 V AconfigFlags: Read Aconfig default flag value android.app.smartspace.flags.access_smartspace = true
1788779392.934 10316 24461 24482 V AconfigFlags: Read Aconfig default flag value android.app.smartspace.flags.remote_views = true
1788779392.934 10316 24461 24482 V AconfigFlags: Read Aconfig default flag value android.app.sort_section_by_time = false
1788779392.934 10316 24461 24482 V AconfigFlags: Read Aconfig default flag value android.app.system_terms_of_address_enabled = true
1788779392.934 10316 24461 24482 V AconfigFlags: Read Aconfig default flag value android.app.uid_importance_listener_for_uids = false
1788779392.934 10316 24461 24482 V AconfigFlags: Read Aconfig default flag value android.app.update_ranking_time = false
1788779392.934 10316 24461 24482 V AconfigFlags: Read Aconfig default flag value android.app.usage.disable_idle_check = false
1788779392.934 10316 24461 24482 V AconfigFlags: Read Aconfig default flag value android.app.usage.filter_based_event_query_api = true
1788779392.934 10316 24461 24482 V AconfigFlags: Read Aconfig default flag value android.app.usage.get_app_bytes_by_data_type_api = true
1788779392.934 10316 24461 24482 V AconfigFlags: Read Aconfig default flag value android.app.usage.report_usage_stats_permission = true
1788779392.934 10316 24461 24482 V AconfigFlags: Read Aconfig default flag value android.app.usage.use_dedicated_handler_thread = true
1788779392.934 10316 24461 24482 V AconfigFlags: Read Aconfig default flag value android.app.usage.use_parceled_list = true
1788779392.934 10316 24461 24482 V AconfigFlags: Read Aconfig default flag value android.app.usage.user_interaction_type_api = true
1788779392.934 10316 24461 24482 V AconfigFlags: Read Aconfig default flag value android.app.use_app_info_not_launched = false
1788779392.934 10316 24461 24482 V AconfigFlags: Read Aconfig default flag value android.app.visit_person_uri = false
1788779392.934 10316 24461 24482 V AconfigFlags: Read Aconfig default flag value android.app.wearable.enable_data_request_observer_api = true
1788779392.934 10316 24461 24482 V AconfigFlags: Read Aconfig default flag value android.app.wearable.enable_hotword_wearable_sensing_api = true
1788779392.934 10316 24461 24482 V AconfigFlags: Read Aconfig default flag value android.app.wearable.enable_provide_wearable_connection_api = true
1788779392.934 10316 24461 24482 V AconfigFlags: Read Aconfig default flag value android.app.wearable.enable_restart_wss_process = true
1788779392.934 10316 24461 24482 V AconfigFlags: Read Aconfig default flag value android.app.wearable.enable_unsupported_operation_status_code = true
1788779392.934 10316 24461 24482 V AconfigFlags: Read Aconfig default flag value android.appwidget.flags.draw_data_parcel = true
1788779392.934 10316 24461 24482 V AconfigFlags: Read Aconfig default flag value android.appwidget.flags.generated_previews = true
1788779392.934 10316 24461 24482 V AconfigFlags: Read Aconfig default flag value android.appwidget.flags.remote_adapter_conversion = false
1788779392.934 10316 24461 24482 V AconfigFlags: Read Aconfig default flag value android.appwidget.flags.remove_app_widget_service_io_from_critical_path = true
1788779392.934 10316 24461 24482 V AconfigFlags: Read Aconfig default flag value android.appwidget.flags.support_resume_restore_after_reboot = false
1788779392.934 10316 24461 24482 V AconfigFlags: Read Aconfig default flag value android.appwidget.flags.throttle_widget_updates = false
1788779392.935 10316 24461 24482 V AconfigFlags: Read Aconfig default flag value android.car.feature.android_vic_vehicle_properties = true
1788779392.935 10316 24461 24482 V AconfigFlags: Read Aconfig default flag value android.car.feature.area_id_config_access = true
1788779392.935 10316 24461 24482 V AconfigFlags: Read Aconfig default flag value android.car.feature.batched_subscriptions = true
1788779392.935 10316 24461 24482 V AconfigFlags: Read Aconfig default flag value android.car.feature.car_app_card = true
1788779392.935 10316 24461 24482 V AconfigFlags: Read Aconfig default flag value android.car.feature.car_audio_dynamic_devices = true
1788779392.935 10316 24461 24482 V AconfigFlags: Read Aconfig default flag value android.car.feature.car_audio_fade_manager_configuration = true
1788779392.935 10316 24461 24482 V AconfigFlags: Read Aconfig default flag value android.car.feature.car_audio_min_max_activation_volume = true
1788779392.935 10316 24461 24482 V AconfigFlags: Read Aconfig default flag value android.car.feature.car_audio_mute_ambiguity = true
1788779392.935 10316 24461 24482 V AconfigFlags: Read Aconfig default flag value android.car.feature.car_dump_to_proto = true
1788779392.935 10316 24461 24482 V AconfigFlags: Read Aconfig default flag value android.car.feature.car_evs_query_service_status = true
1788779392.935 10316 24461 24482 V AconfigFlags: Read Aconfig default flag value android.car.feature.car_evs_stream_management = true
1788779392.935 10316 24461 24482 V AconfigFlags: Read Aconfig default flag value android.car.feature.car_night_global_setting = true
1788779392.935 10316 24461 24482 V AconfigFlags: Read Aconfig default flag value android.car.feature.car_power_cancel_shell_command = false
1788779392.935 10316 24461 24482 V AconfigFlags: Read Aconfig default flag value android.car.feature.car_power_policy_refactoring = true
1788779392.935 10316 24461 24482 V AconfigFlags: Read Aconfig default flag value android.car.feature.car_property_detailed_error_codes = true
1788779392.935 10316 24461 24482 V AconfigFlags: Read Aconfig default flag value android.car.feature.car_property_value_property_status = true
1788779392.935 10316 24461 24482 V AconfigFlags: Read Aconfig default flag value android.car.feature.car_watchdog_memory_profiling = true
1788779392.935 10316 24461 24482 V AconfigFlags: Read Aconfig default flag value android.car.feature.cluster_health_monitoring = true
1788779392.935 10316 24461 24482 V AconfigFlags: Read Aconfig default flag value android.car.feature.display_compatibility = true
1788779392.935 10316 24461 24482 V AconfigFlags: Read Aconfig default flag value android.car.feature.per_display_max_brightness = true
1788779392.935 10316 24461 24482 V AconfigFlags: Read Aconfig default flag value android.car.feature.persist_ap_settings = true
1788779392.935 10316 24461 24482 V AconfigFlags: Read Aconfig default flag value android.car.feature.projection_query_bt_profile_inhibit = true
1788779392.935 10316 24461 24482 V AconfigFlags: Read Aconfig default flag value android.car.feature.serverless_remote_access = true
1788779392.935 10316 24461 24482 V AconfigFlags: Read Aconfig default flag value android.car.feature.stop_process_before_suspend_to_disk = false
1788779392.935 10316 24461 24482 V AconfigFlags: Read Aconfig default flag value android.car.feature.subscription_with_resolution = true
1788779392.935 10316 24461 24482 V AconfigFlags: Read Aconfig default flag value android.car.feature.switch_user_ignoring_uxr = true
1788779392.935 10316 24461 24482 V AconfigFlags: Read Aconfig default flag value android.car.feature.variable_update_rate = true
1788779392.935 10316 24461 24482 V AconfigFlags: Read Aconfig default flag value android.chre.flags.abort_if_no_context_hub_found = false
1788779392.935 10316 24461 24482 V AconfigFlags: Read Aconfig default flag value android.chre.flags.bug_fix_reduce_lock_holding_period = true
1788779392.935 10316 24461 24482 V AconfigFlags: Read Aconfig default flag value android.chre.flags.context_hub_callback_uuid_enabled = true
1788779392.935 10316 24461 24482 V AconfigFlags: Read Aconfig default flag value android.chre.flags.flag_log_nanoapp_load_metrics = true
1788779392.935 10316 24461 24482 V AconfigFlags: Read Aconfig default flag value android.chre.flags.metrics_reporter_in_the_daemon = true
1788779392.935 10316 24461 24482 V AconfigFlags: Read Aconfig default flag value android.chre.flags.reconnect_host_endpoints_after_hal_restart = false
1788779392.935 10316 24461 24482 V AconfigFlags: Read Aconfig default flag value android.chre.flags.reduce_lock_holding_period = false
1788779392.935 10316 24461 24482 V AconfigFlags: Read Aconfig default flag value android.chre.flags.reliable_message = true
1788779392.935 10316 24461 24482 V AconfigFlags: Read Aconfig default flag value android.chre.flags.reliable_message_duplicate_detection_service = false
1788779392.935 10316 24461 24482 V AconfigFlags: Read Aconfig default flag value android.chre.flags.reliable_message_implementation = true
1788779392.935 10316 24461 24482 V AconfigFlags: Read Aconfig default flag value android.chre.flags.reliable_message_retry_support_service = false
1788779392.935 10316 24461 24482 V AconfigFlags: Read Aconfig default flag value android.chre.flags.reliable_message_test_mode_behavior = false
1788779392.935 10316 24461 24482 V AconfigFlags: Read Aconfig default flag value android.chre.flags.remove_ap_wakeup_metric_report_limit = true
1788779392.935 10316 24461 24482 V AconfigFlags: Read Aconfig default flag value android.chre.flags.wait_for_preloaded_nanoapp_start = false
1788779392.935 10316 24461 24482 V AconfigFlags: Read Aconfig default flag value android.companion.association_tag = false
1788779392.935 10316 24461 24482 V AconfigFlags: Read Aconfig default flag value android.companion.companion_transport_apis = false
1788779392.936 10316 24461 24482 V AconfigFlags: Read Aconfig default flag value android.companion.device_presence = false
1788779392.936 10316 24461 24482 V AconfigFlags: Read Aconfig default flag value android.companion.new_association_builder = true
1788779392.936 10316 24461 24482 V AconfigFlags: Read Aconfig default flag value android.companion.ongoing_perm_sync = false
1788779392.936 10316 24461 24482 V AconfigFlags: Read Aconfig default flag value android.companion.perm_sync_user_consent = true
1788779392.936 10316 24461 24482 V AconfigFlags: Read Aconfig default flag value android.companion.unpair_associated_device = false
1788779392.936 10316 24461 24482 V AconfigFlags: Read Aconfig default flag value android.companion.virtual.flags.consistent_display_flags = true
1788779392.936 10316 24461 24482 V AconfigFlags: Read Aconfig default flag value android.companion.virtual.flags.cross_device_clipboard = true
1788779392.936 10316 24461 24482 V AconfigFlags: Read Aconfig default flag value android.companion.virtual.flags.dynamic_policy = true
1788779392.936 10316 24461 24482 V AconfigFlags: Read Aconfig default flag value android.companion.virtual.flags.enable_native_vdm = true
1788779392.936 10316 24461 24482 V AconfigFlags: Read Aconfig default flag value android.companion.virtual.flags.express_metrics = true
1788779392.936 10316 24461 24482 V AconfigFlags: Read Aconfig default flag value android.companion.virtual.flags.impulse_velocity_strategy_for_touch_navigation = true
1788779392.936 10316 24461 24482 V AconfigFlags: Read Aconfig default flag value android.companion.virtual.flags.interactive_screen_mirror = true
1788779392.936 10316 24461 24482 V AconfigFlags: Read Aconfig default flag value android.companion.virtual.flags.intercept_intents_before_applying_policy = true
1788779392.936 10316 24461 24482 V AconfigFlags: Read Aconfig default flag value android.companion.virtual.flags.persistent_device_id_api = true
1788779392.936 10316 24461 24482 V AconfigFlags: Read Aconfig default flag value android.companion.virtual.flags.stream_camera = false
1788779392.936 10316 24461 24482 V AconfigFlags: Read Aconfig default flag value android.companion.virtual.flags.stream_permissions = true
1788779392.936 10316 24461 24482 V AconfigFlags: Read Aconfig default flag value android.companion.virtual.flags.vdm_custom_home = true
1788779392.936 10316 24461 24482 V AconfigFlags: Read Aconfig default flag value android.companion.virtual.flags.vdm_custom_ime = true
1788779392.936 10316 24461 24482 V AconfigFlags: Read Aconfig default flag value android.companion.virtual.flags.vdm_public_apis = true
1788779392.936 10316 24461 24482 V AconfigFlags: Read Aconfig default flag value android.companion.virtual.flags.virtual_camera = true
1788779392.936 10316 24461 24482 V AconfigFlags: Read Aconfig default flag value android.companion.virtual.flags.virtual_stylus = true
1788779392.936 10316 24461 24482 V AconfigFlags: Read Aconfig default flag value android.companion.virtualdevice.flags.camera_device_awareness = true
1788779392.936 10316 24461 24482 V AconfigFlags: Read Aconfig default flag value android.companion.virtualdevice.flags.device_aware_drm = true
1788779392.936 10316 24461 24482 V AconfigFlags: Read Aconfig default flag value android.companion.virtualdevice.flags.device_aware_record_audio_permission = true
1788779392.936 10316 24461 24482 V AconfigFlags: Read Aconfig default flag value android.companion.virtualdevice.flags.intent_interception_action_matching_fix = true
1788779392.936 10316 24461 24482 V AconfigFlags: Read Aconfig default flag value android.companion.virtualdevice.flags.metrics_collection = true
1788779392.936 10316 24461 24482 V AconfigFlags: Read Aconfig default flag value android.companion.virtualdevice.flags.virtual_camera_service_discovery = true
1788779392.936 10316 24461 24482 V AconfigFlags: Read Aconfig default flag value android.companion.virtualdevice.flags.virtual_display_multi_window_mode_support = true
1788779392.936 10316 24461 24482 V AconfigFlags: Read Aconfig default flag value android.content.flags.enable_bind_package_isolated_process = true
1788779392.936 10316 24461 24482 V AconfigFlags: Read Aconfig default flag value android.content.pm.allow_sdk_sandbox_query_intent_activities = true
1788779392.936 10316 24461 24482 V AconfigFlags: Read Aconfig default flag value android.content.pm.archiving = true
1788779392.936 10316 24461 24482 V AconfigFlags: Read Aconfig default flag value android.content.pm.asl_in_apk_app_metadata_source = true
1788779392.936 10316 24461 24482 V AconfigFlags: Read Aconfig default flag value android.content.pm.component_state_changed_metrics = true
1788779392.936 10316 24461 24482 V AconfigFlags: Read Aconfig default flag value android.content.pm.disallow_sdk_libs_to_be_apps = false
1788779392.936 10316 24461 24482 V AconfigFlags: Read Aconfig default flag value android.content.pm.emergency_install_permission = true
1788779392.936 10316 24461 24482 V AconfigFlags: Read Aconfig default flag value android.content.pm.enable_rust_runtime = true
1788779392.936 10316 24461 24482 V AconfigFlags: Read Aconfig default flag value android.content.pm.encode_app_intent = true
1788779392.936 10316 24461 24482 V AconfigFlags: Read Aconfig default flag value android.content.pm.fix_duplicated_flags = true
1788779392.936 10316 24461 24482 V AconfigFlags: Read Aconfig default flag value android.content.pm.fix_system_apps_first_install_time = true
1788779392.936 10316 24461 24482 V AconfigFlags: Read Aconfig default flag value android.content.pm.force_multi_arch_native_libs_match = true
1788779392.936 10316 24461 24482 V AconfigFlags: Read Aconfig default flag value android.content.pm.get_package_info = true
1788779392.936 10316 24461 24482 V AconfigFlags: Read Aconfig default flag value android.content.pm.get_package_info_with_fd = false
1788779392.936 10316 24461 24482 V AconfigFlags: Read Aconfig default flag value android.content.pm.get_package_storage_stats = true
1788779392.936 10316 24461 24482 V AconfigFlags: Read Aconfig default flag value android.content.pm.get_resolved_apk_path = true
1788779392.936 10316 24461 24482 V AconfigFlags: Read Aconfig default flag value android.content.pm.improve_home_app_behavior = true
1788779392.936 10316 24461 24482 V AconfigFlags: Read Aconfig default flag value android.content.pm.improve_install_dont_kill = true
1788779392.936 10316 24461 24482 V AconfigFlags: Read Aconfig default flag value android.content.pm.improve_install_freeze = false
1788779392.936 10316 24461 24482 V AconfigFlags: Read Aconfig default flag value android.content.pm.introduce_media_processing_type = true
1788779392.936 10316 24461 24482 V AconfigFlags: Read Aconfig default flag value android.content.pm.lightweight_invisible_label_detection = true
1788779392.937 10316 24461 24482 V AconfigFlags: Read Aconfig default flag value android.content.pm.min_target_sdk_24 = true
1788779392.937 10316 24461 24482 V AconfigFlags: Read Aconfig default flag value android.content.pm.nullable_data_dir = true
1788779392.937 10316 24461 24482 V AconfigFlags: Read Aconfig default flag value android.content.pm.package_restart_query_disabled_by_default = false
1788779392.937 10316 24461 24482 V AconfigFlags: Read Aconfig default flag value android.content.pm.provide_info_of_apk_in_apex = true
1788779392.937 10316 24461 24482 V AconfigFlags: Read Aconfig default flag value android.content.pm.quarantined_enabled = false
1788779392.937 10316 24461 24482 V AconfigFlags: Read Aconfig default flag value android.content.pm.read_install_info = true
1788779392.937 10316 24461 24482 V AconfigFlags: Read Aconfig default flag value android.content.pm.recoverability_detection = true
1788779392.937 10316 24461 24482 V AconfigFlags: Read Aconfig default flag value android.content.pm.relative_reference_intent_filters = true
1788779392.937 10316 24461 24482 V AconfigFlags: Read Aconfig default flag value android.content.pm.restrict_nonpreloads_system_shareduids = true
1788779392.937 10316 24461 24482 V AconfigFlags: Read Aconfig default flag value android.content.pm.rollback_lifetime = true
1788779392.937 10316 24461 24482 V AconfigFlags: Read Aconfig default flag value android.content.pm.sdk_lib_independence = false
1788779392.937 10316 24461 24482 V AconfigFlags: Read Aconfig default flag value android.content.pm.set_pre_verified_domains = true
1788779392.937 10316 24461 24482 V AconfigFlags: Read Aconfig default flag value android.content.pm.stay_stopped = true
1788779392.937 10316 24461 24482 V AconfigFlags: Read Aconfig default flag value android.content.pm.use_art_service_v2 = true
1788779392.937 10316 24461 24482 V AconfigFlags: Read Aconfig default flag value android.content.pm.use_pia_v2 = false
1788779392.937 10316 24461 24482 V AconfigFlags: Read Aconfig default flag value android.content.pm.wait_application_killed = false
1788779392.937 10316 24461 24482 V AconfigFlags: Read Aconfig default flag value android.content.res.asset_file_descriptor_frro = true
1788779392.937 10316 24461 24482 V AconfigFlags: Read Aconfig default flag value android.content.res.default_locale = true
1788779392.937 10316 24461 24482 V AconfigFlags: Read Aconfig default flag value android.content.res.font_scale_converter_public = true
1788779392.937 10316 24461 24482 V AconfigFlags: Read Aconfig default flag value android.content.res.manifest_flagging = true
1788779392.937 10316 24461 24482 V AconfigFlags: Read Aconfig default flag value android.content.res.nine_patch_frro = true
1788779392.937 10316 24461 24482 V AconfigFlags: Read Aconfig default flag value android.content.res.register_resource_paths = false
1788779392.937 10316 24461 24482 V AconfigFlags: Read Aconfig default flag value android.crashrecovery.flags.allow_rescue_party_flag_resets = false
1788779392.937 10316 24461 24482 V AconfigFlags: Read Aconfig default flag value android.crashrecovery.flags.enable_crashrecovery = false
1788779392.937 10316 24461 24482 V AconfigFlags: Read Aconfig default flag value android.crashrecovery.flags.recoverability_detection = true
1788779392.937 10316 24461 24482 V AconfigFlags: Read Aconfig default flag value android.crashrecovery.flags.reenable_settings_resets = false
1788779392.937 10316 24461 24482 V AconfigFlags: Read Aconfig default flag value android.credentials.flags.clear_credentials_fix_enabled = true
1788779392.937 10316 24461 24482 V AconfigFlags: Read Aconfig default flag value android.credentials.flags.clear_session_enabled = true
1788779392.937 10316 24461 24482 V AconfigFlags: Read Aconfig default flag value android.credentials.flags.configurable_selector_ui_enabled = true
1788779392.937 10316 24461 24482 V AconfigFlags: Read Aconfig default flag value android.credentials.flags.credman_biometric_api_enabled = true
1788779392.937 10316 24461 24482 V AconfigFlags: Read Aconfig default flag value android.credentials.flags.hybrid_filter_opt_fix_enabled = true
1788779392.937 10316 24461 24482 V AconfigFlags: Read Aconfig default flag value android.credentials.flags.instant_apps_enabled = true
1788779392.937 10316 24461 24482 V AconfigFlags: Read Aconfig default flag value android.credentials.flags.new_framework_metrics = false
1788779392.937 10316 24461 24482 V AconfigFlags: Read Aconfig default flag value android.credentials.flags.new_settings_intents = true
1788779392.937 10316 24461 24482 V AconfigFlags: Read Aconfig default flag value android.credentials.flags.new_settings_ui = true
1788779392.937 10316 24461 24482 V AconfigFlags: Read Aconfig default flag value android.credentials.flags.selector_ui_improvements_enabled = true
1788779392.937 10316 24461 24482 V AconfigFlags: Read Aconfig default flag value android.credentials.flags.settings_activity_enabled = true
1788779392.937 10316 24461 24482 V AconfigFlags: Read Aconfig default flag value android.credentials.flags.wear_credential_manager_enabled = false
1788779392.937 10316 24461 24482 V AconfigFlags: Read Aconfig default flag value android.database.sqlite.oneway_finalizer_close_fixed = true
1788779392.937 10316 24461 24482 V AconfigFlags: Read Aconfig default flag value android.database.sqlite.simple_sql_comment_scanner = true
1788779392.937 10316 24461 24482 V AconfigFlags: Read Aconfig default flag value android.database.sqlite.sqlite_allow_temp_tables = true
1788779392.937 10316 24461 24482 V AconfigFlags: Read Aconfig default flag value android.database.sqlite.sqlite_apis_35 = true
1788779392.937 10316 24461 24482 V AconfigFlags: Read Aconfig default flag value android.hardware.biometrics.add_key_agreement_crypto_object = false
1788779392.937 10316 24461 24482 V AconfigFlags: Read Aconfig default flag value android.hardware.biometrics.custom_biometric_prompt = true
1788779392.937 10316 24461 24482 V AconfigFlags: Read Aconfig default flag value android.hardware.biometrics.get_op_id_crypto_object = true
1788779392.937 10316 24461 24482 V AconfigFlags: Read Aconfig default flag value android.hardware.biometrics.last_authentication_time = true
1788779392.937 10316 24461 24482 V AconfigFlags: Read Aconfig default flag value android.hardware.biometrics.mandatory_biometrics = false
1788779392.937 10316 24461 24482 V AconfigFlags: Read Aconfig default flag value android.hardware.devicestate.feature.flags.device_state_property_api = true
1788779392.937 10316 24461 24482 V AconfigFlags: Read Aconfig default flag value android.hardware.flags.overlayproperties_class_api = true
1788779392.937 10316 24461 24482 V AconfigFlags: Read Aconfig default flag value android.hardware.radio.hd_radio_improved = true
1788779392.937 10316 24461 24482 V AconfigFlags: Read Aconfig default flag value android.hardware.usb.flags.enable_input_power_limited_warning = true
1788779392.938 10316 24461 24482 V AconfigFlags: Read Aconfig default flag value android.hardware.usb.flags.enable_interface_name_device_filter = false
1788779392.938 10316 24461 24482 V AconfigFlags: Read Aconfig default flag value android.hardware.usb.flags.enable_is_mode_change_supported_api = true
1788779392.938 10316 24461 24482 V AconfigFlags: Read Aconfig default flag value android.hardware.usb.flags.enable_is_pd_compliant_api = true
1788779392.938 10316 24461 24482 V AconfigFlags: Read Aconfig default flag value android.hardware.usb.flags.enable_report_usb_data_compliance_warning = true
1788779392.938 10316 24461 24482 V AconfigFlags: Read Aconfig default flag value android.hardware.usb.flags.enable_usb_data_compliance_warning = true
1788779392.938 10316 24461 24482 V AconfigFlags: Read Aconfig default flag value android.hardware.usb.flags.enable_usb_data_signal_staking = true
1788779392.938 10316 24461 24482 V AconfigFlags: Read Aconfig default flag value android.hardware.usb.flags.enable_usb_sysfs_midi_identification = false
1788779392.938 10316 24461 24482 V AconfigFlags: Read Aconfig default flag value android.location.flags.enable_location_bypass = false
1788779392.938 10316 24461 24482 V AconfigFlags: Read Aconfig default flag value android.location.flags.fix_service_watcher = true
1788779392.938 10316 24461 24482 V AconfigFlags: Read Aconfig default flag value android.location.flags.geoid_heights_via_altitude_hal = true
1788779392.938 10316 24461 24482 V AconfigFlags: Read Aconfig default flag value android.location.flags.gnss_api_measurement_request_work_source = true
1788779392.938 10316 24461 24482 V AconfigFlags: Read Aconfig default flag value android.location.flags.gnss_api_navic_l1 = true
1788779392.938 10316 24461 24482 V AconfigFlags: Read Aconfig default flag value android.location.flags.gnss_call_stop_before_set_position_mode = false
1788779392.938 10316 24461 24482 V AconfigFlags: Read Aconfig default flag value android.location.flags.gnss_configuration_from_resource = true
1788779392.938 10316 24461 24482 V AconfigFlags: Read Aconfig default flag value android.location.flags.location_bypass = true
1788779392.938 10316 24461 24482 V AconfigFlags: Read Aconfig default flag value android.location.flags.location_validation = true
1788779392.938 10316 24461 24482 V AconfigFlags: Read Aconfig default flag value android.location.flags.new_geocoder = true
1788779392.938 10316 24461 24482 V AconfigFlags: Read Aconfig default flag value android.location.flags.release_supl_connection_on_timeout = true
1788779392.938 10316 24461 24482 V AconfigFlags: Read Aconfig default flag value android.location.flags.replace_future_elapsed_realtime_jni = true
1788779392.938 10316 24461 24482 V AconfigFlags: Read Aconfig default flag value android.location.flags.subscriptions_changed_listener_thread = false
1788779392.938 10316 24461 24482 V AconfigFlags: Read Aconfig default flag value android.location.flags.update_is_in_emergency_before_on_register = true
1788779392.938 10316 24461 24482 V AconfigFlags: Read Aconfig default flag value android.media.audio.auto_public_volume_api_hardening = false
1788779392.938 10316 24461 24482 V AconfigFlags: Read Aconfig default flag value android.media.audio.automatic_bt_device_type = true
1788779392.938 10316 24461 24482 V AconfigFlags: Read Aconfig default flag value android.media.audio.feature_spatial_audio_headtracking_low_latency = false
1788779392.938 10316 24461 24482 V AconfigFlags: Read Aconfig default flag value android.media.audio.focus_exclusive_with_recording = true
1788779392.938 10316 24461 24482 V AconfigFlags: Read Aconfig default flag value android.media.audio.focus_freeze_test_api = true
1788779392.938 10316 24461 24482 V AconfigFlags: Read Aconfig default flag value android.media.audio.foreground_audio_control = false
1788779392.938 10316 24461 24482 V AconfigFlags: Read Aconfig default flag value android.media.audio.loudness_configurator_api = true
1788779392.938 10316 24461 24482 V AconfigFlags: Read Aconfig default flag value android.media.audio.mtk_audio_manager_api = false
1788779392.938 10316 24461 24482 V AconfigFlags: Read Aconfig default flag value android.media.audio.mute_background_audio = false
1788779392.938 10316 24461 24482 V AconfigFlags: Read Aconfig default flag value android.media.audio.ro_foreground_audio_control = true
1788779392.938 10316 24461 24482 V AconfigFlags: Read Aconfig default flag value android.media.audio.ro_volume_ringer_api_hardening = false
1788779392.938 10316 24461 24482 V AconfigFlags: Read Aconfig default flag value android.media.audio.sco_managed_by_audio = false
1788779392.938 10316 24461 24482 V AconfigFlags: Read Aconfig default flag value android.media.audio.supported_device_types_api = true
1788779392.938 10316 24461 24482 V AconfigFlags: Read Aconfig default flag value android.media.audio.volume_ringer_api_hardening = false
1788779392.938 10316 24461 24482 V AconfigFlags: Read Aconfig default flag value android.media.audiopolicy.audio_mix_ownership = true
1788779392.938 10316 24461 24482 V AconfigFlags: Read Aconfig default flag value android.media.audiopolicy.audio_mix_policy_ordering = false
1788779392.938 10316 24461 24482 V AconfigFlags: Read Aconfig default flag value android.media.audiopolicy.audio_mix_test_api = true
1788779392.938 10316 24461 24482 V AconfigFlags: Read Aconfig default flag value android.media.audiopolicy.audio_policy_update_mixing_rules_api = true
1788779392.938 10316 24461 24482 V AconfigFlags: Read Aconfig default flag value android.media.audiopolicy.enable_fade_manager_configuration = true
1788779392.938 10316 24461 24482 V AconfigFlags: Read Aconfig default flag value android.media.audiopolicy.multi_zone_audio = false
1788779392.938 10316 24461 24482 V AconfigFlags: Read Aconfig default flag value android.media.audiopolicy.record_audio_device_aware_permission = true
1788779392.938 10316 24461 24482 V AconfigFlags: Read Aconfig default flag value android.media.codec.aidl_hal_input_surface = false
1788779392.938 10316 24461 24482 V AconfigFlags: Read Aconfig default flag value android.media.codec.dynamic_color_aspects = true
1788779392.938 10316 24461 24482 V AconfigFlags: Read Aconfig default flag value android.media.codec.hlg_editing = true
1788779392.938 10316 24461 24482 V AconfigFlags: Read Aconfig default flag value android.media.codec.in_process_sw_audio_codec = false
1788779392.938 10316 24461 24482 V AconfigFlags: Read Aconfig default flag value android.media.codec.in_process_sw_audio_codec_support = false
1788779392.938 10316 24461 24482 V AconfigFlags: Read Aconfig default flag value android.media.codec.input_surface_throttle = true
1788779392.938 10316 24461 24482 V AconfigFlags: Read Aconfig default flag value android.media.codec.large_audio_frame_finish = true
1788779392.939 10316 24461 24482 V AconfigFlags: Read Aconfig default flag value android.media.codec.native_capabilites = false
1788779392.939 10316 24461 24482 V AconfigFlags: Read Aconfig default flag value android.media.codec.null_output_surface = true
1788779392.939 10316 24461 24482 V AconfigFlags: Read Aconfig default flag value android.media.codec.null_output_surface_support = true
1788779392.939 10316 24461 24482 V AconfigFlags: Read Aconfig default flag value android.media.codec.region_of_interest = true
1788779392.939 10316 24461 24482 V AconfigFlags: Read Aconfig default flag value android.media.codec.region_of_interest_support = true
1788779392.939 10316 24461 24482 V AconfigFlags: Read Aconfig default flag value android.media.codec.set_callback_stall = false
1788779392.939 10316 24461 24482 V AconfigFlags: Read Aconfig default flag value android.media.codec.set_state_early = true
1788779392.939 10316 24461 24482 V AconfigFlags: Read Aconfig default flag value android.media.codec.stop_hal_before_surface = true
1788779392.939 10316 24461 24482 V AconfigFlags: Read Aconfig default flag value android.media.codec.teamfood = false
1788779392.939 10316 24461 24482 V AconfigFlags: Read Aconfig default flag value android.media.midi.virtual_ump = true
1788779392.939 10316 24461 24482 V AconfigFlags: Read Aconfig default flag value android.media.soundtrigger.sound_trigger_generic_model_api = false
1788779392.939 10316 24461 24482 V AconfigFlags: Read Aconfig default flag value android.media.tv.flags.broadcast_visibility_types = false
1788779392.939 10316 24461 24482 V AconfigFlags: Read Aconfig default flag value android.media.tv.flags.enable_ad_service_fw = false
1788779392.939 10316 24461 24482 V AconfigFlags: Read Aconfig default flag value android.media.tv.flags.tiaf_v_apis = false
1788779392.939 10316 24461 24482 V AconfigFlags: Read Aconfig default flag value android.multiuser.add_ui_for_sounds_from_background_users = false
1788779392.939 10316 24461 24482 V AconfigFlags: Read Aconfig default flag value android.multiuser.allow_main_user_to_access_blocked_number_provider = false
1788779392.939 10316 24461 24482 V AconfigFlags: Read Aconfig default flag value android.multiuser.allow_resolver_sheet_for_private_space = true
1788779392.939 10316 24461 24482 V AconfigFlags: Read Aconfig default flag value android.multiuser.avatar_sync = true
1788779392.939 10316 24461 24482 V AconfigFlags: Read Aconfig default flag value android.multiuser.bind_wallpaper_service_on_its_own_thread_during_a_user_switch = true
1788779392.939 10316 24461 24482 V AconfigFlags: Read Aconfig default flag value android.multiuser.block_private_space_creation = true
1788779392.939 10316 24461 24482 V AconfigFlags: Read Aconfig default flag value android.multiuser.delete_private_space_from_reset = true
1788779392.939 10316 24461 24482 V AconfigFlags: Read Aconfig default flag value android.multiuser.disable_private_space_items_on_home = true
1788779392.939 10316 24461 24482 V AconfigFlags: Read Aconfig default flag value android.multiuser.enable_biometrics_to_unlock_private_space = true
1788779392.939 10316 24461 24482 V AconfigFlags: Read Aconfig default flag value android.multiuser.enable_hiding_profiles = true
1788779392.939 10316 24461 24482 V AconfigFlags: Read Aconfig default flag value android.multiuser.enable_launcher_apps_hidden_profile_checks = true
1788779392.939 10316 24461 24482 V AconfigFlags: Read Aconfig default flag value android.multiuser.enable_permission_to_access_hidden_profiles = true
1788779392.939 10316 24461 24482 V AconfigFlags: Read Aconfig default flag value android.multiuser.enable_private_space_autolock_on_restarts = true
1788779392.939 10316 24461 24482 V AconfigFlags: Read Aconfig default flag value android.multiuser.enable_private_space_features = true
1788779392.939 10316 24461 24482 V AconfigFlags: Read Aconfig default flag value android.multiuser.enable_private_space_intent_redirection = true
1788779392.939 10316 24461 24482 V AconfigFlags: Read Aconfig default flag value android.multiuser.enable_ps_sensitive_notifications_toggle = true
1788779392.939 10316 24461 24482 V AconfigFlags: Read Aconfig default flag value android.multiuser.enable_system_user_only_for_services_and_providers = true
1788779392.939 10316 24461 24482 V AconfigFlags: Read Aconfig default flag value android.multiuser.fix_avatar_concurrent_file_write = false
1788779392.939 10316 24461 24482 V AconfigFlags: Read Aconfig default flag value android.multiuser.fix_avatar_picker_read_back_order = true
1788779392.939 10316 24461 24482 V AconfigFlags: Read Aconfig default flag value android.multiuser.fix_avatar_picker_selected_read_back = true
1788779392.939 10316 24461 24482 V AconfigFlags: Read Aconfig default flag value android.multiuser.handle_interleaved_settings_for_private_space = true
1788779392.939 10316 24461 24482 V AconfigFlags: Read Aconfig default flag value android.multiuser.move_quiet_mode_operations_to_separate_thread = true
1788779392.939 10316 24461 24482 V AconfigFlags: Read Aconfig default flag value android.multiuser.new_multiuser_settings_ux = false
1788779392.939 10316 24461 24482 V AconfigFlags: Read Aconfig default flag value android.multiuser.reorder_wallpaper_during_user_switch = true
1788779392.939 10316 24461 24482 V AconfigFlags: Read Aconfig default flag value android.multiuser.restrict_quiet_mode_credential_bug_fix_to_managed_profiles = true
1788779392.939 10316 24461 24482 V AconfigFlags: Read Aconfig default flag value android.multiuser.save_global_and_guest_restrictions_on_system_user_xml = false
1788779392.939 10316 24461 24482 V AconfigFlags: Read Aconfig default flag value android.multiuser.save_global_and_guest_restrictions_on_system_user_xml_read_only = false
1788779392.939 10316 24461 24482 V AconfigFlags: Read Aconfig default flag value android.multiuser.schedule_stop_of_background_user = false
1788779392.939 10316 24461 24482 V AconfigFlags: Read Aconfig default flag value android.multiuser.set_power_mode_during_user_switch = true
1788779392.939 10316 24461 24482 V AconfigFlags: Read Aconfig default flag value android.multiuser.show_set_screen_lock_dialog = true
1788779392.939 10316 24461 24482 V AconfigFlags: Read Aconfig default flag value android.multiuser.start_user_before_scheduled_alarms = false
1788779392.939 10316 24461 24482 V AconfigFlags: Read Aconfig default flag value android.multiuser.support_autolock_for_private_space = true
1788779392.939 10316 24461 24482 V AconfigFlags: Read Aconfig default flag value android.multiuser.support_communal_profile = false
1788779392.939 10316 24461 24482 V AconfigFlags: Read Aconfig default flag value android.multiuser.support_communal_profile_nextgen = false
1788779392.939 10316 24461 24482 V AconfigFlags: Read Aconfig default flag value android.multiuser.use_all_cpus_during_user_switch = true
1788779392.939 10316 24461 24482 V AconfigFlags: Read Aconfig default flag value android.multiuser.use_private_space_icon_in_biometric_prompt = true
1788779392.939 10316 24461 24482 V AconfigFlags: Read Aconfig default flag value android.net.platform.flags.ipsec_transform_state = false
1788779392.939 10316 24461 24482 V AconfigFlags: Read Aconfig default flag value android.net.platform.flags.powered_off_finding_platform = true
1788779392.940 10316 24461 24482 V AconfigFlags: Read Aconfig default flag value android.net.platform.flags.register_nsd_offload_engine = false
1788779392.940 10316 24461 24482 V AconfigFlags: Read Aconfig default flag value android.net.vcn.allow_disable_ipsec_loss_detector = true
1788779392.940 10316 24461 24482 V AconfigFlags: Read Aconfig default flag value android.net.vcn.enforce_main_user = true
1788779392.940 10316 24461 24482 V AconfigFlags: Read Aconfig default flag value android.net.vcn.evaluate_ipsec_loss_on_lp_nc_change = true
1788779392.940 10316 24461 24482 V AconfigFlags: Read Aconfig default flag value android.net.vcn.handle_seq_num_leap = true
1788779392.940 10316 24461 24482 V AconfigFlags: Read Aconfig default flag value android.net.vcn.network_metric_monitor = true
1788779392.940 10316 24461 24482 V AconfigFlags: Read Aconfig default flag value android.net.vcn.safe_mode_config = true
1788779392.940 10316 24461 24482 V AconfigFlags: Read Aconfig default flag value android.net.vcn.safe_mode_timeout_config = true
1788779392.940 10316 24461 24482 V AconfigFlags: Read Aconfig default flag value android.net.vcn.validate_network_on_ipsec_loss = true
1788779392.940 10316 24461 24482 V AconfigFlags: Read Aconfig default flag value android.net.wifi.flags.get_device_cross_akm_roaming_support = true
1788779392.940 10316 24461 24482 V AconfigFlags: Read Aconfig default flag value android.net.wifi.flags.network_provider_battery_charging_status = true
1788779392.940 10316 24461 24482 V AconfigFlags: Read Aconfig default flag value android.nfc.enable_nfc_beam = false
1788779392.940 10316 24461 24482 V AconfigFlags: Read Aconfig default flag value android.nfc.enable_nfc_charging = false
1788779392.940 10316 24461 24482 V AconfigFlags: Read Aconfig default flag value android.nfc.enable_nfc_mainline = true
1788779392.940 10316 24461 24482 V AconfigFlags: Read Aconfig default flag value android.nfc.enable_nfc_reader_option = true
1788779392.940 10316 24461 24482 V AconfigFlags: Read Aconfig default flag value android.nfc.enable_nfc_set_discovery_tech = true
1788779392.940 10316 24461 24482 V AconfigFlags: Read Aconfig default flag value android.nfc.enable_nfc_user_restriction = true
1788779392.940 10316 24461 24482 V AconfigFlags: Read Aconfig default flag value android.nfc.enable_tag_detection_broadcasts = false
1788779392.940 10316 24461 24482 V AconfigFlags: Read Aconfig default flag value android.nfc.nfc_observe_mode = true
1788779392.940 10316 24461 24482 V AconfigFlags: Read Aconfig default flag value android.nfc.nfc_observe_mode_st_shim = true
1788779392.940 10316 24461 24482 V AconfigFlags: Read Aconfig default flag value android.nfc.nfc_oem_extension = false
1788779392.940 10316 24461 24482 V AconfigFlags: Read Aconfig default flag value android.nfc.nfc_read_polling_loop = true
1788779392.940 10316 24461 24482 V AconfigFlags: Read Aconfig default flag value android.nfc.nfc_read_polling_loop_st_shim = true
1788779392.940 10316 24461 24482 V AconfigFlags: Read Aconfig default flag value android.nfc.nfc_set_default_disc_tech = false
1788779392.940 10316 24461 24482 V AconfigFlags: Read Aconfig default flag value android.nfc.nfc_state_change = false
1788779392.940 10316 24461 24482 V AconfigFlags: Read Aconfig default flag value android.nfc.nfc_vendor_cmd = true
1788779392.940 10316 24461 24482 V AconfigFlags: Read Aconfig default flag value android.os.adpf_fmq_eager_send = false
1788779392.940 10316 24461 24482 V AconfigFlags: Read Aconfig default flag value android.os.adpf_gpu_report_actual_work_duration = true
1788779392.940 10316 24461 24482 V AconfigFlags: Read Aconfig default flag value android.os.adpf_hwui_gpu = false
1788779392.940 10316 24461 24482 V AconfigFlags: Read Aconfig default flag value android.os.adpf_measure_during_input_event_boost = false
1788779392.940 10316 24461 24482 V AconfigFlags: Read Aconfig default flag value android.os.adpf_obtainview_boost = false
1788779392.940 10316 24461 24482 V AconfigFlags: Read Aconfig default flag value android.os.adpf_platform_power_efficiency = false
1788779392.940 10316 24461 24482 V AconfigFlags: Read Aconfig default flag value android.os.adpf_prefer_power_efficiency = true
1788779392.940 10316 24461 24482 V AconfigFlags: Read Aconfig default flag value android.os.adpf_use_fmq_channel = true
1788779392.940 10316 24461 24482 V AconfigFlags: Read Aconfig default flag value android.os.adpf_use_fmq_channel_fixed = false
1788779392.940 10316 24461 24482 V AconfigFlags: Read Aconfig default flag value android.os.allow_private_profile = true
1788779392.940 10316 24461 24482 V AconfigFlags: Read Aconfig default flag value android.os.allow_thermal_headroom_thresholds = true
1788779392.940 10316 24461 24482 V AconfigFlags: Read Aconfig default flag value android.os.android_os_build_vanilla_ice_cream = false
1788779392.940 10316 24461 24482 V AconfigFlags: Read Aconfig default flag value android.os.battery_part_status_api = true
1788779392.940 10316 24461 24482 V AconfigFlags: Read Aconfig default flag value android.os.battery_saver_supported_check_api = false
1788779392.940 10316 24461 24482 V AconfigFlags: Read Aconfig default flag value android.os.battery_service_support_current_adb_command = false
1788779392.940 10316 24461 24482 V AconfigFlags: Read Aconfig default flag value android.os.bugreport_mode_max_value = true
1788779392.940 10316 24461 24482 V AconfigFlags: Read Aconfig default flag value android.os.disallow_cellular_null_ciphers_restriction = false
1788779392.940 10316 24461 24482 V AconfigFlags: Read Aconfig default flag value android.os.message_queue_tail_tracking = true
1788779392.940 10316 24461 24482 V AconfigFlags: Read Aconfig default flag value android.os.microsoft.flags.ltw_enabled = true
1788779392.940 10316 24461 24482 V AconfigFlags: Read Aconfig default flag value android.os.ordered_broadcast_multiple_permissions = false
1788779392.940 10316 24461 24482 V AconfigFlags: Read Aconfig default flag value android.os.perfetto_sdk_tracing = false
1788779392.940 10316 24461 24482 V AconfigFlags: Read Aconfig default flag value android.os.remove_app_profiler_pss_collection = true
1788779392.940 10316 24461 24482 V AconfigFlags: Read Aconfig default flag value android.os.security_state_service = true
1788779392.940 10316 24461 24482 V AconfigFlags: Read Aconfig default flag value android.os.state_of_health_public = false
1788779392.941 10316 24461 24482 V AconfigFlags: Read Aconfig default flag value android.os.storage_lifetime_api = true
1788779392.941 10316 24461 24482 V AconfigFlags: Read Aconfig default flag value android.os.strict_mode_restricted_network = false
1788779392.941 10316 24461 24482 V AconfigFlags: Read Aconfig default flag value android.os.telemetry_apis_framework_initialization = true
1788779392.941 10316 24461 24482 V AconfigFlags: Read Aconfig default flag value android.os.vibrator.adaptive_haptics_enabled = true
1788779392.941 10316 24461 24482 V AconfigFlags: Read Aconfig default flag value android.os.vibrator.haptic_feedback_vibration_oem_customization_enabled = true
1788779392.941 10316 24461 24482 V AconfigFlags: Read Aconfig default flag value android.os.vibrator.keyboard_category_enabled = true
1788779392.941 10316 24461 24482 V AconfigFlags: Read Aconfig default flag value android.os.vibrator.use_vibrator_haptic_feedback = false
1788779392.941 10316 24461 24482 V AconfigFlags: Read Aconfig default flag value android.permission.flags.apex_signature_permission_allowlist_enabled = true
1788779392.941 10316 24461 24482 V AconfigFlags: Read Aconfig default flag value android.permission.flags.device_aware_app_op_new_schema_enabled = false
1788779392.941 10316 24461 24482 V AconfigFlags: Read Aconfig default flag value android.permission.flags.device_aware_permission_apis_enabled = true
1788779392.941 10316 24461 24482 V AconfigFlags: Read Aconfig default flag value android.permission.flags.device_aware_permissions_enabled = true
1788779392.941 10316 24461 24482 V AconfigFlags: Read Aconfig default flag value android.permission.flags.device_id_in_op_proxy_info_enabled = false
1788779392.941 10316 24461 24482 V AconfigFlags: Read Aconfig default flag value android.permission.flags.enhanced_confirmation_mode_apis_enabled = true
1788779392.941 10316 24461 24482 V AconfigFlags: Read Aconfig default flag value android.permission.flags.factory_reset_prep_permission_apis = true
1788779392.941 10316 24461 24482 V AconfigFlags: Read Aconfig default flag value android.permission.flags.finish_running_ops_for_killed_packages = true
1788779392.941 10316 24461 24482 V AconfigFlags: Read Aconfig default flag value android.permission.flags.get_emergency_role_holder_api_enabled = true
1788779392.941 10316 24461 24482 V AconfigFlags: Read Aconfig default flag value android.permission.flags.ignore_process_text = false
1788779392.941 10316 24461 24482 V AconfigFlags: Read Aconfig default flag value android.permission.flags.op_enable_mobile_data_by_user = true
1788779392.941 10316 24461 24482 V AconfigFlags: Read Aconfig default flag value android.permission.flags.retail_demo_role_enabled = true
1788779392.941 10316 24461 24482 V AconfigFlags: Read Aconfig default flag value android.permission.flags.runtime_permission_appops_mapping_enabled = true
1788779392.941 10316 24461 24482 V AconfigFlags: Read Aconfig default flag value android.permission.flags.sensitive_content_improvements = true
1788779392.941 10316 24461 24482 V AconfigFlags: Read Aconfig default flag value android.permission.flags.sensitive_content_metrics_bugfix = true
1788779392.941 10316 24461 24482 V AconfigFlags: Read Aconfig default flag value android.permission.flags.sensitive_content_recents_screenshot_bugfix = true
1788779392.941 10316 24461 24482 V AconfigFlags: Read Aconfig default flag value android.permission.flags.sensitive_notification_app_protection = true
1788779392.941 10316 24461 24482 V AconfigFlags: Read Aconfig default flag value android.permission.flags.server_side_attribution_registration = true
1788779392.941 10316 24461 24482 V AconfigFlags: Read Aconfig default flag value android.permission.flags.set_next_attribution_source = false
1788779392.941 10316 24461 24482 V AconfigFlags: Read Aconfig default flag value android.permission.flags.should_register_attribution_source = true
1788779392.941 10316 24461 24482 V AconfigFlags: Read Aconfig default flag value android.permission.flags.signature_permission_allowlist_enabled = true
1788779392.941 10316 24461 24482 V AconfigFlags: Read Aconfig default flag value android.permission.flags.system_server_role_controller_enabled = true
1788779392.941 10316 24461 24482 V AconfigFlags: Read Aconfig default flag value android.permission.flags.voice_activation_permission_apis = false
1788779392.941 10316 24461 24482 V AconfigFlags: Read Aconfig default flag value android.permission.flags.wallet_role_enabled = true
1788779392.941 10316 24461 24482 V AconfigFlags: Read Aconfig default flag value android.provider.a11y_standalone_gesture_enabled = false
1788779392.941 10316 24461 24482 V AconfigFlags: Read Aconfig default flag value android.provider.backup_tasks_settings_screen = false
1788779392.941 10316 24461 24482 V AconfigFlags: Read Aconfig default flag value android.provider.system_settings_default = true
1788779392.941 10316 24461 24482 V AconfigFlags: Read Aconfig default flag value android.provider.user_keys = true
1788779392.941 10316 24461 24482 V AconfigFlags: Read Aconfig default flag value android.security.asm_opt_system_into_enforcement = false
1788779392.941 10316 24461 24482 V AconfigFlags: Read Aconfig default flag value android.security.asm_restrictions_enabled = true
1788779392.941 10316 24461 24482 V AconfigFlags: Read Aconfig default flag value android.security.asm_toasts_enabled = false
1788779392.941 10316 24461 24482 V AconfigFlags: Read Aconfig default flag value android.security.binary_transparency_sepolicy_hash = true
1788779392.941 10316 24461 24482 V AconfigFlags: Read Aconfig default flag value android.security.block_null_action_intents = false
1788779392.941 10316 24461 24482 V AconfigFlags: Read Aconfig default flag value android.security.certificate_transparency_configuration = false
1788779392.941 10316 24461 24482 V AconfigFlags: Read Aconfig default flag value android.security.content_uri_permission_apis = true
1788779392.941 10316 24461 24482 V AconfigFlags: Read Aconfig default flag value android.security.deprecate_fsv_sig = true
1788779392.941 10316 24461 24482 V AconfigFlags: Read Aconfig default flag value android.security.dump_attestation_verifications = true
1788779392.941 10316 24461 24482 V AconfigFlags: Read Aconfig default flag value android.security.enforce_intent_filter_match = true
1788779392.941 10316 24461 24482 V AconfigFlags: Read Aconfig default flag value android.security.extend_ecm_to_all_settings = true
1788779392.941 10316 24461 24482 V AconfigFlags: Read Aconfig default flag value android.security.extend_vb_chain_to_updated_apk = true
1788779392.941 10316 24461 24482 V AconfigFlags: Read Aconfig default flag value android.security.fix_unlocked_device_required_keys_v2 = true
1788779392.942 10316 24461 24482 V AconfigFlags: Read Aconfig default flag value android.security.flag.deprecate_fsverity_init = true
1788779392.942 10316 24461 24482 V AconfigFlags: Read Aconfig default flag value android.security.frp_enforcement = true
1788779392.942 10316 24461 24482 V AconfigFlags: Read Aconfig default flag value android.security.fsverity_api = true
1788779392.942 10316 24461 24482 V AconfigFlags: Read Aconfig default flag value android.security.keyinfo_unlocked_device_required = false
1788779392.942 10316 24461 24482 V AconfigFlags: Read Aconfig default flag value android.security.keystore2.database_loop_timeout = false
1788779392.942 10316 24461 24482 V AconfigFlags: Read Aconfig default flag value android.security.keystore2.disable_legacy_keystore_put_v2 = false
1788779392.942 10316 24461 24482 V AconfigFlags: Read Aconfig default flag value android.security.keystore2.import_previously_emulated_keys = false
1788779392.942 10316 24461 24482 V AconfigFlags: Read Aconfig default flag value android.security.keystore2.wal_db_journalmode_v3 = false
1788779392.942 10316 24461 24482 V AconfigFlags: Read Aconfig default flag value android.security.mgf1_digest_setter_v2 = true
1788779392.942 10316 24461 24482 V AconfigFlags: Read Aconfig default flag value android.security.report_primary_auth_attempts = true
1788779392.942 10316 24461 24482 V AconfigFlags: Read Aconfig default flag value android.security.significant_places = false
1788779392.942 10316 24461 24482 V AconfigFlags: Read Aconfig default flag value android.security.unlocked_storage_api = false
1788779392.942 10316 24461 24482 V AconfigFlags: Read Aconfig default flag value android.server.app.disable_game_mode_when_app_top = true
1788779392.942 10316 24461 24482 V AconfigFlags: Read Aconfig default flag value android.server.app.game_default_frame_rate = true
1788779392.942 10316 24461 24482 V AconfigFlags: Read Aconfig default flag value android.server.remove_text_service = false
1788779392.942 10316 24461 24482 V AconfigFlags: Read Aconfig default flag value android.server.telemetry_apis_service = true
1788779392.942 10316 24461 24482 V AconfigFlags: Read Aconfig default flag value android.service.appprediction.flags.service_features_api = false
1788779392.942 10316 24461 24482 V AconfigFlags: Read Aconfig default flag value android.service.autofill.add_last_focused_id_to_client_state = false
1788779392.942 10316 24461 24482 V AconfigFlags: Read Aconfig default flag value android.service.autofill.add_session_id_to_client_state = false
1788779392.942 10316 24461 24482 V AconfigFlags: Read Aconfig default flag value android.service.autofill.autofill_credman_dev_integration = true
1788779392.942 10316 24461 24482 V AconfigFlags: Read Aconfig default flag value android.service.autofill.autofill_credman_integration = true
1788779392.942 10316 24461 24482 V AconfigFlags: Read Aconfig default flag value android.service.autofill.autofill_credman_integration_phase2 = false
1788779392.942 10316 24461 24482 V AconfigFlags: Read Aconfig default flag value android.service.autofill.fill_fields_from_current_session_only = false
1788779392.942 10316 24461 24482 V AconfigFlags: Read Aconfig default flag value android.service.autofill.include_invisible_view_group_in_assist_structure = false
1788779392.942 10316 24461 24482 V AconfigFlags: Read Aconfig default flag value android.service.autofill.relayout = false
1788779392.942 10316 24461 24482 V AconfigFlags: Read Aconfig default flag value android.service.autofill.remote_fill_service_use_weak_reference = true
1788779392.942 10316 24461 24482 V AconfigFlags: Read Aconfig default flag value android.service.autofill.test = false
1788779392.942 10316 24461 24482 V AconfigFlags: Read Aconfig default flag value android.service.chooser.chooser_album_text = true
1788779392.942 10316 24461 24482 V AconfigFlags: Read Aconfig default flag value android.service.chooser.chooser_payload_toggling = true
1788779392.942 10316 24461 24482 V AconfigFlags: Read Aconfig default flag value android.service.chooser.enable_chooser_result = true
1788779392.942 10316 24461 24482 V AconfigFlags: Read Aconfig default flag value android.service.chooser.enable_sharesheet_metadata_extra = true
1788779392.942 10316 24461 24482 V AconfigFlags: Read Aconfig default flag value android.service.chooser.fix_resolver_memory_leak = true
1788779392.942 10316 24461 24482 V AconfigFlags: Read Aconfig default flag value android.service.controls.flags.home_panel_dream = true
1788779392.942 10316 24461 24482 V AconfigFlags: Read Aconfig default flag value android.service.dreams.dismiss_dream_on_keyguard_dismiss = true
1788779392.942 10316 24461 24482 V AconfigFlags: Read Aconfig default flag value android.service.dreams.dream_handles_being_obscured = false
1788779392.942 10316 24461 24482 V AconfigFlags: Read Aconfig default flag value android.service.dreams.dream_handles_confirm_keys = false
1788779392.942 10316 24461 24482 V AconfigFlags: Read Aconfig default flag value android.service.dreams.dream_overlay_host = false
1788779392.942 10316 24461 24482 V AconfigFlags: Read Aconfig default flag value android.service.dreams.dream_wake_redirect = false
1788779392.942 10316 24461 24482 V AconfigFlags: Read Aconfig default flag value android.service.notification.callstyle_callback_api = true
1788779392.942 10316 24461 24482 V AconfigFlags: Read Aconfig default flag value android.service.notification.ranking_update_ashmem = true
1788779392.942 10316 24461 24482 V AconfigFlags: Read Aconfig default flag value android.service.notification.redact_sensitive_notifications_big_text_style = true
1788779392.942 10316 24461 24482 V AconfigFlags: Read Aconfig default flag value android.service.notification.redact_sensitive_notifications_from_untrusted_listeners = true
1788779392.942 10316 24461 24482 V AconfigFlags: Read Aconfig default flag value android.service.voice.flags.allow_foreground_activities_in_on_show = true
1788779392.942 10316 24461 24482 V AconfigFlags: Read Aconfig default flag value android.service.voice.flags.allow_hotword_bump_egress = true
1788779392.942 10316 24461 24482 V AconfigFlags: Read Aconfig default flag value android.service.voice.flags.allow_training_data_egress_from_hds = false
1788779392.942 10316 24461 24482 V AconfigFlags: Read Aconfig default flag value android.speech.flags.multilang_extra_launch = true
1788779392.942 10316 24461 24482 V AconfigFlags: Read Aconfig default flag value android.tracing.perfetto_ime = false
1788779392.943 10316 24461 24482 V AconfigFlags: Read Aconfig default flag value android.tracing.perfetto_ime_tracing = false
1788779392.943 10316 24461 24482 V AconfigFlags: Read Aconfig default flag value android.tracing.perfetto_protolog_tracing = false
1788779392.943 10316 24461 24482 V AconfigFlags: Read Aconfig default flag value android.tracing.perfetto_transition_tracing = false
1788779392.943 10316 24461 24482 V AconfigFlags: Read Aconfig default flag value android.tracing.perfetto_view_capture_tracing = false
1788779392.943 10316 24461 24482 V AconfigFlags: Read Aconfig default flag value android.uprobestats.flags.enable_uprobestats = false
1788779392.943 10316 24461 24482 V AconfigFlags: Read Aconfig default flag value android.view.accessibility.a11y_overlay_callbacks = false
1788779392.943 10316 24461 24482 V AconfigFlags: Read Aconfig default flag value android.view.accessibility.a11y_qs_shortcut = true
1788779392.943 10316 24461 24482 V AconfigFlags: Read Aconfig default flag value android.view.accessibility.add_type_window_control = false
1788779392.943 10316 24461 24482 V AconfigFlags: Read Aconfig default flag value android.view.accessibility.allow_shortcut_chooser_on_lockscreen = false
1788779392.943 10316 24461 24482 V AconfigFlags: Read Aconfig default flag value android.view.accessibility.braille_display_hid = true
1788779392.943 10316 24461 24482 V AconfigFlags: Read Aconfig default flag value android.view.accessibility.cleanup_accessibility_warning_dialog = false
1788779392.943 10316 24461 24482 V AconfigFlags: Read Aconfig default flag value android.view.accessibility.collection_info_item_counts = true
1788779392.943 10316 24461 24482 V AconfigFlags: Read Aconfig default flag value android.view.accessibility.copy_events_for_gesture_detection = false
1788779392.943 10316 24461 24482 V AconfigFlags: Read Aconfig default flag value android.view.accessibility.enable_system_pinch_zoom_gesture = false
1788779392.943 10316 24461 24482 V AconfigFlags: Read Aconfig default flag value android.view.accessibility.fix_merged_content_change_event_v2 = true
1788779392.943 10316 24461 24482 V AconfigFlags: Read Aconfig default flag value android.view.accessibility.flash_notification_system_api = true
1788779392.943 10316 24461 24482 V AconfigFlags: Read Aconfig default flag value android.view.accessibility.force_invert_color = false
1788779392.943 10316 24461 24482 V AconfigFlags: Read Aconfig default flag value android.view.accessibility.granular_scrolling = true
1788779392.943 10316 24461 24482 V AconfigFlags: Read Aconfig default flag value android.view.accessibility.migrate_enable_shortcuts = false
1788779392.943 10316 24461 24482 V AconfigFlags: Read Aconfig default flag value android.view.accessibility.motion_event_observing = true
1788779392.943 10316 24461 24482 V AconfigFlags: Read Aconfig default flag value android.view.accessibility.prevent_leaking_viewrootimpl = false
1788779392.943 10316 24461 24482 V AconfigFlags: Read Aconfig default flag value android.view.accessibility.reduce_window_content_changed_event_throttle = false
1788779392.943 10316 24461 24482 V AconfigFlags: Read Aconfig default flag value android.view.accessibility.restore_a11y_shortcut_target_service = true
1788779392.943 10316 24461 24482 V AconfigFlags: Read Aconfig default flag value android.view.accessibility.skip_accessibility_warning_dialog_for_trusted_services = true
1788779392.943 10316 24461 24482 V AconfigFlags: Read Aconfig default flag value android.view.accessibility.support_system_pinch_zoom_opt_out_apis = false
1788779392.943 10316 24461 24482 V AconfigFlags: Read Aconfig default flag value android.view.accessibility.update_always_on_a11y_service = false
1788779392.943 10316 24461 24482 V AconfigFlags: Read Aconfig default flag value android.view.contentcapture.flags.run_on_background_thread_enabled = true
1788779392.943 10316 24461 24482 V AconfigFlags: Read Aconfig default flag value android.view.contentprotection.flags.blocklist_update_enabled = true
1788779392.943 10316 24461 24482 V AconfigFlags: Read Aconfig default flag value android.view.contentprotection.flags.create_accessibility_overlay_app_op_enabled = true
1788779392.943 10316 24461 24482 V AconfigFlags: Read Aconfig default flag value android.view.contentprotection.flags.manage_device_policy_enabled = true
1788779392.943 10316 24461 24482 V AconfigFlags: Read Aconfig default flag value android.view.contentprotection.flags.parse_groups_config_enabled = true
1788779392.943 10316 24461 24482 V AconfigFlags: Read Aconfig default flag value android.view.contentprotection.flags.rapid_clear_notifications_by_listener_app_op_enabled = true
1788779392.943 10316 24461 24482 V AconfigFlags: Read Aconfig default flag value android.view.contentprotection.flags.setting_ui_enabled = true
1788779392.943 10316 24461 24482 V AconfigFlags: Read Aconfig default flag value android.view.flags.add_schandle_to_vri_surface = true
1788779392.943 10316 24461 24482 V AconfigFlags: Read Aconfig default flag value android.view.flags.customizable_window_headers = true
1788779392.943 10316 24461 24482 V AconfigFlags: Read Aconfig default flag value android.view.flags.enable_arrow_icon_on_hover_when_clickable = true
1788779392.943 10316 24461 24482 V AconfigFlags: Read Aconfig default flag value android.view.flags.enable_invalidate_check_thread = false
1788779392.943 10316 24461 24482 V AconfigFlags: Read Aconfig default flag value android.view.flags.enable_surface_native_alloc_registration_ro = true
1788779392.943 10316 24461 24482 V AconfigFlags: Read Aconfig default flag value android.view.flags.enable_use_measure_cache_during_force_layout = false
1788779392.943 10316 24461 24482 V AconfigFlags: Read Aconfig default flag value android.view.flags.enable_vector_cursor_a11y_settings = false
1788779392.943 10316 24461 24482 V AconfigFlags: Read Aconfig default flag value android.view.flags.enable_vector_cursors = true
1788779392.943 10316 24461 24482 V AconfigFlags: Read Aconfig default flag value android.view.flags.expected_presentation_time_api = false
1788779392.943 10316 24461 24482 V AconfigFlags: Read Aconfig default flag value android.view.flags.expected_presentation_time_read_only = false
1788779392.943 10316 24461 24482 V AconfigFlags: Read Aconfig default flag value android.view.flags.scroll_feedback_api = true
1788779392.943 10316 24461 24482 V AconfigFlags: Read Aconfig default flag value android.view.flags.sensitive_content_app_protection = true
1788779392.943 10316 24461 24482 V AconfigFlags: Read Aconfig default flag value android.view.flags.sensitive_content_app_protection_api = true
1788779392.943 10316 24461 24482 V AconfigFlags: Read Aconfig default flag value android.view.flags.sensitive_content_premature_protection_removed_fix = true
1788779392.944 10316 24461 24482 V AconfigFlags: Read Aconfig default flag value android.view.flags.set_frame_rate_callback = false
1788779392.944 10316 24461 24482 V AconfigFlags: Read Aconfig default flag value android.view.flags.toolkit_frame_rate_by_size_read_only = false
1788779392.944 10316 24461 24482 V AconfigFlags: Read Aconfig default flag value android.view.flags.toolkit_frame_rate_default_normal_read_only = false
1788779392.944 10316 24461 24482 V AconfigFlags: Read Aconfig default flag value android.view.flags.toolkit_frame_rate_function_enabling_read_only = false
1788779392.944 10316 24461 24482 V AconfigFlags: Read Aconfig default flag value android.view.flags.toolkit_frame_rate_small_uses_percent_read_only = false
1788779392.944 10316 24461 24482 V AconfigFlags: Read Aconfig default flag value android.view.flags.toolkit_frame_rate_typing_read_only = false
1788779392.944 10316 24461 24482 V AconfigFlags: Read Aconfig default flag value android.view.flags.toolkit_frame_rate_velocity_mapping_read_only = false
1788779392.944 10316 24461 24482 V AconfigFlags: Read Aconfig default flag value android.view.flags.toolkit_frame_rate_view_enabling_read_only = false
1788779392.944 10316 24461 24482 V AconfigFlags: Read Aconfig default flag value android.view.flags.toolkit_metrics_for_frame_rate_decision = false
1788779392.944 10316 24461 24482 V AconfigFlags: Read Aconfig default flag value android.view.flags.toolkit_set_frame_rate = false
1788779392.944 10316 24461 24482 V AconfigFlags: Read Aconfig default flag value android.view.flags.toolkit_set_frame_rate_read_only = true
1788779392.944 10316 24461 24482 V AconfigFlags: Read Aconfig default flag value android.view.flags.use_view_based_rotary_encoder_scroll_haptics = true
1788779392.944 10316 24461 24482 V AconfigFlags: Read Aconfig default flag value android.view.flags.view_velocity_api = true
1788779392.944 10316 24461 24482 V AconfigFlags: Read Aconfig default flag value android.view.inputmethod.compatchange_for_zerojankproxy = true
1788779392.944 10316 24461 24482 V AconfigFlags: Read Aconfig default flag value android.view.inputmethod.concurrent_input_methods = false
1788779392.944 10316 24461 24482 V AconfigFlags: Read Aconfig default flag value android.view.inputmethod.connectionless_handwriting = true
1788779392.944 10316 24461 24482 V AconfigFlags: Read Aconfig default flag value android.view.inputmethod.ctrl_shift_shortcut = false
1788779392.944 10316 24461 24482 V AconfigFlags: Read Aconfig default flag value android.view.inputmethod.defer_show_soft_input_until_session_creation = true
1788779392.944 10316 24461 24482 V AconfigFlags: Read Aconfig default flag value android.view.inputmethod.editorinfo_handwriting_enabled = true
1788779392.944 10316 24461 24482 V AconfigFlags: Read Aconfig default flag value android.view.inputmethod.home_screen_handwriting_delegator = true
1788779392.944 10316 24461 24482 V AconfigFlags: Read Aconfig default flag value android.view.inputmethod.ime_switcher_revamp = false
1788779392.944 10316 24461 24482 V AconfigFlags: Read Aconfig default flag value android.view.inputmethod.imm_userhandle_hostsidetests = false
1788779392.944 10316 24461 24482 V AconfigFlags: Read Aconfig default flag value android.view.inputmethod.initiation_without_input_connection = true
1788779392.944 10316 24461 24482 V AconfigFlags: Read Aconfig default flag value android.view.inputmethod.predictive_back_ime = false
1788779392.944 10316 24461 24482 V AconfigFlags: Read Aconfig default flag value android.view.inputmethod.refactor_insets_controller = false
1788779392.944 10316 24461 24482 V AconfigFlags: Read Aconfig default flag value android.view.inputmethod.use_handwriting_listener_for_tooltype = true
1788779392.944 10316 24461 24482 V AconfigFlags: Read Aconfig default flag value android.view.inputmethod.use_input_method_info_safe_list = true
1788779392.944 10316 24461 24482 V AconfigFlags: Read Aconfig default flag value android.view.inputmethod.use_zero_jank_proxy = true
1788779392.944 10316 24461 24482 V AconfigFlags: Read Aconfig default flag value android.webkit.update_service_ipc_wrapper = false
1788779392.944 10316 24461 24482 V AconfigFlags: Read Aconfig default flag value android.webkit.update_service_v2 = true
1788779392.944 10316 24461 24482 V AconfigFlags: Read Aconfig default flag value android.widget.flags.big_picture_style_discard_empty_icon_bitmap_drawables = true
1788779392.944 10316 24461 24482 V AconfigFlags: Read Aconfig default flag value android.widget.flags.call_style_set_data_async = true
1788779392.944 10316 24461 24482 V AconfigFlags: Read Aconfig default flag value android.widget.flags.conversation_style_set_avatar_async = true
1788779392.944 10316 24461 24482 V AconfigFlags: Read Aconfig default flag value android.widget.flags.enable_platform_widget_differential_motion_fling = true
1788779392.944 10316 24461 24482 V AconfigFlags: Read Aconfig default flag value android.widget.flags.messaging_child_request_layout = false
1788779392.944 10316 24461 24482 V AconfigFlags: Read Aconfig default flag value android.widget.flags.notif_linearlayout_optimized = true
1788779392.944 10316 24461 24482 V AconfigFlags: Read Aconfig default flag value android.widget.flags.toast_no_weakref = true
1788779392.944 10316 24461 24482 V AconfigFlags: Read Aconfig default flag value com.android.aconfig_new_storage.enable_aconfig_storage_daemon = false
1788779392.944 10316 24461 24482 V AconfigFlags: Read Aconfig default flag value com.android.deviceaswebcam.flags.high_quality_toggle = true
1788779392.944 10316 24461 24482 V AconfigFlags: Read Aconfig default flag value com.android.egg.flags.flag_flag = true
1788779392.944 10316 24461 24482 V AconfigFlags: Read Aconfig default flag value com.android.frameworks.sensorservice.flags.dynamic_sensor_hal_reconnect_handling = true
1788779392.944 10316 24461 24482 V AconfigFlags: Read Aconfig default flag value com.android.frameworks.sensorservice.flags.sensor_device_on_dynamic_sensor_disconnected = false
1788779392.945 10316 24461 24482 V AconfigFlags: Read Aconfig default flag value com.android.frameworks.sensorservice.flags.sensor_event_connection_send_event_require_nonnull_scratch = false
1788779392.945 10316 24461 24482 V AconfigFlags: Read Aconfig default flag value com.android.frameworks.sensorservice.flags.sensor_service_clear_dynamic_sensor_data_at_the_end = false
1788779392.945 10316 24461 24482 V AconfigFlags: Read Aconfig default flag value com.android.graphics.flags.exact_compute_bounds = false
1788779392.945 10316 24461 24482 V AconfigFlags: Read Aconfig default flag value com.android.graphics.flags.icon_load_drawable_return_null_when_uri_decode_fails = false
1788779392.945 10316 24461 24482 V AconfigFlags: Read Aconfig default flag value com.android.graphics.flags.ok_lab_colorspace = false
1788779392.945 10316 24461 24482 V AconfigFlags: Read Aconfig default flag value com.android.graphics.flags.yuv_image_compress_to_ultra_hdr = false
1788779392.945 10316 24461 24482 V AconfigFlags: Read Aconfig default flag value com.android.graphics.hwui.flags.animate_hdr_transitions = true
1788779392.945 10316 24461 24482 V AconfigFlags: Read Aconfig default flag value com.android.graphics.hwui.flags.clip_shader = true
1788779392.945 10316 24461 24482 V AconfigFlags: Read Aconfig default flag value com.android.graphics.hwui.flags.clip_surfaceviews = false
1788779392.945 10316 24461 24482 V AconfigFlags: Read Aconfig default flag value com.android.graphics.hwui.flags.draw_region = false
1788779392.945 10316 24461 24482 V AconfigFlags: Read Aconfig default flag value com.android.graphics.hwui.flags.gainmap_animations = true
1788779392.945 10316 24461 24482 V AconfigFlags: Read Aconfig default flag value com.android.graphics.hwui.flags.gainmap_constructor_with_metadata = true
1788779392.945 10316 24461 24482 V AconfigFlags: Read Aconfig default flag value com.android.graphics.hwui.flags.hdr_10bit_plus = false
1788779392.945 10316 24461 24482 V AconfigFlags: Read Aconfig default flag value com.android.graphics.hwui.flags.high_contrast_text_luminance = true
1788779392.945 10316 24461 24482 V AconfigFlags: Read Aconfig default flag value com.android.graphics.hwui.flags.high_contrast_text_small_text_rect = false
1788779392.945 10316 24461 24482 V AconfigFlags: Read Aconfig default flag value com.android.graphics.hwui.flags.initialize_gl_always = false
1788779392.945 10316 24461 24482 V AconfigFlags: Read Aconfig default flag value com.android.graphics.hwui.flags.limited_hdr = true
1788779392.945 10316 24461 24482 V AconfigFlags: Read Aconfig default flag value com.android.graphics.hwui.flags.matrix_44 = true
1788779392.945 10316 24461 24482 V AconfigFlags: Read Aconfig default flag value com.android.graphics.hwui.flags.requested_formats_v = true
1788779392.945 10316 24461 24482 V AconfigFlags: Read Aconfig default flag value com.android.graphics.libgui.flags.bq_extendedallocate = false
1788779392.945 10316 24461 24482 V AconfigFlags: Read Aconfig default flag value com.android.graphics.libgui.flags.bq_setframerate = true
1788779392.945 10316 24461 24482 V AconfigFlags: Read Aconfig default flag value com.android.graphics.libgui.flags.frametimestamps_previousrelease = true
1788779392.945 10316 24461 24482 V AconfigFlags: Read Aconfig default flag value com.android.graphics.libgui.flags.trace_frame_rate_override = false
1788779392.945 10316 24461 24482 V AconfigFlags: Read Aconfig default flag value com.android.graphics.surfaceflinger.flags.add_sf_skipped_frames_to_trace = true
1788779392.945 10316 24461 24482 V AconfigFlags: Read Aconfig default flag value com.android.graphics.surfaceflinger.flags.adpf_gpu_sf = true
1788779392.945 10316 24461 24482 V AconfigFlags: Read Aconfig default flag value com.android.graphics.surfaceflinger.flags.allow_n_vsyncs_in_targeter = false
1788779392.945 10316 24461 24482 V AconfigFlags: Read Aconfig default flag value com.android.graphics.surfaceflinger.flags.cache_when_source_crop_layer_only_moved = false
1788779392.945 10316 24461 24482 V AconfigFlags: Read Aconfig default flag value com.android.graphics.surfaceflinger.flags.ce_fence_promise = true
1788779392.945 10316 24461 24482 V AconfigFlags: Read Aconfig default flag value com.android.graphics.surfaceflinger.flags.commit_not_composited = false
1788779392.945 10316 24461 24482 V AconfigFlags: Read Aconfig default flag value com.android.graphics.surfaceflinger.flags.connected_display = true
1788779392.945 10316 24461 24482 V AconfigFlags: Read Aconfig default flag value com.android.graphics.surfaceflinger.flags.deprecate_vsync_sf = false
1788779392.945 10316 24461 24482 V AconfigFlags: Read Aconfig default flag value com.android.graphics.surfaceflinger.flags.detached_mirror = true
1788779392.945 10316 24461 24482 V AconfigFlags: Read Aconfig default flag value com.android.graphics.surfaceflinger.flags.display_protected = true
1788779392.945 10316 24461 24482 V AconfigFlags: Read Aconfig default flag value com.android.graphics.surfaceflinger.flags.dont_skip_on_early_ro = true
1788779392.945 10316 24461 24482 V AconfigFlags: Read Aconfig default flag value com.android.graphics.surfaceflinger.flags.enable_fro_dependent_features = true
1788779392.945 10316 24461 24482 V AconfigFlags: Read Aconfig default flag value com.android.graphics.surfaceflinger.flags.enable_layer_command_batching = true
1788779392.945 10316 24461 24482 V AconfigFlags: Read Aconfig default flag value com.android.graphics.surfaceflinger.flags.enable_small_area_detection = true
1788779392.945 10316 24461 24482 V AconfigFlags: Read Aconfig default flag value com.android.graphics.surfaceflinger.flags.flush_buffer_slots_to_uncache = false
1788779392.946 10316 24461 24482 V AconfigFlags: Read Aconfig default flag value com.android.graphics.surfaceflinger.flags.force_compile_graphite_renderengine = false
1788779392.946 10316 24461 24482 V AconfigFlags: Read Aconfig default flag value com.android.graphics.surfaceflinger.flags.fp16_client_target = false
1788779392.946 10316 24461 24482 V AconfigFlags: Read Aconfig default flag value com.android.graphics.surfaceflinger.flags.frame_rate_category_mrr = false
1788779392.946 10316 24461 24482 V AconfigFlags: Read Aconfig default flag value com.android.graphics.surfaceflinger.flags.game_default_frame_rate = true
1788779392.946 10316 24461 24482 V AconfigFlags: Read Aconfig default flag value com.android.graphics.surfaceflinger.flags.graphite_renderengine = false
1788779392.946 10316 24461 24482 V AconfigFlags: Read Aconfig default flag value com.android.graphics.surfaceflinger.flags.hdcp_level_hal = false
1788779392.946 10316 24461 24482 V AconfigFlags: Read Aconfig default flag value com.android.graphics.surfaceflinger.flags.hotplug2 = true
1788779392.946 10316 24461 24482 V AconfigFlags: Read Aconfig default flag value com.android.graphics.surfaceflinger.flags.latch_unsignaled_with_auto_refresh_changed = true
1788779392.946 10316 24461 24482 V AconfigFlags: Read Aconfig default flag value com.android.graphics.surfaceflinger.flags.local_tonemap_screenshots = false
1788779392.946 10316 24461 24482 V AconfigFlags: Read Aconfig default flag value com.android.graphics.surfaceflinger.flags.misc1 = true
1788779392.946 10316 24461 24482 V AconfigFlags: Read Aconfig default flag value com.android.graphics.surfaceflinger.flags.multithreaded_present = true
1788779392.946 10316 24461 24482 V AconfigFlags: Read Aconfig default flag value com.android.graphics.surfaceflinger.flags.override_trusted_overlay = true
1788779392.946 10316 24461 24482 V AconfigFlags: Read Aconfig default flag value com.android.graphics.surfaceflinger.flags.protected_if_client = true
1788779392.946 10316 24461 24482 V AconfigFlags: Read Aconfig default flag value com.android.graphics.surfaceflinger.flags.refresh_rate_overlay_on_external_display = false
1788779392.946 10316 24461 24482 V AconfigFlags: Read Aconfig default flag value com.android.graphics.surfaceflinger.flags.renderable_buffer_usage = false
1788779392.946 10316 24461 24482 V AconfigFlags: Read Aconfig default flag value com.android.graphics.surfaceflinger.flags.restore_blur_step = true
1788779392.946 10316 24461 24482 V AconfigFlags: Read Aconfig default flag value com.android.graphics.surfaceflinger.flags.screenshot_fence_preservation = true
1788779392.946 10316 24461 24482 V AconfigFlags: Read Aconfig default flag value com.android.graphics.surfaceflinger.flags.single_hop_screenshot = true
1788779392.946 10316 24461 24482 V AconfigFlags: Read Aconfig default flag value com.android.graphics.surfaceflinger.flags.use_known_refresh_rate_for_fps_consistency = false
1788779392.946 10316 24461 24482 V AconfigFlags: Read Aconfig default flag value com.android.graphics.surfaceflinger.flags.vrr_bugfix_24q4 = false
1788779392.946 10316 24461 24482 V AconfigFlags: Read Aconfig default flag value com.android.graphics.surfaceflinger.flags.vrr_config = true
1788779392.946 10316 24461 24482 V AconfigFlags: Read Aconfig default flag value com.android.graphics.surfaceflinger.flags.vulkan_renderengine = false
1788779392.946 10316 24461 24482 V AconfigFlags: Read Aconfig default flag value com.android.hardware.input.emoji_and_screenshot_keycodes_available = true
1788779392.946 10316 24461 24482 V AconfigFlags: Read Aconfig default flag value com.android.hardware.input.keyboard_a11y_bounce_keys_flag = true
1788779392.946 10316 24461 24482 V AconfigFlags: Read Aconfig default flag value com.android.hardware.input.keyboard_a11y_slow_keys_flag = true
1788779392.946 10316 24461 24482 V AconfigFlags: Read Aconfig default flag value com.android.hardware.input.keyboard_a11y_sticky_keys_flag = true
1788779392.946 10316 24461 24482 V AconfigFlags: Read Aconfig default flag value com.android.hardware.input.keyboard_layout_preview_flag = true
1788779392.946 10316 24461 24482 V AconfigFlags: Read Aconfig default flag value com.android.hardware.input.pointer_coords_is_resampled_api = true
1788779392.946 10316 24461 24482 V AconfigFlags: Read Aconfig default flag value com.android.hardware.input.touchpad_tap_dragging = true
1788779392.946 10316 24461 24482 V AconfigFlags: Read Aconfig default flag value com.android.hardware.libsensor.flags.sensor_event_queue_report_sensor_usage_in_tracing = false
1788779392.946 10316 24461 24482 V AconfigFlags: Read Aconfig default flag value com.android.hardware.libsensor.flags.sensormanager_ping_binder = true
1788779392.946 10316 24461 24482 V AconfigFlags: Read Aconfig default flag value com.android.icu.icu74 = false
1788779392.946 10316 24461 24482 V AconfigFlags: Read Aconfig default flag value com.android.icu.icu_v_api = true
1788779392.946 10316 24461 24482 V AconfigFlags: Read Aconfig default flag value com.android.input.flags.a11y_crash_on_inconsistent_event_stream = false
1788779392.946 10316 24461 24482 V AconfigFlags: Read Aconfig default flag value com.android.input.flags.device_associations = false
1788779392.946 10316 24461 24482 V AconfigFlags: Read Aconfig default flag value com.android.input.flags.disable_reject_touch_on_stylus_hover = false
1788779392.946 10316 24461 24482 V AconfigFlags: Read Aconfig default flag value com.android.input.flags.enable_gestures_library_timer_provider = true
1788779392.946 10316 24461 24482 V AconfigFlags: Read Aconfig default flag value com.android.input.flags.enable_inbound_event_verification = false
1788779392.946 10316 24461 24482 V AconfigFlags: Read Aconfig default flag value com.android.input.flags.enable_input_event_tracing = true
1788779392.946 10316 24461 24482 V AconfigFlags: Read Aconfig default flag value com.android.input.flags.enable_input_filter_rust_impl = true
1788779392.946 10316 24461 24482 V AconfigFlags: Read Aconfig default flag value com.android.input.flags.enable_keyboard_classifier = false
1788779392.947 10316 24461 24482 V AconfigFlags: Read Aconfig default flag value com.android.input.flags.enable_multi_device_input = true
1788779392.947 10316 24461 24482 V AconfigFlags: Read Aconfig default flag value com.android.input.flags.enable_multi_device_same_window_stream = false
1788779392.947 10316 24461 24482 V AconfigFlags: Read Aconfig default flag value com.android.input.flags.enable_new_mouse_pointer_ballistics = true
1788779392.947 10316 24461 24482 V AconfigFlags: Read Aconfig default flag value com.android.input.flags.enable_outbound_event_verification = false
1788779392.947 10316 24461 24482 V AconfigFlags: Read Aconfig default flag value com.android.input.flags.enable_prediction_pruning_via_jerk_thresholding = true
1788779392.947 10316 24461 24482 V AconfigFlags: Read Aconfig default flag value com.android.input.flags.enable_touchpad_fling_stop = false
1788779392.947 10316 24461 24482 V AconfigFlags: Read Aconfig default flag value com.android.input.flags.enable_touchpad_typing_palm_rejection = true
1788779392.947 10316 24461 24482 V AconfigFlags: Read Aconfig default flag value com.android.input.flags.enable_v2_touchpad_typing_palm_rejection = false
1788779392.947 10316 24461 24482 V AconfigFlags: Read Aconfig default flag value com.android.input.flags.hide_pointer_indicators_for_secure_windows = false
1788779392.947 10316 24461 24482 V AconfigFlags: Read Aconfig default flag value com.android.input.flags.input_device_view_behavior_api = true
1788779392.947 10316 24461 24482 V AconfigFlags: Read Aconfig default flag value com.android.input.flags.override_key_behavior_permission_apis = true
1788779392.947 10316 24461 24482 V AconfigFlags: Read Aconfig default flag value com.android.input.flags.rate_limit_user_activity_poke_in_dispatcher = false
1788779392.947 10316 24461 24482 V AconfigFlags: Read Aconfig default flag value com.android.input.flags.remove_pointer_event_tracking_in_wm = true
1788779392.947 10316 24461 24482 V AconfigFlags: Read Aconfig default flag value com.android.input.flags.report_palms_to_gestures_library = false
1788779392.947 10316 24461 24482 V AconfigFlags: Read Aconfig default flag value com.android.internal.camera.flags.analytics_24q3 = true
1788779392.947 10316 24461 24482 V AconfigFlags: Read Aconfig default flag value com.android.internal.camera.flags.cache_permission_services = true
1788779392.947 10316 24461 24482 V AconfigFlags: Read Aconfig default flag value com.android.internal.camera.flags.calculate_perf_override_during_session_support = true
1788779392.947 10316 24461 24482 V AconfigFlags: Read Aconfig default flag value com.android.internal.camera.flags.camera_ae_mode_low_light_boost = true
1788779392.947 10316 24461 24482 V AconfigFlags: Read Aconfig default flag value com.android.internal.camera.flags.camera_device_setup = true
1788779392.947 10316 24461 24482 V AconfigFlags: Read Aconfig default flag value com.android.internal.camera.flags.camera_extensions_characteristics_get = true
1788779392.947 10316 24461 24482 V AconfigFlags: Read Aconfig default flag value com.android.internal.camera.flags.camera_hsum_permission = true
1788779392.947 10316 24461 24482 V AconfigFlags: Read Aconfig default flag value com.android.internal.camera.flags.camera_manual_flash_strength_control = true
1788779392.947 10316 24461 24482 V AconfigFlags: Read Aconfig default flag value com.android.internal.camera.flags.camera_privacy_allowlist = true
1788779392.947 10316 24461 24482 V AconfigFlags: Read Aconfig default flag value com.android.internal.camera.flags.check_session_support_before_session_char = true
1788779392.947 10316 24461 24482 V AconfigFlags: Read Aconfig default flag value com.android.internal.camera.flags.concert_mode = true
1788779392.947 10316 24461 24482 V AconfigFlags: Read Aconfig default flag value com.android.internal.camera.flags.concert_mode_api = false
1788779392.947 10316 24461 24482 V AconfigFlags: Read Aconfig default flag value com.android.internal.camera.flags.delay_lazy_hal_instantiation = true
1788779392.947 10316 24461 24482 V AconfigFlags: Read Aconfig default flag value com.android.internal.camera.flags.extension_10_bit = true
1788779392.947 10316 24461 24482 V AconfigFlags: Read Aconfig default flag value com.android.internal.camera.flags.feature_combination_query = true
1788779392.947 10316 24461 24482 V AconfigFlags: Read Aconfig default flag value com.android.internal.camera.flags.inject_session_params = true
1788779392.947 10316 24461 24482 V AconfigFlags: Read Aconfig default flag value com.android.internal.camera.flags.lazy_aidl_wait_for_service = true
1788779392.947 10316 24461 24482 V AconfigFlags: Read Aconfig default flag value com.android.internal.camera.flags.log_ultrawide_usage = true
1788779392.947 10316 24461 24482 V AconfigFlags: Read Aconfig default flag value com.android.internal.camera.flags.log_zoom_override_usage = true
1788779392.947 10316 24461 24482 V AconfigFlags: Read Aconfig default flag value com.android.internal.camera.flags.multi_res_raw_reprocessing = false
1788779392.947 10316 24461 24482 V AconfigFlags: Read Aconfig default flag value com.android.internal.camera.flags.multiresolution_imagereader_usage_config = true
1788779392.947 10316 24461 24482 V AconfigFlags: Read Aconfig default flag value com.android.internal.camera.flags.realtime_priority_bump = true
1788779392.947 10316 24461 24482 V AconfigFlags: Read Aconfig default flag value com.android.internal.camera.flags.return_buffers_outside_locks = true
1788779392.947 10316 24461 24482 V AconfigFlags: Read Aconfig default flag value com.android.internal.camera.flags.session_hal_buf_manager = false
1788779392.947 10316 24461 24482 V AconfigFlags: Read Aconfig default flag value com.android.internal.camera.flags.single_thread_executor = true
1788779392.948 10316 24461 24482 V AconfigFlags: Read Aconfig default flag value com.android.internal.camera.flags.surface_ipc = true
1788779392.948 10316 24461 24482 V AconfigFlags: Read Aconfig default flag value com.android.internal.camera.flags.surface_leak_fix = true
1788779392.948 10316 24461 24482 V AconfigFlags: Read Aconfig default flag value com.android.internal.camera.flags.use_ro_board_api_level_for_vndk_version = true
1788779392.948 10316 24461 24482 V AconfigFlags: Read Aconfig default flag value com.android.internal.camera.flags.use_system_api_for_vndk_version = true
1788779392.948 10316 24461 24482 V AconfigFlags: Read Aconfig default flag value com.android.internal.camera.flags.watch_foreground_changes = true
1788779392.948 10316 24461 24482 V AconfigFlags: Read Aconfig default flag value com.android.internal.compat.flags.skip_old_and_disabled_compat_logging = true
1788779392.948 10316 24461 24482 V AconfigFlags: Read Aconfig default flag value com.android.internal.foldables.flags.fold_grace_period_enabled = true
1788779392.948 10316 24461 24482 V AconfigFlags: Read Aconfig default flag value com.android.internal.foldables.flags.fold_lock_setting_enabled = true
1788779392.948 10316 24461 24482 V AconfigFlags: Read Aconfig default flag value com.android.internal.os.enable_apache_http_legacy_preload = true
1788779392.948 10316 24461 24482 V AconfigFlags: Read Aconfig default flag value com.android.internal.pm.pkg.component.flags.enable_per_process_use_embedded_dex_attr = true
1788779392.948 10316 24461 24482 V AconfigFlags: Read Aconfig default flag value com.android.internal.telephony.flags.add_anomaly_when_notify_config_changed_with_invalid_phone = true
1788779392.948 10316 24461 24482 V AconfigFlags: Read Aconfig default flag value com.android.internal.telephony.flags.add_rat_related_suggested_action_to_ims_registration = false
1788779392.948 10316 24461 24482 V AconfigFlags: Read Aconfig default flag value com.android.internal.telephony.flags.allow_mmtel_in_non_vops = true
1788779392.948 10316 24461 24482 V AconfigFlags: Read Aconfig default flag value com.android.internal.telephony.flags.answer_audio_only_when_answering_via_mmi_code = true
1788779392.948 10316 24461 24482 V AconfigFlags: Read Aconfig default flag value com.android.internal.telephony.flags.ap_domain_selection_enabled = false
1788779392.948 10316 24461 24482 V AconfigFlags: Read Aconfig default flag value com.android.internal.telephony.flags.apn_setting_field_support_flag = true
1788779392.948 10316 24461 24482 V AconfigFlags: Read Aconfig default flag value com.android.internal.telephony.flags.auto_data_switch_allow_roaming = true
1788779392.948 10316 24461 24482 V AconfigFlags: Read Aconfig default flag value com.android.internal.telephony.flags.auto_data_switch_uses_data_enabled = true
1788779392.948 10316 24461 24482 V AconfigFlags: Read Aconfig default flag value com.android.internal.telephony.flags.backup_and_restore_for_enable_2g = true
1788779392.948 10316 24461 24482 V AconfigFlags: Read Aconfig default flag value com.android.internal.telephony.flags.call_extra_for_non_hold_supported_carriers = true
1788779392.948 10316 24461 24482 V AconfigFlags: Read Aconfig default flag value com.android.internal.telephony.flags.carrier_enabled_satellite_flag = true
1788779392.948 10316 24461 24482 V AconfigFlags: Read Aconfig default flag value com.android.internal.telephony.flags.carrier_restriction_rules_enhancement = true
1788779392.948 10316 24461 24482 V AconfigFlags: Read Aconfig default flag value com.android.internal.telephony.flags.carrier_restriction_status = false
1788779392.948 10316 24461 24482 V AconfigFlags: Read Aconfig default flag value com.android.internal.telephony.flags.change_method_of_obtaining_ims_registration_radio_tech = true
1788779392.948 10316 24461 24482 V AconfigFlags: Read Aconfig default flag value com.android.internal.telephony.flags.cleanup_open_logical_channel_record_on_dispose = true
1788779392.948 10316 24461 24482 V AconfigFlags: Read Aconfig default flag value com.android.internal.telephony.flags.clear_cached_ims_phone_number_when_device_lost_ims_registration = false
1788779392.948 10316 24461 24482 V AconfigFlags: Read Aconfig default flag value com.android.internal.telephony.flags.combine_ril_death_handle = true
1788779392.948 10316 24461 24482 V AconfigFlags: Read Aconfig default flag value com.android.internal.telephony.flags.conference_hold_unhold_changed_to_send_message = true
1788779392.948 10316 24461 24482 V AconfigFlags: Read Aconfig default flag value com.android.internal.telephony.flags.data_call_session_stats_captures_cross_sim_calling = true
1788779392.948 10316 24461 24482 V AconfigFlags: Read Aconfig default flag value com.android.internal.telephony.flags.data_only_cellular_service = true
1788779392.948 10316 24461 24482 V AconfigFlags: Read Aconfig default flag value com.android.internal.telephony.flags.data_only_service_allow_emergency_call_only = true
1788779392.948 10316 24461 24482 V AconfigFlags: Read Aconfig default flag value com.android.internal.telephony.flags.data_rat_metric_enabled = true
1788779392.948 10316 24461 24482 V AconfigFlags: Read Aconfig default flag value com.android.internal.telephony.flags.dismiss_network_selection_notification_on_sim_disable = true
1788779392.948 10316 24461 24482 V AconfigFlags: Read Aconfig default flag value com.android.internal.telephony.flags.do_not_override_precise_label = true
1788779392.948 10316 24461 24482 V AconfigFlags: Read Aconfig default flag value com.android.internal.telephony.flags.domain_selection_metrics_enabled = false
1788779392.948 10316 24461 24482 V AconfigFlags: Read Aconfig default flag value com.android.internal.telephony.flags.dsrs_diagnostics_enabled = true
1788779392.948 10316 24461 24482 V AconfigFlags: Read Aconfig default flag value com.android.internal.telephony.flags.emergency_registration_state = false
1788779392.948 10316 24461 24482 V AconfigFlags: Read Aconfig default flag value com.android.internal.telephony.flags.enable_aead_algorithms = true
1788779392.948 10316 24461 24482 V AconfigFlags: Read Aconfig default flag value com.android.internal.telephony.flags.enable_carrier_config_n1_control_attempt2 = false
1788779392.948 10316 24461 24482 V AconfigFlags: Read Aconfig default flag value com.android.internal.telephony.flags.enable_identifier_disclosure_transparency = true
1788779392.948 10316 24461 24482 V AconfigFlags: Read Aconfig default flag value com.android.internal.telephony.flags.enable_identifier_disclosure_transparency_unsol_events = true
1788779392.948 10316 24461 24482 V AconfigFlags: Read Aconfig default flag value com.android.internal.telephony.flags.enable_modem_cipher_transparency = true
1788779392.948 10316 24461 24482 V AconfigFlags: Read Aconfig default flag value com.android.internal.telephony.flags.enable_modem_cipher_transparency_unsol_events = true
1788779392.948 10316 24461 24482 V AconfigFlags: Read Aconfig default flag value com.android.internal.telephony.flags.enable_multiple_sa_proposals = true
1788779392.948 10316 24461 24482 V AconfigFlags: Read Aconfig default flag value com.android.internal.telephony.flags.enable_sip_subscribe_retry = true
1788779392.949 10316 24461 24482 V AconfigFlags: Read Aconfig default flag value com.android.internal.telephony.flags.enable_telephony_analytics = true
1788779392.949 10316 24461 24482 V AconfigFlags: Read Aconfig default flag value com.android.internal.telephony.flags.enable_wps_check_api_flag = true
1788779392.949 10316 24461 24482 V AconfigFlags: Read Aconfig default flag value com.android.internal.telephony.flags.enforce_subscription_user_filter = false
1788779392.949 10316 24461 24482 V AconfigFlags: Read Aconfig default flag value com.android.internal.telephony.flags.enforce_telephony_feature_mapping = true
1788779392.949 10316 24461 24482 V AconfigFlags: Read Aconfig default flag value com.android.internal.telephony.flags.enforce_telephony_feature_mapping_for_public_apis = false
1788779392.949 10316 24461 24482 V AconfigFlags: Read Aconfig default flag value com.android.internal.telephony.flags.ensure_access_to_call_settings_is_restricted = false
1788779392.949 10316 24461 24482 V AconfigFlags: Read Aconfig default flag value com.android.internal.telephony.flags.esim_available_memory = true
1788779392.949 10316 24461 24482 V AconfigFlags: Read Aconfig default flag value com.android.internal.telephony.flags.esim_bootstrap_provisioning_flag = true
1788779392.949 10316 24461 24482 V AconfigFlags: Read Aconfig default flag value com.android.internal.telephony.flags.fix_crash_on_getting_config_when_phone_is_gone = true
1788779392.949 10316 24461 24482 V AconfigFlags: Read Aconfig default flag value com.android.internal.telephony.flags.force_iwlan_mms = true
1788779392.949 10316 24461 24482 V AconfigFlags: Read Aconfig default flag value com.android.internal.telephony.flags.hide_prefer_3g_item = true
1788779392.949 10316 24461 24482 V AconfigFlags: Read Aconfig default flag value com.android.internal.telephony.flags.hide_preinstalled_carrier_app_at_most_once = true
1788779392.949 10316 24461 24482 V AconfigFlags: Read Aconfig default flag value com.android.internal.telephony.flags.hide_roaming_icon = true
1788779392.949 10316 24461 24482 V AconfigFlags: Read Aconfig default flag value com.android.internal.telephony.flags.ignore_already_terminated_incoming_call_before_registering_listener = true
1788779392.949 10316 24461 24482 V AconfigFlags: Read Aconfig default flag value com.android.internal.telephony.flags.ignore_existing_networks_for_internet_allowed_checking = true
1788779392.949 10316 24461 24482 V AconfigFlags: Read Aconfig default flag value com.android.internal.telephony.flags.imsi_key_retry_download_on_phone_unlock = true
1788779392.949 10316 24461 24482 V AconfigFlags: Read Aconfig default flag value com.android.internal.telephony.flags.keep_empty_requests_network = true
1788779392.949 10316 24461 24482 V AconfigFlags: Read Aconfig default flag value com.android.internal.telephony.flags.log_mms_sms_database_access_info = true
1788779392.949 10316 24461 24482 V AconfigFlags: Read Aconfig default flag value com.android.internal.telephony.flags.metered_embb_urlcc = true
1788779392.949 10316 24461 24482 V AconfigFlags: Read Aconfig default flag value com.android.internal.telephony.flags.minimal_telephony_cdm_check = false
1788779392.949 10316 24461 24482 V AconfigFlags: Read Aconfig default flag value com.android.internal.telephony.flags.minimal_telephony_managers_conditional_on_features = true
1788779392.949 10316 24461 24482 V AconfigFlags: Read Aconfig default flag value com.android.internal.telephony.flags.mms_disabled_error = true
1788779392.949 10316 24461 24482 V AconfigFlags: Read Aconfig default flag value com.android.internal.telephony.flags.mms_get_apn_from_pdsc = false
1788779392.949 10316 24461 24482 V AconfigFlags: Read Aconfig default flag value com.android.internal.telephony.flags.network_registration_info_reject_cause = true
1788779392.949 10316 24461 24482 V AconfigFlags: Read Aconfig default flag value com.android.internal.telephony.flags.network_validation = true
1788779392.949 10316 24461 24482 V AconfigFlags: Read Aconfig default flag value com.android.internal.telephony.flags.notify_data_activity_changed_with_slot = true
1788779392.949 10316 24461 24482 V AconfigFlags: Read Aconfig default flag value com.android.internal.telephony.flags.notify_initial_ims_provisioning_status = true
1788779392.949 10316 24461 24482 V AconfigFlags: Read Aconfig default flag value com.android.internal.telephony.flags.oem_enabled_satellite_flag = true
1788779392.949 10316 24461 24482 V AconfigFlags: Read Aconfig default flag value com.android.internal.telephony.flags.prevent_invocation_repeat_of_ril_call_when_device_does_not_support_voice = true
1788779392.949 10316 24461 24482 V AconfigFlags: Read Aconfig default flag value com.android.internal.telephony.flags.prevent_system_server_and_phone_deadlock = true
1788779392.949 10316 24461 24482 V AconfigFlags: Read Aconfig default flag value com.android.internal.telephony.flags.reconnect_qualified_network = true
1788779392.949 10316 24461 24482 V AconfigFlags: Read Aconfig default flag value com.android.internal.telephony.flags.refine_preferred_data_profile_selection = true
1788779392.949 10316 24461 24482 V AconfigFlags: Read Aconfig default flag value com.android.internal.telephony.flags.relax_ho_teardown = true
1788779392.949 10316 24461 24482 V AconfigFlags: Read Aconfig default flag value com.android.internal.telephony.flags.remove_country_code_from_local_singapore_calls = true
1788779392.949 10316 24461 24482 V AconfigFlags: Read Aconfig default flag value com.android.internal.telephony.flags.reorganize_roaming_notification = true
1788779392.949 10316 24461 24482 V AconfigFlags: Read Aconfig default flag value com.android.internal.telephony.flags.reset_mobile_network_settings = true
1788779392.949 10316 24461 24482 V AconfigFlags: Read Aconfig default flag value com.android.internal.telephony.flags.reset_primary_sim_default_values = false
1788779392.949 10316 24461 24482 V AconfigFlags: Read Aconfig default flag value com.android.internal.telephony.flags.roaming_notification_for_single_data_network = true
1788779392.949 10316 24461 24482 V AconfigFlags: Read Aconfig default flag value com.android.internal.telephony.flags.safer_get_phone_number = false
1788779392.949 10316 24461 24482 V AconfigFlags: Read Aconfig default flag value com.android.internal.telephony.flags.satellite_internet = true
1788779392.949 10316 24461 24482 V AconfigFlags: Read Aconfig default flag value com.android.internal.telephony.flags.satellite_persistent_logging = false
1788779392.949 10316 24461 24482 V AconfigFlags: Read Aconfig default flag value com.android.internal.telephony.flags.set_carrier_restriction_status = false
1788779392.949 10316 24461 24482 V AconfigFlags: Read Aconfig default flag value com.android.internal.telephony.flags.set_no_reply_timer_for_cfnry = true
1788779392.949 10316 24461 24482 V AconfigFlags: Read Aconfig default flag value com.android.internal.telephony.flags.set_number_of_sim_for_ims_enable = true
1788779392.949 10316 24461 24482 V AconfigFlags: Read Aconfig default flag value com.android.internal.telephony.flags.show_call_fail_notification_for_2g_toggle = true
1788779392.950 10316 24461 24482 V AconfigFlags: Read Aconfig default flag value com.android.internal.telephony.flags.show_call_id_and_call_waiting_in_additional_settings_menu = true
1788779392.950 10316 24461 24482 V AconfigFlags: Read Aconfig default flag value com.android.internal.telephony.flags.simultaneous_calling_indications = true
1788779392.950 10316 24461 24482 V AconfigFlags: Read Aconfig default flag value com.android.internal.telephony.flags.slicing_additional_error_codes = true
1788779392.950 10316 24461 24482 V AconfigFlags: Read Aconfig default flag value com.android.internal.telephony.flags.sms_domain_selection_enabled = true
1788779392.950 10316 24461 24482 V AconfigFlags: Read Aconfig default flag value com.android.internal.telephony.flags.stop_spamming_emergency_notification = false
1788779392.950 10316 24461 24482 V AconfigFlags: Read Aconfig default flag value com.android.internal.telephony.flags.subscription_user_association_query = false
1788779392.950 10316 24461 24482 V AconfigFlags: Read Aconfig default flag value com.android.internal.telephony.flags.support_nr_sa_rrc_idle = true
1788779392.950 10316 24461 24482 V AconfigFlags: Read Aconfig default flag value com.android.internal.telephony.flags.support_psim_to_esim_conversion = true
1788779392.950 10316 24461 24482 V AconfigFlags: Read Aconfig default flag value com.android.internal.telephony.flags.terminate_active_video_call_when_accepting_second_video_call_as_audio_only = true
1788779392.950 10316 24461 24482 V AconfigFlags: Read Aconfig default flag value com.android.internal.telephony.flags.unregister_sms_broadcast_receiver_from_cat_service = false
1788779392.950 10316 24461 24482 V AconfigFlags: Read Aconfig default flag value com.android.internal.telephony.flags.unthrottle_check_transport = true
1788779392.950 10316 24461 24482 V AconfigFlags: Read Aconfig default flag value com.android.internal.telephony.flags.update_ims_service_by_gathering_provisioning_changes = true
1788779392.950 10316 24461 24482 V AconfigFlags: Read Aconfig default flag value com.android.internal.telephony.flags.update_roaming_state_to_set_wfc_mode = true
1788779392.950 10316 24461 24482 V AconfigFlags: Read Aconfig default flag value com.android.internal.telephony.flags.use_alarm_callback = true
1788779392.950 10316 24461 24482 V AconfigFlags: Read Aconfig default flag value com.android.internal.telephony.flags.use_aosp_domain_selection_service = false
1788779392.950 10316 24461 24482 V AconfigFlags: Read Aconfig default flag value com.android.internal.telephony.flags.use_oem_domain_selection_service = true
1788779392.950 10316 24461 24482 V AconfigFlags: Read Aconfig default flag value com.android.internal.telephony.flags.use_relaxed_id_match = true
1788779392.950 10316 24461 24482 V AconfigFlags: Read Aconfig default flag value com.android.internal.telephony.flags.vonr_enabled_metric = true
1788779392.950 10316 24461 24482 V AconfigFlags: Read Aconfig default flag value com.android.internal.telephony.flags.work_profile_api_split = false
1788779392.950 10316 24461 24482 V AconfigFlags: Read Aconfig default flag value com.android.managedprovisioning.flags.is_cosmic_ray_enabled = false
1788779392.950 10316 24461 24482 V AconfigFlags: Read Aconfig default flag value com.android.media.aaudio.sample_rate_conversion = true
1788779392.950 10316 24461 24482 V AconfigFlags: Read Aconfig default flag value com.android.media.aaudio.start_stop_client_from_command_thread = false
1788779392.950 10316 24461 24482 V AconfigFlags: Read Aconfig default flag value com.android.media.audio.abs_volume_index_fix = false
1788779392.950 10316 24461 24482 V AconfigFlags: Read Aconfig default flag value com.android.media.audio.alarm_min_volume_zero = true
1788779392.950 10316 24461 24482 V AconfigFlags: Read Aconfig default flag value com.android.media.audio.as_device_connection_failure = false
1788779392.950 10316 24461 24482 V AconfigFlags: Read Aconfig default flag value com.android.media.audio.audioserver_permissions = false
1788779392.950 10316 24461 24482 V AconfigFlags: Read Aconfig default flag value com.android.media.audio.bluetooth_mac_address_anonymization = true
1788779392.950 10316 24461 24482 V AconfigFlags: Read Aconfig default flag value com.android.media.audio.disable_prescale_absolute_volume = true
1788779392.950 10316 24461 24482 V AconfigFlags: Read Aconfig default flag value com.android.media.audio.dsa_over_bt_le_audio = true
1788779392.950 10316 24461 24482 V AconfigFlags: Read Aconfig default flag value com.android.media.audio.music_fx_edge_to_edge = true
1788779392.950 10316 24461 24482 V AconfigFlags: Read Aconfig default flag value com.android.media.audio.port_to_piid_simplification = false
1788779392.950 10316 24461 24482 V AconfigFlags: Read Aconfig default flag value com.android.media.audio.replace_stream_bt_sco = false
1788779392.950 10316 24461 24482 V AconfigFlags: Read Aconfig default flag value com.android.media.audio.ringer_mode_affects_alarm = true
1788779392.950 10316 24461 24482 V AconfigFlags: Read Aconfig default flag value com.android.media.audio.set_stream_volume_order = true
1788779392.950 10316 24461 24482 V AconfigFlags: Read Aconfig default flag value com.android.media.audio.spatializer_offload = false
1788779392.950 10316 24461 24482 V AconfigFlags: Read Aconfig default flag value com.android.media.audio.spatializer_upmix = false
1788779392.950 10316 24461 24482 V AconfigFlags: Read Aconfig default flag value com.android.media.audio.stereo_spatialization = false
1788779392.950 10316 24461 24482 V AconfigFlags: Read Aconfig default flag value com.android.media.audio.vgs_vss_sync_mute_order = true
1788779392.950 10316 24461 24482 V AconfigFlags: Read Aconfig default flag value com.android.media.audio.volume_refactoring = false
1788779392.950 10316 24461 24482 V AconfigFlags: Read Aconfig default flag value com.android.media.audioclient.audiosystem_service_acquisition = false
1788779392.950 10316 24461 24482 V AconfigFlags: Read Aconfig default flag value com.android.media.audioserver.direct_track_reprioritization = true
1788779392.950 10316 24461 24482 V AconfigFlags: Read Aconfig default flag value com.android.media.audioserver.effect_chain_callback_improve = false
1788779392.951 10316 24461 24482 V AconfigFlags: Read Aconfig default flag value com.android.media.audioserver.fdtostring_timeout_fix = true
1788779392.951 10316 24461 24482 V AconfigFlags: Read Aconfig default flag value com.android.media.audioserver.fix_concurrent_playback_behavior_with_bit_perfect_client = false
1788779392.951 10316 24461 24482 V AconfigFlags: Read Aconfig default flag value com.android.media.audioserver.fix_input_sharing_logic = false
1788779392.951 10316 24461 24482 V AconfigFlags: Read Aconfig default flag value com.android.media.audioserver.mutex_priority_inheritance = true
1788779392.951 10316 24461 24482 V AconfigFlags: Read Aconfig default flag value com.android.media.audioserver.use_bt_sco_for_media = false
1788779392.951 10316 24461 24482 V AconfigFlags: Read Aconfig default flag value com.android.media.codec.flags.aidl_hal = true
1788779392.951 10316 24461 24482 V AconfigFlags: Read Aconfig default flag value com.android.media.codec.flags.codec_importance = true
1788779392.951 10316 24461 24482 V AconfigFlags: Read Aconfig default flag value com.android.media.codec.flags.large_audio_frame = true
1788779392.951 10316 24461 24482 V AconfigFlags: Read Aconfig default flag value com.android.media.editing.flags.add_media_metrics_editing = true
1788779392.951 10316 24461 24482 V AconfigFlags: Read Aconfig default flag value com.android.media.flags.adjust_volume_for_foreground_app_playing_audio_without_media_session = true
1788779392.951 10316 24461 24482 V AconfigFlags: Read Aconfig default flag value com.android.media.flags.enable_audio_policies_device_and_bluetooth_controller = true
1788779392.951 10316 24461 24482 V AconfigFlags: Read Aconfig default flag value com.android.media.flags.enable_built_in_speaker_route_suitability_statuses = true
1788779392.951 10316 24461 24482 V AconfigFlags: Read Aconfig default flag value com.android.media.flags.enable_cross_user_routing_in_media_router2 = true
1788779392.951 10316 24461 24482 V AconfigFlags: Read Aconfig default flag value com.android.media.flags.enable_full_scan_with_media_content_control = true
1788779392.951 10316 24461 24482 V AconfigFlags: Read Aconfig default flag value com.android.media.flags.enable_get_transferable_routes = true
1788779392.951 10316 24461 24482 V AconfigFlags: Read Aconfig default flag value com.android.media.flags.enable_mr2_service_non_main_bg_thread = true
1788779392.951 10316 24461 24482 V AconfigFlags: Read Aconfig default flag value com.android.media.flags.enable_new_media_route_2_info_types = true
1788779392.951 10316 24461 24482 V AconfigFlags: Read Aconfig default flag value com.android.media.flags.enable_notifying_activity_manager_with_media_session_status_change = false
1788779392.951 10316 24461 24482 V AconfigFlags: Read Aconfig default flag value com.android.media.flags.enable_null_session_in_media_browser_service = true
1788779392.951 10316 24461 24482 V AconfigFlags: Read Aconfig default flag value com.android.media.flags.enable_prevention_of_keep_alive_route_providers = true
1788779392.951 10316 24461 24482 V AconfigFlags: Read Aconfig default flag value com.android.media.flags.enable_prevention_of_manager_scans_when_no_apps_scan = true
1788779392.951 10316 24461 24482 V AconfigFlags: Read Aconfig default flag value com.android.media.flags.enable_privileged_routing_for_media_routing_control = true
1788779392.951 10316 24461 24482 V AconfigFlags: Read Aconfig default flag value com.android.media.flags.enable_rlp_callbacks_in_media_router2 = true
1788779392.951 10316 24461 24482 V AconfigFlags: Read Aconfig default flag value com.android.media.flags.enable_screen_off_scanning = true
1788779392.951 10316 24461 24482 V AconfigFlags: Read Aconfig default flag value com.android.media.flags.enable_use_of_bluetooth_device_get_alias_for_mr2info_get_name = true
1788779392.951 10316 24461 24482 V AconfigFlags: Read Aconfig default flag value com.android.media.flags.enable_waiting_state_for_system_session_creation_request = true
1788779392.951 10316 24461 24482 V AconfigFlags: Read Aconfig default flag value com.android.media.flags.fallback_to_default_handling_when_media_session_has_fixed_volume_handling = true
1788779392.951 10316 24461 24482 V AconfigFlags: Read Aconfig default flag value com.android.media.performance.flags.media_description_ashmem_bitmap = true
1788779392.951 10316 24461 24482 V AconfigFlags: Read Aconfig default flag value com.android.media.playback.flags.mediametadataretriever_default_rgba8888 = true
1788779392.951 10316 24461 24482 V AconfigFlags: Read Aconfig default flag value com.android.media.projection.flags.limit_manage_media_projection = false
1788779392.951 10316 24461 24482 V AconfigFlags: Read Aconfig default flag value com.android.net.thread.platform.flags.thread_enabled_platform = false
1788779392.951 10316 24461 24482 V AconfigFlags: Read Aconfig default flag value com.android.net.thread.platform.flags.thread_user_restriction_enabled = false
1788779392.951 10316 24461 24482 V AconfigFlags: Read Aconfig default flag value com.android.nfc.flags.auto_disable_observe_mode = false
1788779392.951 10316 24461 24482 V AconfigFlags: Read Aconfig default flag value com.android.nfc.flags.reduce_state_transition = true
1788779392.951 10316 24461 24482 V AconfigFlags: Read Aconfig default flag value com.android.nfc.flags.statsd_ce_events_flag = true
1788779392.951 10316 24461 24482 V AconfigFlags: Read Aconfig default flag value com.android.nfc.flags.test_flag = false
1788779392.951 10316 24461 24482 V AconfigFlags: Read Aconfig default flag value com.android.nfc.nci.flags.t5t_no_getsysinfo = false
1788779392.951 10316 24461 24482 V AconfigFlags: Read Aconfig default flag value com.android.providers.contactkeys.flags.contactkeys_strip_fix = true
1788779392.951 10316 24461 24482 V AconfigFlags: Read Aconfig default flag value com.android.providers.settings.ignore_xml_for_read_only_flags = true
1788779392.951 10316 24461 24482 V AconfigFlags: Read Aconfig default flag value com.android.providers.settings.load_aconfig_defaults = true
1788779392.951 10316 24461 24482 V AconfigFlags: Read Aconfig default flag value com.android.providers.settings.load_apex_aconfig_protobufs = true
1788779392.951 10316 24461 24482 V AconfigFlags: Read Aconfig default flag value com.android.providers.settings.stage_all_aconfig_flags = true
1788779392.951 10316 24461 24482 V AconfigFlags: Read Aconfig default flag value com.android.providers.settings.storage_test_mission_1 = false
1788779392.951 10316 24461 24482 V AconfigFlags: Read Aconfig default flag value com.android.providers.settings.support_overrides = false
1788779392.951 10316 24461 24482 V AconfigFlags: Read Aconfig default flag value com.android.server.accessibility.add_window_token_without_lock = false
1788779392.951 10316 24461 24482 V AconfigFlags: Read Aconfig default flag value com.android.server.accessibility.cleanup_a11y_overlays = false
1788779392.952 10316 24461 24482 V AconfigFlags: Read Aconfig default flag value com.android.server.accessibility.clear_default_from_a11y_shortcut_target_service_restore = true
1788779392.952 10316 24461 24482 V AconfigFlags: Read Aconfig default flag value com.android.server.accessibility.compute_window_changes_on_a11y_v2 = true
1788779392.952 10316 24461 24482 V AconfigFlags: Read Aconfig default flag value com.android.server.accessibility.deprecate_package_list_observer = false
1788779392.952 10316 24461 24482 V AconfigFlags: Read Aconfig default flag value com.android.server.accessibility.disable_continuous_shortcut_on_force_stop = false
1788779392.952 10316 24461 24482 V AconfigFlags: Read Aconfig default flag value com.android.server.accessibility.do_not_reset_key_event_state = true
1788779392.952 10316 24461 24482 V AconfigFlags: Read Aconfig default flag value com.android.server.accessibility.enable_a11y_checker_logging = false
1788779392.952 10316 24461 24482 V AconfigFlags: Read Aconfig default flag value com.android.server.accessibility.enable_color_correction_saturation = false
1788779392.952 10316 24461 24482 V AconfigFlags: Read Aconfig default flag value com.android.server.accessibility.enable_hardware_shortcut_disables_warning = false
1788779392.952 10316 24461 24482 V AconfigFlags: Read Aconfig default flag value com.android.server.accessibility.enable_magnification_joystick = false
1788779392.952 10316 24461 24482 V AconfigFlags: Read Aconfig default flag value com.android.server.accessibility.enable_magnification_multiple_finger_multiple_tap_gesture = false
1788779392.952 10316 24461 24482 V AconfigFlags: Read Aconfig default flag value com.android.server.accessibility.enable_magnification_one_finger_panning_gesture = false
1788779392.952 10316 24461 24482 V AconfigFlags: Read Aconfig default flag value com.android.server.accessibility.fix_drag_pointer_when_ending_drag = false
1788779392.952 10316 24461 24482 V AconfigFlags: Read Aconfig default flag value com.android.server.accessibility.focus_click_point_window_bounds_from_a11y_window_info = false
1788779392.952 10316 24461 24482 V AconfigFlags: Read Aconfig default flag value com.android.server.accessibility.fullscreen_fling_gesture = false
1788779392.952 10316 24461 24482 V AconfigFlags: Read Aconfig default flag value com.android.server.accessibility.handle_multi_device_input = false
1788779392.952 10316 24461 24482 V AconfigFlags: Read Aconfig default flag value com.android.server.accessibility.manager_avoid_receiver_timeout = true
1788779392.952 10316 24461 24482 V AconfigFlags: Read Aconfig default flag value com.android.server.accessibility.manager_package_monitor_logic_fix = true
1788779392.952 10316 24461 24482 V AconfigFlags: Read Aconfig default flag value com.android.server.accessibility.pinch_zoom_zero_min_span = true
1788779392.952 10316 24461 24482 V AconfigFlags: Read Aconfig default flag value com.android.server.accessibility.proxy_use_apps_on_virtual_device_listener = true
1788779392.952 10316 24461 24482 V AconfigFlags: Read Aconfig default flag value com.android.server.accessibility.remove_on_window_infos_changed_handler = false
1788779392.952 10316 24461 24482 V AconfigFlags: Read Aconfig default flag value com.android.server.accessibility.reset_hover_event_timer_on_action_up = false
1788779392.952 10316 24461 24482 V AconfigFlags: Read Aconfig default flag value com.android.server.accessibility.resettable_dynamic_properties = false
1788779392.952 10316 24461 24482 V AconfigFlags: Read Aconfig default flag value com.android.server.accessibility.scan_packages_without_lock = true
1788779392.952 10316 24461 24482 V AconfigFlags: Read Aconfig default flag value com.android.server.accessibility.send_a11y_events_based_on_state = false
1788779392.952 10316 24461 24482 V AconfigFlags: Read Aconfig default flag value com.android.server.accessibility.send_hover_events_based_on_event_stream = true
1788779392.952 10316 24461 24482 V AconfigFlags: Read Aconfig default flag value com.android.server.accessibility.skip_package_change_before_user_switch = false
1788779392.952 10316 24461 24482 V AconfigFlags: Read Aconfig default flag value com.android.server.alarm.start_user_before_scheduled_alarms = false
1788779392.952 10316 24461 24482 V AconfigFlags: Read Aconfig default flag value com.android.server.alarm.use_frozen_state_to_drop_listener_alarms = true
1788779392.952 10316 24461 24482 V AconfigFlags: Read Aconfig default flag value com.android.server.am.avoid_repeated_bcast_re_enqueues = true
1788779392.952 10316 24461 24482 V AconfigFlags: Read Aconfig default flag value com.android.server.am.avoid_resolving_type = true
1788779392.952 10316 24461 24482 V AconfigFlags: Read Aconfig default flag value com.android.server.am.batching_oom_adj = false
1788779392.952 10316 24461 24482 V AconfigFlags: Read Aconfig default flag value com.android.server.am.bfgs_managed_network_access = false
1788779392.952 10316 24461 24482 V AconfigFlags: Read Aconfig default flag value com.android.server.am.defer_outgoing_broadcasts = false
1788779392.952 10316 24461 24482 V AconfigFlags: Read Aconfig default flag value com.android.server.am.fgs_abuse_detection = false
1788779392.952 10316 24461 24482 V AconfigFlags: Read Aconfig default flag value com.android.server.am.fgs_boot_completed = true
1788779392.952 10316 24461 24482 V AconfigFlags: Read Aconfig default flag value com.android.server.am.fgs_disable_saw = true
1788779392.952 10316 24461 24482 V AconfigFlags: Read Aconfig default flag value com.android.server.am.follow_up_oomadj_updates = false
1788779392.952 10316 24461 24482 V AconfigFlags: Read Aconfig default flag value com.android.server.am.log_excessive_binder_proxies = false
1788779392.952 10316 24461 24482 V AconfigFlags: Read Aconfig default flag value com.android.server.am.migrate_full_oomadj_updates = true
1788779392.952 10316 24461 24482 V AconfigFlags: Read Aconfig default flag value com.android.server.am.new_fgs_restriction_logic = true
1788779392.952 10316 24461 24482 V AconfigFlags: Read Aconfig default flag value com.android.server.am.oomadjuster_correctness_rewrite = true
1788779392.952 10316 24461 24482 V AconfigFlags: Read Aconfig default flag value com.android.server.am.service_binding_oom_adj_policy = true
1788779392.952 10316 24461 24482 V AconfigFlags: Read Aconfig default flag value com.android.server.am.simplify_process_traversal = true
1788779392.952 10316 24461 24482 V AconfigFlags: Read Aconfig default flag value com.android.server.am.skip_unimportant_connections = false
1788779392.952 10316 24461 24482 V AconfigFlags: Read Aconfig default flag value com.android.server.am.trace_receiver_registration = true
1788779392.952 10316 24461 24482 V AconfigFlags: Read Aconfig default flag value com.android.server.am.use_permission_manager_for_broadcast_delivery_check = true
1788779392.952 10316 24461 24482 V AconfigFlags: Read Aconfig default flag value com.android.server.appop.flags.enable_jingyue = false
1788779392.952 10316 24461 24482 V AconfigFlags: Read Aconfig default flag value com.android.server.backup.enable_clear_pipe_after_restore_file = true
1788779392.953 10316 24461 24482 V AconfigFlags: Read Aconfig default flag value com.android.server.backup.enable_increase_datatypes_for_agent_logging = true
1788779392.953 10316 24461 24482 V AconfigFlags: Read Aconfig default flag value com.android.server.backup.enable_increased_bmm_logging_for_restore_at_install = false
1788779392.953 10316 24461 24482 V AconfigFlags: Read Aconfig default flag value com.android.server.backup.enable_max_size_writes_to_pipes = true
1788779392.953 10316 24461 24482 V AconfigFlags: Read Aconfig default flag value com.android.server.backup.enable_metrics_system_backup_agents = true
1788779392.953 10316 24461 24482 V AconfigFlags: Read Aconfig default flag value com.android.server.backup.enable_skipping_restore_launched_apps = false
1788779392.953 10316 24461 24482 V AconfigFlags: Read Aconfig default flag value com.android.server.backup.enable_v_to_u_restore_for_system_components_in_allowlist = false
1788779392.953 10316 24461 24482 V AconfigFlags: Read Aconfig default flag value com.android.server.biometrics.face_vhal_feature = false
1788779392.953 10316 24461 24482 V AconfigFlags: Read Aconfig default flag value com.android.server.biometrics.use_vhal_for_testing = false
1788779392.953 10316 24461 24482 V AconfigFlags: Read Aconfig default flag value com.android.server.companion.virtual.dump_history = true
1788779392.953 10316 24461 24482 V AconfigFlags: Read Aconfig default flag value com.android.server.connectivity.replace_vpn_profile_store = false
1788779392.953 10316 24461 24482 V AconfigFlags: Read Aconfig default flag value com.android.server.contextualsearch.flags.enable_exclude_persistent_ui = false
1788779392.953 10316 24461 24482 V AconfigFlags: Read Aconfig default flag value com.android.server.deviceidle.disable_wakelocks_in_light_idle = false
1788779392.953 10316 24461 24482 V AconfigFlags: Read Aconfig default flag value com.android.server.deviceidle.remove_idle_location = false
1788779392.953 10316 24461 24482 V AconfigFlags: Read Aconfig default flag value com.android.server.display.feature.flags.always_rotate_display_device = true
1788779392.953 10316 24461 24482 V AconfigFlags: Read Aconfig default flag value com.android.server.display.feature.flags.auto_brightness_modes = true
1788779392.953 10316 24461 24482 V AconfigFlags: Read Aconfig default flag value com.android.server.display.feature.flags.back_up_smooth_display_and_force_peak_refresh_rate = true
1788779392.953 10316 24461 24482 V AconfigFlags: Read Aconfig default flag value com.android.server.display.feature.flags.brightness_int_range_user_perception = false
1788779392.953 10316 24461 24482 V AconfigFlags: Read Aconfig default flag value com.android.server.display.feature.flags.brightness_wear_bedtime_mode_clamper = true
1788779392.953 10316 24461 24482 V AconfigFlags: Read Aconfig default flag value com.android.server.display.feature.flags.enable_adaptive_tone_improvements_1 = true
1788779392.953 10316 24461 24482 V AconfigFlags: Read Aconfig default flag value com.android.server.display.feature.flags.enable_adaptive_tone_improvements_2 = true
1788779392.953 10316 24461 24482 V AconfigFlags: Read Aconfig default flag value com.android.server.display.feature.flags.enable_connected_display_error_handling = true
1788779392.953 10316 24461 24482 V AconfigFlags: Read Aconfig default flag value com.android.server.display.feature.flags.enable_connected_display_management = false
1788779392.953 10316 24461 24482 V AconfigFlags: Read Aconfig default flag value com.android.server.display.feature.flags.enable_display_offload = true
1788779392.953 10316 24461 24482 V AconfigFlags: Read Aconfig default flag value com.android.server.display.feature.flags.enable_display_resolution_range_voting = false
1788779392.953 10316 24461 24482 V AconfigFlags: Read Aconfig default flag value com.android.server.display.feature.flags.enable_displays_refresh_rates_synchronization = false
1788779392.953 10316 24461 24482 V AconfigFlags: Read Aconfig default flag value com.android.server.display.feature.flags.enable_hdr_clamper = true
1788779392.953 10316 24461 24482 V AconfigFlags: Read Aconfig default flag value com.android.server.display.feature.flags.enable_mode_limit_for_external_display = true
1788779392.953 10316 24461 24482 V AconfigFlags: Read Aconfig default flag value com.android.server.display.feature.flags.enable_nbm_controller = false
1788779392.953 10316 24461 24482 V AconfigFlags: Read Aconfig default flag value com.android.server.display.feature.flags.enable_peak_refresh_rate_physical_limit = true
1788779392.953 10316 24461 24482 V AconfigFlags: Read Aconfig default flag value com.android.server.display.feature.flags.enable_pixel_anisotropy_correction = true
1788779392.953 10316 24461 24482 V AconfigFlags: Read Aconfig default flag value com.android.server.display.feature.flags.enable_port_in_display_layout = true
1788779392.953 10316 24461 24482 V AconfigFlags: Read Aconfig default flag value com.android.server.display.feature.flags.enable_power_throttling_clamper = false
1788779392.953 10316 24461 24482 V AconfigFlags: Read Aconfig default flag value com.android.server.display.feature.flags.enable_restrict_display_modes = true
1788779392.953 10316 24461 24482 V AconfigFlags: Read Aconfig default flag value com.android.server.display.feature.flags.enable_synthetic_60hz_modes = false
1788779392.953 10316 24461 24482 V AconfigFlags: Read Aconfig default flag value com.android.server.display.feature.flags.enable_user_preferred_mode_vote = false
1788779392.953 10316 24461 24482 V AconfigFlags: Read Aconfig default flag value com.android.server.display.feature.flags.enable_vsync_low_light_vote = true
1788779392.953 10316 24461 24482 V AconfigFlags: Read Aconfig default flag value com.android.server.display.feature.flags.enable_vsync_low_power_vote = true
1788779392.953 10316 24461 24482 V AconfigFlags: Read Aconfig default flag value com.android.server.display.feature.flags.even_dimmer = false
1788779392.953 10316 24461 24482 V AconfigFlags: Read Aconfig default flag value com.android.server.display.feature.flags.fast_hdr_transitions = true
1788779392.953 10316 24461 24482 V AconfigFlags: Read Aconfig default flag value com.android.server.display.feature.flags.idle_screen_refresh_rate_timeout = true
1788779392.953 10316 24461 24482 V AconfigFlags: Read Aconfig default flag value com.android.server.display.feature.flags.ignore_app_preferred_refresh_rate_request = true
1788779392.953 10316 24461 24482 V AconfigFlags: Read Aconfig default flag value com.android.server.display.feature.flags.offload_controls_doze_auto_brightness = false
1788779392.954 10316 24461 24482 V AconfigFlags: Read Aconfig default flag value com.android.server.display.feature.flags.offload_doze_override_holds_wakelock = false
1788779392.954 10316 24461 24482 V AconfigFlags: Read Aconfig default flag value com.android.server.display.feature.flags.refactor_display_power_controller = false
1788779392.954 10316 24461 24482 V AconfigFlags: Read Aconfig default flag value com.android.server.display.feature.flags.refresh_rate_voting_telemetry = true
1788779392.954 10316 24461 24482 V AconfigFlags: Read Aconfig default flag value com.android.server.display.feature.flags.resolution_backup_restore = true
1788779392.954 10316 24461 24482 V AconfigFlags: Read Aconfig default flag value com.android.server.display.feature.flags.sensor_based_brightness_throttling = true
1788779392.954 10316 24461 24482 V AconfigFlags: Read Aconfig default flag value com.android.server.display.feature.flags.use_fusion_prox_sensor = false
1788779392.954 10316 24461 24482 V AconfigFlags: Read Aconfig default flag value com.android.server.dreams.use_battery_changed_broadcast = true
1788779392.954 10316 24461 24482 V AconfigFlags: Read Aconfig default flag value com.android.server.feature.flags.enable_read_dropbox_permission = true
1788779392.954 10316 24461 24482 V AconfigFlags: Read Aconfig default flag value com.android.server.flags.disable_system_compaction = true
1788779392.954 10316 24461 24482 V AconfigFlags: Read Aconfig default flag value com.android.server.flags.enable_odp_feature_guard = true
1788779392.954 10316 24461 24482 V AconfigFlags: Read Aconfig default flag value com.android.server.flags.new_bugreport_keyboard_shortcut = true
1788779392.954 10316 24461 24482 V AconfigFlags: Read Aconfig default flag value com.android.server.flags.pin_webview = true
1788779392.954 10316 24461 24482 V AconfigFlags: Read Aconfig default flag value com.android.server.flags.pkg_targeted_battery_changed_not_sticky = true
1788779392.954 10316 24461 24482 V AconfigFlags: Read Aconfig default flag value com.android.server.flags.skip_home_art_pins = false
1788779392.954 10316 24461 24482 V AconfigFlags: Read Aconfig default flag value com.android.server.job.batch_active_bucket_jobs = false
1788779392.954 10316 24461 24482 V AconfigFlags: Read Aconfig default flag value com.android.server.job.batch_connectivity_jobs_per_network = false
1788779392.954 10316 24461 24482 V AconfigFlags: Read Aconfig default flag value com.android.server.job.count_quota_fix = true
1788779392.954 10316 24461 24482 V AconfigFlags: Read Aconfig default flag value com.android.server.job.do_not_force_rush_execution_at_boot = false
1788779392.954 10316 24461 24482 V AconfigFlags: Read Aconfig default flag value com.android.server.job.relax_prefetch_connectivity_constraint_only_on_charger = true
1788779392.954 10316 24461 24482 V AconfigFlags: Read Aconfig default flag value com.android.server.job.thermal_restrictions_to_fgs_jobs = false
1788779392.954 10316 24461 24482 V AconfigFlags: Read Aconfig default flag value com.android.server.net.network_blocked_for_top_sleeping_and_above = true
1788779392.954 10316 24461 24482 V AconfigFlags: Read Aconfig default flag value com.android.server.net.use_different_delays_for_background_chain = false
1788779392.954 10316 24461 24482 V AconfigFlags: Read Aconfig default flag value com.android.server.net.use_metered_firewall_chains = true
1788779392.954 10316 24461 24482 V AconfigFlags: Read Aconfig default flag value com.android.server.notification.all_notifs_need_ttl = false
1788779392.954 10316 24461 24482 V AconfigFlags: Read Aconfig default flag value com.android.server.notification.autogroup_summary_icon_update = true
1788779392.954 10316 24461 24482 V AconfigFlags: Read Aconfig default flag value com.android.server.notification.cross_app_polite_notifications = false
1788779392.954 10316 24461 24482 V AconfigFlags: Read Aconfig default flag value com.android.server.notification.exit_invalid_cancel_early = false
1788779392.954 10316 24461 24482 V AconfigFlags: Read Aconfig default flag value com.android.server.notification.expire_bitmaps = true
1788779392.954 10316 24461 24482 V AconfigFlags: Read Aconfig default flag value com.android.server.notification.notification_custom_view_uri_restriction = false
1788779392.954 10316 24461 24482 V AconfigFlags: Read Aconfig default flag value com.android.server.notification.notification_hide_unused_channels = false
1788779392.954 10316 24461 24482 V AconfigFlags: Read Aconfig default flag value com.android.server.notification.notification_reduce_messagequeue_usage = false
1788779392.954 10316 24461 24482 V AconfigFlags: Read Aconfig default flag value com.android.server.notification.notification_test = false
1788779392.954 10316 24461 24482 V AconfigFlags: Read Aconfig default flag value com.android.server.notification.persist_incomplete_restore_data = true
1788779392.954 10316 24461 24482 V AconfigFlags: Read Aconfig default flag value com.android.server.notification.polite_notifications = false
1788779392.954 10316 24461 24482 V AconfigFlags: Read Aconfig default flag value com.android.server.notification.polite_notifications_attn_update = false
1788779392.954 10316 24461 24482 V AconfigFlags: Read Aconfig default flag value com.android.server.notification.refactor_attention_helper = true
1788779392.954 10316 24461 24482 V AconfigFlags: Read Aconfig default flag value com.android.server.notification.reject_old_notifications = false
1788779392.954 10316 24461 24482 V AconfigFlags: Read Aconfig default flag value com.android.server.notification.screenshare_notification_hiding = true
1788779392.954 10316 24461 24482 V AconfigFlags: Read Aconfig default flag value com.android.server.notification.trace_cancel_events = false
1788779392.954 10316 24461 24482 V AconfigFlags: Read Aconfig default flag value com.android.server.notification.use_ipcdatacache_channels = false
1788779392.954 10316 24461 24482 V AconfigFlags: Read Aconfig default flag value com.android.server.notification.use_ssm_user_switch_signal = false
1788779392.954 10316 24461 24482 V AconfigFlags: Read Aconfig default flag value com.android.server.notification.vibrate_while_unlocked = false
1788779392.955 10316 24461 24482 V AconfigFlags: Read Aconfig default flag value com.android.server.os.async_start_bugreport = false
1788779392.955 10316 24461 24482 V AconfigFlags: Read Aconfig default flag value com.android.server.os.proto_tombstone = false
1788779392.955 10316 24461 24482 V AconfigFlags: Read Aconfig default flag value com.android.server.policy.support_input_wakeup_delegate = true
1788779392.955 10316 24461 24482 V AconfigFlags: Read Aconfig default flag value com.android.server.power.batterysaver.update_auto_turn_on_notification_string_and_action = true
1788779392.956 10316 24461 24482 V AconfigFlags: Read Aconfig default flag value com.android.server.power.feature.flags.enable_early_screen_timeout_detector = true
1788779392.956 10316 24461 24482 V AconfigFlags: Read Aconfig default flag value com.android.server.power.feature.flags.improve_wakelock_latency = false
1788779392.956 10316 24461 24482 V AconfigFlags: Read Aconfig default flag value com.android.server.power.hint.adpf_session_tag = false
1788779392.956 10316 24461 24482 V AconfigFlags: Read Aconfig default flag value com.android.server.power.hint.powerhint_thread_cleanup = true
1788779392.956 10316 24461 24482 V AconfigFlags: Read Aconfig default flag value com.android.server.power.optimization.disable_system_service_power_attr = true
1788779392.957 10316 24461 24482 V AconfigFlags: Read Aconfig default flag value com.android.server.power.optimization.oneway_battery_stats_service = false
1788779392.957 10316 24461 24482 V AconfigFlags: Read Aconfig default flag value com.android.server.power.optimization.power_monitor_api = true
1788779392.957 10316 24461 24482 V AconfigFlags: Read Aconfig default flag value com.android.server.power.optimization.streamlined_battery_stats = false
1788779392.957 10316 24461 24482 V AconfigFlags: Read Aconfig default flag value com.android.server.power.optimization.streamlined_connectivity_battery_stats = false
1788779392.957 10316 24461 24482 V AconfigFlags: Read Aconfig default flag value com.android.server.power.optimization.streamlined_misc_battery_stats = false
1788779392.957 10316 24461 24482 V AconfigFlags: Read Aconfig default flag value com.android.server.powerstats.alarm_based_powerstats_logging = false
1788779392.957 10316 24461 24482 V AconfigFlags: Read Aconfig default flag value com.android.server.stats.add_mobile_bytes_transfer_by_proc_state_puller = true
1788779392.957 10316 24461 24482 V AconfigFlags: Read Aconfig default flag value com.android.server.telecom.flags.add_call_uri_for_missed_calls = true
1788779392.957 10316 24461 24482 V AconfigFlags: Read Aconfig default flag value com.android.server.telecom.flags.associated_user_refactor_for_work_profile = true
1788779392.957 10316 24461 24482 V AconfigFlags: Read Aconfig default flag value com.android.server.telecom.flags.available_routes_never_updated_after_set_system_audio_state = true
1788779392.957 10316 24461 24482 V AconfigFlags: Read Aconfig default flag value com.android.server.telecom.flags.business_call_composer = true
1788779392.957 10316 24461 24482 V AconfigFlags: Read Aconfig default flag value com.android.server.telecom.flags.cache_call_audio_callbacks = false
1788779392.957 10316 24461 24482 V AconfigFlags: Read Aconfig default flag value com.android.server.telecom.flags.call_audio_communication_device_refactor = true
1788779392.957 10316 24461 24482 V AconfigFlags: Read Aconfig default flag value com.android.server.telecom.flags.call_details_id_changes = true
1788779392.957 10316 24461 24482 V AconfigFlags: Read Aconfig default flag value com.android.server.telecom.flags.cancel_removal_on_emergency_redial = true
1788779392.957 10316 24461 24482 V AconfigFlags: Read Aconfig default flag value com.android.server.telecom.flags.clear_communication_device_after_audio_ops_complete = true
1788779392.957 10316 24461 24482 V AconfigFlags: Read Aconfig default flag value com.android.server.telecom.flags.communication_device_protected_by_lock = true
1788779392.958 10316 24461 24482 V AconfigFlags: Read Aconfig default flag value com.android.server.telecom.flags.early_binding_to_incall_service = true
1788779392.958 10316 24461 24482 V AconfigFlags: Read Aconfig default flag value com.android.server.telecom.flags.early_update_internal_call_audio_state = false
1788779392.958 10316 24461 24482 V AconfigFlags: Read Aconfig default flag value com.android.server.telecom.flags.ecc_keyguard = true
1788779392.958 10316 24461 24482 V AconfigFlags: Read Aconfig default flag value com.android.server.telecom.flags.enable_call_sequencing = false
1788779392.958 10316 24461 24482 V AconfigFlags: Read Aconfig default flag value com.android.server.telecom.flags.ensure_audio_mode_updates_on_foreground_call_change = true
1788779392.958 10316 24461 24482 V AconfigFlags: Read Aconfig default flag value com.android.server.telecom.flags.fix_audio_flicker_for_outgoing_calls = true
1788779392.958 10316 24461 24482 V AconfigFlags: Read Aconfig default flag value com.android.server.telecom.flags.gen_anom_report_on_focus_timeout = false
1788779392.958 10316 24461 24482 V AconfigFlags: Read Aconfig default flag value com.android.server.telecom.flags.get_last_known_cell_identity = false
1788779392.958 10316 24461 24482 V AconfigFlags: Read Aconfig default flag value com.android.server.telecom.flags.get_registered_phone_accounts = true
1788779392.958 10316 24461 24482 V AconfigFlags: Read Aconfig default flag value com.android.server.telecom.flags.ignore_auto_route_to_watch_device = true
1788779392.958 10316 24461 24482 V AconfigFlags: Read Aconfig default flag value com.android.server.telecom.flags.is_new_outgoing_call_broadcast_unblocking = true
1788779392.958 10316 24461 24482 V AconfigFlags: Read Aconfig default flag value com.android.server.telecom.flags.only_update_telephony_on_valid_sub_ids = true
1788779392.958 10316 24461 24482 V AconfigFlags: Read Aconfig default flag value com.android.server.telecom.flags.postpone_register_to_leaudio = false
1788779392.958 10316 24461 24482 V AconfigFlags: Read Aconfig default flag value com.android.server.telecom.flags.profile_user_support = true
1788779392.958 10316 24461 24482 V AconfigFlags: Read Aconfig default flag value com.android.server.telecom.flags.reset_mute_when_entering_quiescent_bt_route = false
1788779392.958 10316 24461 24482 V AconfigFlags: Read Aconfig default flag value com.android.server.telecom.flags.resolve_switching_bt_devices_computation = false
1788779392.958 10316 24461 24482 V AconfigFlags: Read Aconfig default flag value com.android.server.telecom.flags.separately_bind_to_bt_incall_service = false
1788779392.958 10316 24461 24482 V AconfigFlags: Read Aconfig default flag value com.android.server.telecom.flags.set_audio_mode_before_abandon_focus = true
1788779392.958 10316 24461 24482 V AconfigFlags: Read Aconfig default flag value com.android.server.telecom.flags.set_mute_state = true
1788779392.958 10316 24461 24482 V AconfigFlags: Read Aconfig default flag value com.android.server.telecom.flags.set_remote_connection_call_id = false
1788779392.958 10316 24461 24482 V AconfigFlags: Read Aconfig default flag value com.android.server.telecom.flags.skip_filter_phone_account_perform_dnd_filter = true
1788779392.958 10316 24461 24482 V AconfigFlags: Read Aconfig default flag value com.android.server.telecom.flags.telecom_log_external_wearable_calls = true
1788779392.958 10316 24461 24482 V AconfigFlags: Read Aconfig default flag value com.android.server.telecom.flags.telecom_mainline_blocked_numbers_manager = false
1788779392.958 10316 24461 24482 V AconfigFlags: Read Aconfig default flag value com.android.server.telecom.flags.telecom_resolve_hidden_dependencies = false
1788779392.958 10316 24461 24482 V AconfigFlags: Read Aconfig default flag value com.android.server.telecom.flags.telecom_skip_log_based_on_extra = true
1788779392.958 10316 24461 24482 V AconfigFlags: Read Aconfig default flag value com.android.server.telecom.flags.telephony_has_default_but_telecom_does_not = false
1788779392.958 10316 24461 24482 V AconfigFlags: Read Aconfig default flag value com.android.server.telecom.flags.transactional_cs_verifier = false
1788779392.958 10316 24461 24482 V AconfigFlags: Read Aconfig default flag value com.android.server.telecom.flags.transactional_hold_disconnects_unholdable = false
1788779392.958 10316 24461 24482 V AconfigFlags: Read Aconfig default flag value com.android.server.telecom.flags.transactional_video_state = true
1788779392.958 10316 24461 24482 V AconfigFlags: Read Aconfig default flag value com.android.server.telecom.flags.transit_route_before_audio_disconnect_bt = false
1788779392.958 10316 24461 24482 V AconfigFlags: Read Aconfig default flag value com.android.server.telecom.flags.unregister_unresolvable_accounts = false
1788779392.958 10316 24461 24482 V AconfigFlags: Read Aconfig default flag value com.android.server.telecom.flags.update_route_mask_when_bt_connected = false
1788779392.958 10316 24461 24482 V AconfigFlags: Read Aconfig default flag value com.android.server.telecom.flags.updated_rcs_call_count_tracking = false
1788779392.958 10316 24461 24482 V AconfigFlags: Read Aconfig default flag value com.android.server.telecom.flags.use_actual_address_to_enter_connecting_state = true
1788779392.958 10316 24461 24482 V AconfigFlags: Read Aconfig default flag value com.android.server.telecom.flags.use_device_provided_serialized_ringer_vibration = true
1788779392.958 10316 24461 24482 V AconfigFlags: Read Aconfig default flag value com.android.server.telecom.flags.use_improved_listener_order = true
1788779392.958 10316 24461 24482 V AconfigFlags: Read Aconfig default flag value com.android.server.telecom.flags.use_refactored_audio_route_switching = false
1788779392.958 10316 24461 24482 V AconfigFlags: Read Aconfig default flag value com.android.server.telecom.flags.voip_app_actions_support = true
1788779392.958 10316 24461 24482 V AconfigFlags: Read Aconfig default flag value com.android.server.usage.avoid_idle_check = false
1788779392.958 10316 24461 24482 V AconfigFlags: Read Aconfig default flag value com.android.server.usb.flags.allow_restriction_of_overlay_activities = true
1788779392.958 10316 24461 24482 V AconfigFlags: Read Aconfig default flag value com.android.server.usb.flags.enable_bind_to_mtp_service = true
1788779392.958 10316 24461 24482 V AconfigFlags: Read Aconfig default flag value com.android.server.utils.anr_timer_freezer = false
1788779392.958 10316 24461 24482 V AconfigFlags: Read Aconfig default flag value com.android.server.utils.anr_timer_service = false
1788779392.958 10316 24461 24482 V AconfigFlags: Read Aconfig default flag value com.android.server.wm.miui_bar_follow_animation = true
1788779392.959 10316 24461 24482 V AconfigFlags: Read Aconfig default flag value com.android.server.wm.miui_element_animation = true
1788779392.959 10316 24461 24482 V AconfigFlags: Read Aconfig default flag value com.android.server.wm.miuix_astc = true
1788779392.959 10316 24461 24482 V AconfigFlags: Read Aconfig default flag value com.android.settingslib.flags.allow_all_widgets_on_lockscreen_by_default = false
1788779392.959 10316 24461 24482 V AconfigFlags: Read Aconfig default flag value com.android.settingslib.flags.bluetooth_qs_tile_dialog_auto_on_toggle = false
1788779392.959 10316 24461 24482 V AconfigFlags: Read Aconfig default flag value com.android.settingslib.flags.enable_cached_bluetooth_device_dedup = true
1788779392.959 10316 24461 24482 V AconfigFlags: Read Aconfig default flag value com.android.settingslib.flags.enable_determining_advanced_details_header_with_metadata = true
1788779392.959 10316 24461 24482 V AconfigFlags: Read Aconfig default flag value com.android.settingslib.flags.enable_determining_spatial_audio_attributes_by_profile = true
1788779392.960 10316 24461 24482 V AconfigFlags: Read Aconfig default flag value com.android.settingslib.flags.enable_hide_exclusively_managed_bluetooth_device = true
1788779392.960 10316 24461 24482 V AconfigFlags: Read Aconfig default flag value com.android.settingslib.flags.enable_le_audio_qr_code_private_broadcast_sharing = false
1788779392.960 10316 24461 24482 V AconfigFlags: Read Aconfig default flag value com.android.settingslib.flags.enable_le_audio_sharing = false
1788779392.960 10316 24461 24482 V AconfigFlags: Read Aconfig default flag value com.android.settingslib.flags.enable_set_preferred_transport_for_le_audio_device = true
1788779392.960 10316 24461 24482 V AconfigFlags: Read Aconfig default flag value com.android.settingslib.flags.legacy_le_audio_sharing = false
1788779392.960 10316 24461 24482 V AconfigFlags: Read Aconfig default flag value com.android.settingslib.flags.new_status_bar_icons = false
1788779392.960 10316 24461 24482 V AconfigFlags: Read Aconfig default flag value com.android.settingslib.media.flags.enable_output_switcher_for_system_routing = true
1788779392.960 10316 24461 24482 V AconfigFlags: Read Aconfig default flag value com.android.settingslib.media.flags.enable_tv_media_output_dialog = false
1788779392.960 10316 24461 24482 V AconfigFlags: Read Aconfig default flag value com.android.settingslib.media.flags.remove_unnecessary_route_scanning = true
1788779392.960 10316 24461 24482 V AconfigFlags: Read Aconfig default flag value com.android.settingslib.media.flags.use_media_router2_for_info_media_manager = true
1788779392.960 10316 24461 24482 V AconfigFlags: Read Aconfig default flag value com.android.settingslib.media.flags.use_playback_info_for_routing_controls = true
1788779392.960 10316 24461 24482 V AconfigFlags: Read Aconfig default flag value com.android.settingslib.widget.flags.auto_hide_empty_lottie_res = true
1788779392.960 10316 24461 24482 V AconfigFlags: Read Aconfig default flag value com.android.systemui.activity_transition_use_largest_window = true
1788779392.960 10316 24461 24482 V AconfigFlags: Read Aconfig default flag value com.android.systemui.ambient_touch_monitor_listen_to_display_changes = false
1788779392.960 10316 24461 24482 V AconfigFlags: Read Aconfig default flag value com.android.systemui.app_clips_backlinks = false
1788779392.960 10316 24461 24482 V AconfigFlags: Read Aconfig default flag value com.android.systemui.bind_keyguard_media_visibility = true
1788779392.960 10316 24461 24482 V AconfigFlags: Read Aconfig default flag value com.android.systemui.bp_talkback = true
1788779392.960 10316 24461 24482 V AconfigFlags: Read Aconfig default flag value com.android.systemui.brightness_slider_focus_state = false
1788779392.960 10316 24461 24482 V AconfigFlags: Read Aconfig default flag value com.android.systemui.centralized_status_bar_height_fix = true
1788779392.960 10316 24461 24482 V AconfigFlags: Read Aconfig default flag value com.android.systemui.clipboard_noninteractive_on_lockscreen = false
1788779392.960 10316 24461 24482 V AconfigFlags: Read Aconfig default flag value com.android.systemui.clock_reactive_variants = false
1788779392.960 10316 24461 24482 V AconfigFlags: Read Aconfig default flag value com.android.systemui.communal_bouncer_do_not_modify_plugin_open = false
1788779392.960 10316 24461 24482 V AconfigFlags: Read Aconfig default flag value com.android.systemui.communal_hub = false
1788779392.960 10316 24461 24482 V AconfigFlags: Read Aconfig default flag value com.android.systemui.compose_bouncer = false
1788779392.960 10316 24461 24482 V AconfigFlags: Read Aconfig default flag value com.android.systemui.compose_lockscreen = false
1788779392.960 10316 24461 24482 V AconfigFlags: Read Aconfig default flag value com.android.systemui.confine_notification_touch_to_view_width = false
1788779392.960 10316 24461 24482 V AconfigFlags: Read Aconfig default flag value com.android.systemui.constraint_bp = true
1788779392.960 10316 24461 24482 V AconfigFlags: Read Aconfig default flag value com.android.systemui.contextual_tips_assistant_dismiss_fix = true
1788779392.960 10316 24461 24482 V AconfigFlags: Read Aconfig default flag value com.android.systemui.coroutine_tracing = false
1788779392.960 10316 24461 24482 V AconfigFlags: Read Aconfig default flag value com.android.systemui.create_windowless_window_magnifier = true
1788779392.960 10316 24461 24482 V AconfigFlags: Read Aconfig default flag value com.android.systemui.dedicated_notif_inflation_thread = true
1788779392.960 10316 24461 24482 V AconfigFlags: Read Aconfig default flag value com.android.systemui.delay_show_magnification_button = true
1788779392.960 10316 24461 24482 V AconfigFlags: Read Aconfig default flag value com.android.systemui.delayed_wakelock_release_on_background_thread = true
1788779392.960 10316 24461 24482 V AconfigFlags: Read Aconfig default flag value com.android.systemui.device_entry_udfps_refactor = true
1788779392.960 10316 24461 24482 V AconfigFlags: Read Aconfig default flag value com.android.systemui.disable_contextual_tips_frequency_check = false
1788779392.960 10316 24461 24482 V AconfigFlags: Read Aconfig default flag value com.android.systemui.disable_contextual_tips_ios_switcher_check = false
1788779392.960 10316 24461 24482 V AconfigFlags: Read Aconfig default flag value com.android.systemui.dozeui_scheduling_alarms_background_execution = false
1788779392.960 10316 24461 24482 V AconfigFlags: Read Aconfig default flag value com.android.systemui.dream_input_session_pilfer_once = false
1788779392.960 10316 24461 24482 V AconfigFlags: Read Aconfig default flag value com.android.systemui.dream_overlay_bouncer_swipe_direction_filtering = true
1788779392.960 10316 24461 24482 V AconfigFlags: Read Aconfig default flag value com.android.systemui.dual_shade = false
1788779392.960 10316 24461 24482 V AconfigFlags: Read Aconfig default flag value com.android.systemui.edge_back_gesture_handler_thread = false
1788779392.960 10316 24461 24482 V AconfigFlags: Read Aconfig default flag value com.android.systemui.edgeback_gesture_handler_get_running_tasks_background = false
1788779392.960 10316 24461 24482 V AconfigFlags: Read Aconfig default flag value com.android.systemui.enable_background_keyguard_ondrawn_callback = true
1788779392.960 10316 24461 24482 V AconfigFlags: Read Aconfig default flag value com.android.systemui.enable_contextual_tip_for_mute_volume = false
1788779392.961 10316 24461 24482 V AconfigFlags: Read Aconfig default flag value com.android.systemui.enable_contextual_tip_for_power_off = true
1788779392.961 10316 24461 24482 V AconfigFlags: Read Aconfig default flag value com.android.systemui.enable_contextual_tip_for_take_screenshot = true
1788779392.961 10316 24461 24482 V AconfigFlags: Read Aconfig default flag value com.android.systemui.enable_contextual_tips = true
1788779392.961 10316 24461 24482 V AconfigFlags: Read Aconfig default flag value com.android.systemui.enable_efficient_display_repository = false
1788779392.961 10316 24461 24482 V AconfigFlags: Read Aconfig default flag value com.android.systemui.enable_layout_tracing = false
1788779392.961 10316 24461 24482 V AconfigFlags: Read Aconfig default flag value com.android.systemui.enable_view_capture_tracing = false
1788779392.961 10316 24461 24482 V AconfigFlags: Read Aconfig default flag value com.android.systemui.enable_widget_picker_size_filter = false
1788779392.961 10316 24461 24482 V AconfigFlags: Read Aconfig default flag value com.android.systemui.enforce_brightness_base_user_restriction = true
1788779392.961 10316 24461 24482 V AconfigFlags: Read Aconfig default flag value com.android.systemui.example_flag = false
1788779392.961 10316 24461 24482 V AconfigFlags: Read Aconfig default flag value com.android.systemui.fast_unlock_transition = false
1788779392.961 10316 24461 24482 V AconfigFlags: Read Aconfig default flag value com.android.systemui.fix_image_wallpaper_crash_surface_already_released = false
1788779392.961 10316 24461 24482 V AconfigFlags: Read Aconfig default flag value com.android.systemui.fix_screenshot_action_dismiss_system_windows = true
1788779392.961 10316 24461 24482 V AconfigFlags: Read Aconfig default flag value com.android.systemui.floating_menu_animated_tuck = false
1788779392.961 10316 24461 24482 V AconfigFlags: Read Aconfig default flag value com.android.systemui.floating_menu_drag_to_edit = true
1788779392.961 10316 24461 24482 V AconfigFlags: Read Aconfig default flag value com.android.systemui.floating_menu_drag_to_hide = false
1788779392.961 10316 24461 24482 V AconfigFlags: Read Aconfig default flag value com.android.systemui.floating_menu_ime_displacement_animation = false
1788779392.961 10316 24461 24482 V AconfigFlags: Read Aconfig default flag value com.android.systemui.floating_menu_narrow_target_content_observer = true
1788779392.961 10316 24461 24482 V AconfigFlags: Read Aconfig default flag value com.android.systemui.floating_menu_overlaps_nav_bars_flag = false
1788779392.961 10316 24461 24482 V AconfigFlags: Read Aconfig default flag value com.android.systemui.floating_menu_radii_animation = false
1788779392.961 10316 24461 24482 V AconfigFlags: Read Aconfig default flag value com.android.systemui.get_connected_device_name_unsynchronized = true
1788779392.961 10316 24461 24482 V AconfigFlags: Read Aconfig default flag value com.android.systemui.glanceable_hub_allow_keyguard_when_dreaming = false
1788779392.961 10316 24461 24482 V AconfigFlags: Read Aconfig default flag value com.android.systemui.glanceable_hub_fullscreen_swipe = false
1788779392.961 10316 24461 24482 V AconfigFlags: Read Aconfig default flag value com.android.systemui.glanceable_hub_gesture_handle = false
1788779392.961 10316 24461 24482 V AconfigFlags: Read Aconfig default flag value com.android.systemui.glanceable_hub_shortcut_button = false
1788779392.961 10316 24461 24482 V AconfigFlags: Read Aconfig default flag value com.android.systemui.haptic_brightness_slider = true
1788779392.961 10316 24461 24482 V AconfigFlags: Read Aconfig default flag value com.android.systemui.haptic_volume_slider = true
1788779392.961 10316 24461 24482 V AconfigFlags: Read Aconfig default flag value com.android.systemui.hearing_aids_qs_tile_dialog = true
1788779392.961 10316 24461 24482 V AconfigFlags: Read Aconfig default flag value com.android.systemui.hearing_devices_dialog_related_tools = true
1788779392.961 10316 24461 24482 V AconfigFlags: Read Aconfig default flag value com.android.systemui.keyboard_docking_indicator = false
1788779392.961 10316 24461 24482 V AconfigFlags: Read Aconfig default flag value com.android.systemui.keyboard_shortcut_helper_rewrite = false
1788779392.961 10316 24461 24482 V AconfigFlags: Read Aconfig default flag value com.android.systemui.keyguard_bottom_area_refactor = false
1788779392.961 10316 24461 24482 V AconfigFlags: Read Aconfig default flag value com.android.systemui.keyguard_wm_state_refactor = false
1788779392.961 10316 24461 24482 V AconfigFlags: Read Aconfig default flag value com.android.systemui.light_reveal_migration = false
1788779392.961 10316 24461 24482 V AconfigFlags: Read Aconfig default flag value com.android.systemui.media_controls_lockscreen_shade_bug_fix = true
1788779392.961 10316 24461 24482 V AconfigFlags: Read Aconfig default flag value com.android.systemui.media_controls_refactor = false
1788779392.961 10316 24461 24482 V AconfigFlags: Read Aconfig default flag value com.android.systemui.media_controls_user_initiated_deleteintent = true
1788779392.961 10316 24461 24482 V AconfigFlags: Read Aconfig default flag value com.android.systemui.migrate_clocks_to_blueprint = false
1788779392.961 10316 24461 24482 V AconfigFlags: Read Aconfig default flag value com.android.systemui.new_aod_transition = true
1788779392.961 10316 24461 24482 V AconfigFlags: Read Aconfig default flag value com.android.systemui.new_touchpad_gestures_tutorial = false
1788779392.961 10316 24461 24482 V AconfigFlags: Read Aconfig default flag value com.android.systemui.new_volume_panel = true
1788779392.961 10316 24461 24482 V AconfigFlags: Read Aconfig default flag value com.android.systemui.notification_async_group_header_inflation = false
1788779392.961 10316 24461 24482 V AconfigFlags: Read Aconfig default flag value com.android.systemui.notification_async_hybrid_view_inflation = false
1788779392.961 10316 24461 24482 V AconfigFlags: Read Aconfig default flag value com.android.systemui.notification_avalanche_suppression = false
1788779392.961 10316 24461 24482 V AconfigFlags: Read Aconfig default flag value com.android.systemui.notification_avalanche_throttle_hun = false
1788779392.961 10316 24461 24482 V AconfigFlags: Read Aconfig default flag value com.android.systemui.notification_background_tint_optimization = true
1788779392.962 10316 24461 24482 V AconfigFlags: Read Aconfig default flag value com.android.systemui.notification_color_update_logger = false
1788779392.962 10316 24461 24482 V AconfigFlags: Read Aconfig default flag value com.android.systemui.notification_content_alpha_optimization = false
1788779392.962 10316 24461 24482 V AconfigFlags: Read Aconfig default flag value com.android.systemui.notification_footer_background_tint_optimization = false
1788779392.962 10316 24461 24482 V AconfigFlags: Read Aconfig default flag value com.android.systemui.notification_media_manager_background_execution = false
1788779392.962 10316 24461 24482 V AconfigFlags: Read Aconfig default flag value com.android.systemui.notification_minimalism_prototype = false
1788779392.962 10316 24461 24482 V AconfigFlags: Read Aconfig default flag value com.android.systemui.notification_over_expansion_clipping_fix = true
1788779392.962 10316 24461 24482 V AconfigFlags: Read Aconfig default flag value com.android.systemui.notification_pulsing_fix = false
1788779392.962 10316 24461 24482 V AconfigFlags: Read Aconfig default flag value com.android.systemui.notification_row_content_binder_refactor = false
1788779392.962 10316 24461 24482 V AconfigFlags: Read Aconfig default flag value com.android.systemui.notification_row_user_context = true
1788779392.962 10316 24461 24482 V AconfigFlags: Read Aconfig default flag value com.android.systemui.notification_view_flipper_pausing_v2 = true
1788779392.962 10316 24461 24482 V AconfigFlags: Read Aconfig default flag value com.android.systemui.notifications_background_icons = false
1788779392.962 10316 24461 24482 V AconfigFlags: Read Aconfig default flag value com.android.systemui.notifications_footer_view_refactor = false
1788779392.962 10316 24461 24482 V AconfigFlags: Read Aconfig default flag value com.android.systemui.notifications_heads_up_refactor = false
1788779392.962 10316 24461 24482 V AconfigFlags: Read Aconfig default flag value com.android.systemui.notifications_hide_on_display_switch = false
1788779392.962 10316 24461 24482 V AconfigFlags: Read Aconfig default flag value com.android.systemui.notifications_icon_container_refactor = true
1788779392.962 10316 24461 24482 V AconfigFlags: Read Aconfig default flag value com.android.systemui.notifications_improved_hun_animation = true
1788779392.962 10316 24461 24482 V AconfigFlags: Read Aconfig default flag value com.android.systemui.notifications_live_data_store_refactor = false
1788779392.962 10316 24461 24482 V AconfigFlags: Read Aconfig default flag value com.android.systemui.notify_power_manager_user_activity_background = true
1788779392.962 10316 24461 24482 V AconfigFlags: Read Aconfig default flag value com.android.systemui.pin_input_field_styled_focus_state = true
1788779392.962 10316 24461 24482 V AconfigFlags: Read Aconfig default flag value com.android.systemui.predictive_back_animate_bouncer = true
1788779392.962 10316 24461 24482 V AconfigFlags: Read Aconfig default flag value com.android.systemui.predictive_back_animate_dialogs = true
1788779392.962 10316 24461 24482 V AconfigFlags: Read Aconfig default flag value com.android.systemui.predictive_back_animate_shade = false
1788779392.962 10316 24461 24482 V AconfigFlags: Read Aconfig default flag value com.android.systemui.predictive_back_sysui = true
1788779392.962 10316 24461 24482 V AconfigFlags: Read Aconfig default flag value com.android.systemui.priority_people_section = false
1788779392.962 10316 24461 24482 V AconfigFlags: Read Aconfig default flag value com.android.systemui.privacy_dot_unfold_wrong_corner_fix = true
1788779392.962 10316 24461 24482 V AconfigFlags: Read Aconfig default flag value com.android.systemui.pss_app_selector_abrupt_exit_fix = true
1788779392.962 10316 24461 24482 V AconfigFlags: Read Aconfig default flag value com.android.systemui.pss_app_selector_recents_split_screen = true
1788779392.962 10316 24461 24482 V AconfigFlags: Read Aconfig default flag value com.android.systemui.pss_task_switcher = false
1788779392.962 10316 24461 24482 V AconfigFlags: Read Aconfig default flag value com.android.systemui.qs_custom_tile_click_guaranteed_bug_fix = true
1788779392.962 10316 24461 24482 V AconfigFlags: Read Aconfig default flag value com.android.systemui.qs_new_pipeline = true
1788779392.962 10316 24461 24482 V AconfigFlags: Read Aconfig default flag value com.android.systemui.qs_new_tiles = false
1788779392.962 10316 24461 24482 V AconfigFlags: Read Aconfig default flag value com.android.systemui.qs_new_tiles_future = false
1788779392.962 10316 24461 24482 V AconfigFlags: Read Aconfig default flag value com.android.systemui.qs_tile_focus_state = false
1788779392.962 10316 24461 24482 V AconfigFlags: Read Aconfig default flag value com.android.systemui.qs_ui_refactor = false
1788779392.962 10316 24461 24482 V AconfigFlags: Read Aconfig default flag value com.android.systemui.quick_settings_visual_haptics_longpress = false
1788779392.962 10316 24461 24482 V AconfigFlags: Read Aconfig default flag value com.android.systemui.record_issue_qs_tile = false
1788779392.962 10316 24461 24482 V AconfigFlags: Read Aconfig default flag value com.android.systemui.refactor_get_current_user = true
1788779392.962 10316 24461 24482 V AconfigFlags: Read Aconfig default flag value com.android.systemui.register_battery_controller_receivers_in_corestartable = false
1788779392.962 10316 24461 24482 V AconfigFlags: Read Aconfig default flag value com.android.systemui.register_new_wallet_card_in_background = true
1788779392.962 10316 24461 24482 V AconfigFlags: Read Aconfig default flag value com.android.systemui.register_wallpaper_notifier_background = true
1788779392.962 10316 24461 24482 V AconfigFlags: Read Aconfig default flag value com.android.systemui.register_zen_mode_content_observer_background = true
1788779392.962 10316 24461 24482 V AconfigFlags: Read Aconfig default flag value com.android.systemui.remove_dream_overlay_hide_on_touch = true
1788779392.962 10316 24461 24482 V AconfigFlags: Read Aconfig default flag value com.android.systemui.rest_to_unlock = false
1788779392.962 10316 24461 24482 V AconfigFlags: Read Aconfig default flag value com.android.systemui.restart_dream_on_unocclude = false
1788779392.963 10316 24461 24482 V AconfigFlags: Read Aconfig default flag value com.android.systemui.revamped_bouncer_messages = true
1788779392.963 10316 24461 24482 V AconfigFlags: Read Aconfig default flag value com.android.systemui.run_fingerprint_detect_on_dismissible_keyguard = false
1788779392.963 10316 24461 24482 V AconfigFlags: Read Aconfig default flag value com.android.systemui.save_and_restore_magnification_settings_buttons = false
1788779392.963 10316 24461 24482 V AconfigFlags: Read Aconfig default flag value com.android.systemui.scene_container = false
1788779392.963 10316 24461 24482 V AconfigFlags: Read Aconfig default flag value com.android.systemui.screenshare_notification_hiding_bug_fix = true
1788779392.963 10316 24461 24482 V AconfigFlags: Read Aconfig default flag value com.android.systemui.screenshot_action_dismiss_system_windows = false
1788779392.963 10316 24461 24482 V AconfigFlags: Read Aconfig default flag value com.android.systemui.screenshot_private_profile_accessibility_announcement_fix = true
1788779392.963 10316 24461 24482 V AconfigFlags: Read Aconfig default flag value com.android.systemui.screenshot_private_profile_behavior_fix = true
1788779392.963 10316 24461 24482 V AconfigFlags: Read Aconfig default flag value com.android.systemui.screenshot_scroll_crop_view_crash_fix = true
1788779392.963 10316 24461 24482 V AconfigFlags: Read Aconfig default flag value com.android.systemui.screenshot_shelf_ui2 = true
1788779392.963 10316 24461 24482 V AconfigFlags: Read Aconfig default flag value com.android.systemui.shade_collapse_activity_launch_fix = false
1788779392.963 10316 24461 24482 V AconfigFlags: Read Aconfig default flag value com.android.systemui.shaderlib_loading_effect_refactor = false
1788779392.963 10316 24461 24482 V AconfigFlags: Read Aconfig default flag value com.android.systemui.shared.bouncer_area_exclusion = true
1788779392.963 10316 24461 24482 V AconfigFlags: Read Aconfig default flag value com.android.systemui.shared.enable_home_delay = false
1788779392.963 10316 24461 24482 V AconfigFlags: Read Aconfig default flag value com.android.systemui.shared.example_shared_flag = false
1788779392.963 10316 24461 24482 V AconfigFlags: Read Aconfig default flag value com.android.systemui.shared.return_animation_framework_library = false
1788779392.963 10316 24461 24482 V AconfigFlags: Read Aconfig default flag value com.android.systemui.shared.shade_allow_back_gesture = false
1788779392.963 10316 24461 24482 V AconfigFlags: Read Aconfig default flag value com.android.systemui.shared.sidefps_controller_refactor = true
1788779392.963 10316 24461 24482 V AconfigFlags: Read Aconfig default flag value com.android.systemui.slice_broadcast_relay_in_background = false
1788779392.963 10316 24461 24482 V AconfigFlags: Read Aconfig default flag value com.android.systemui.slice_manager_binder_call_background = true
1788779392.963 10316 24461 24482 V AconfigFlags: Read Aconfig default flag value com.android.systemui.smartspace_lockscreen_viewmodel = false
1788779392.963 10316 24461 24482 V AconfigFlags: Read Aconfig default flag value com.android.systemui.smartspace_relocate_to_bottom = false
1788779392.963 10316 24461 24482 V AconfigFlags: Read Aconfig default flag value com.android.systemui.smartspace_remoteviews_rendering = false
1788779392.963 10316 24461 24482 V AconfigFlags: Read Aconfig default flag value com.android.systemui.status_bar_monochrome_icons_fix = true
1788779392.963 10316 24461 24482 V AconfigFlags: Read Aconfig default flag value com.android.systemui.status_bar_screen_sharing_chips = false
1788779392.963 10316 24461 24482 V AconfigFlags: Read Aconfig default flag value com.android.systemui.status_bar_static_inout_indicators = false
1788779392.963 10316 24461 24482 V AconfigFlags: Read Aconfig default flag value com.android.systemui.switch_user_on_bg = true
1788779392.963 10316 24461 24482 V AconfigFlags: Read Aconfig default flag value com.android.systemui.sysui_teamfood = false
1788779392.963 10316 24461 24482 V AconfigFlags: Read Aconfig default flag value com.android.systemui.theme_overlay_controller_wakefulness_deprecation = false
1788779392.963 10316 24461 24482 V AconfigFlags: Read Aconfig default flag value com.android.systemui.translucent_occluding_activity_fix = true
1788779392.963 10316 24461 24482 V AconfigFlags: Read Aconfig default flag value com.android.systemui.truncated_status_bar_icons_fix = true
1788779392.963 10316 24461 24482 V AconfigFlags: Read Aconfig default flag value com.android.systemui.udfps_view_performance = true
1788779392.963 10316 24461 24482 V AconfigFlags: Read Aconfig default flag value com.android.systemui.unfold_animation_background_progress = true
1788779392.963 10316 24461 24482 V AconfigFlags: Read Aconfig default flag value com.android.systemui.update_user_switcher_background = true
1788779392.963 10316 24461 24482 V AconfigFlags: Read Aconfig default flag value com.android.systemui.validate_keyboard_shortcut_helper_icon_uri = false
1788779392.963 10316 24461 24482 V AconfigFlags: Read Aconfig default flag value com.android.systemui.visual_interruptions_refactor = true
1788779392.965 10316 24461 24482 V AconfigFlags: Read Aconfig default flag value com.android.text.flags.complete_font_load_in_system_services_ready = true
1788779392.965 10316 24461 24482 V AconfigFlags: Read Aconfig default flag value com.android.text.flags.deprecate_ui_fonts = true
1788779392.965 10316 24461 24482 V AconfigFlags: Read Aconfig default flag value com.android.text.flags.disable_handwriting_initiator_for_ime = true
1788779392.965 10316 24461 24482 V AconfigFlags: Read Aconfig default flag value com.android.text.flags.escape_clears_focus = true
1788779392.965 10316 24461 24482 V AconfigFlags: Read Aconfig default flag value com.android.text.flags.fix_double_underline = true
1788779392.965 10316 24461 24482 V AconfigFlags: Read Aconfig default flag value com.android.text.flags.fix_font_update_failure = true
1788779392.965 10316 24461 24482 V AconfigFlags: Read Aconfig default flag value com.android.text.flags.fix_line_height_for_locale = true
1788779392.965 10316 24461 24482 V AconfigFlags: Read Aconfig default flag value com.android.text.flags.fix_misaligned_context_menu = true
1788779392.965 10316 24461 24482 V AconfigFlags: Read Aconfig default flag value com.android.text.flags.fix_null_typeface_bolding = false
1788779392.965 10316 24461 24482 V AconfigFlags: Read Aconfig default flag value com.android.text.flags.handwriting_cursor_position = true
1788779392.965 10316 24461 24482 V AconfigFlags: Read Aconfig default flag value com.android.text.flags.handwriting_end_of_line_tap = true
1788779392.965 10316 24461 24482 V AconfigFlags: Read Aconfig default flag value com.android.text.flags.handwriting_gesture_with_transformation = true
1788779392.965 10316 24461 24482 V AconfigFlags: Read Aconfig default flag value com.android.text.flags.handwriting_unsupported_message = true
1788779392.965 10316 24461 24482 V AconfigFlags: Read Aconfig default flag value com.android.text.flags.icu_bidi_migration = true
1788779392.965 10316 24461 24482 V AconfigFlags: Read Aconfig default flag value com.android.text.flags.insert_mode_crash_update_layout_span = true
1788779392.965 10316 24461 24482 V AconfigFlags: Read Aconfig default flag value com.android.text.flags.insert_mode_crash_when_delete = true
1788779392.965 10316 24461 24482 V AconfigFlags: Read Aconfig default flag value com.android.text.flags.insert_mode_highlight_range = true
1788779392.965 10316 24461 24482 V AconfigFlags: Read Aconfig default flag value com.android.text.flags.insert_mode_not_update_selection = false
1788779392.965 10316 24461 24482 V AconfigFlags: Read Aconfig default flag value com.android.text.flags.lazy_variation_instance = true
1788779392.965 10316 24461 24482 V AconfigFlags: Read Aconfig default flag value com.android.text.flags.letter_spacing_justification = true
1788779392.965 10316 24461 24482 V AconfigFlags: Read Aconfig default flag value com.android.text.flags.missing_getter_apis = false
1788779392.965 10316 24461 24482 V AconfigFlags: Read Aconfig default flag value com.android.text.flags.miui_layout_engine = false
1788779392.965 10316 24461 24482 V AconfigFlags: Read Aconfig default flag value com.android.text.flags.miui_layout_engine_second_version = true
1788779392.965 10316 24461 24482 V AconfigFlags: Read Aconfig default flag value com.android.text.flags.new_fonts_fallback_xml = true
1788779392.965 10316 24461 24482 V AconfigFlags: Read Aconfig default flag value com.android.text.flags.no_break_no_hyphenation_span = true
1788779392.965 10316 24461 24482 V AconfigFlags: Read Aconfig default flag value com.android.text.flags.phrase_strict_fallback = true
1788779392.965 10316 24461 24482 V AconfigFlags: Read Aconfig default flag value com.android.text.flags.rust_hyphenator = false
1788779392.965 10316 24461 24482 V AconfigFlags: Read Aconfig default flag value com.android.text.flags.use_bounds_for_width = true
1788779392.965 10316 24461 24482 V AconfigFlags: Read Aconfig default flag value com.android.text.flags.use_optimized_boottime_font_loading = true
1788779392.965 10316 24461 24482 V AconfigFlags: Read Aconfig default flag value com.android.text.flags.vendor_custom_locale_fallback = true
1788779392.965 10316 24461 24482 V AconfigFlags: Read Aconfig default flag value com.android.text.flags.word_style_auto = true
1788779392.965 10316 24461 24482 V AconfigFlags: Read Aconfig default flag value com.android.window.flags.activity_embedding_animation_customization_flag = false
1788779392.965 10316 24461 24482 V AconfigFlags: Read Aconfig default flag value com.android.window.flags.activity_embedding_interactive_divider_flag = true
1788779392.965 10316 24461 24482 V AconfigFlags: Read Aconfig default flag value com.android.window.flags.activity_embedding_overlay_presentation_flag = true
1788779392.965 10316 24461 24482 V AconfigFlags: Read Aconfig default flag value com.android.window.flags.activity_snapshot_by_default = true
1788779392.966 10316 24461 24482 V AconfigFlags: Read Aconfig default flag value com.android.window.flags.activity_window_info_flag = true
1788779392.966 10316 24461 24482 V AconfigFlags: Read Aconfig default flag value com.android.window.flags.allow_disable_activity_record_input_sink = true
1788779392.966 10316 24461 24482 V AconfigFlags: Read Aconfig default flag value com.android.window.flags.allow_hide_scm_button = true
1788779392.966 10316 24461 24482 V AconfigFlags: Read Aconfig default flag value com.android.window.flags.allows_screen_size_decoupled_from_status_bar_and_cutout = true
1788779392.966 10316 24461 24482 V AconfigFlags: Read Aconfig default flag value com.android.window.flags.always_defer_transition_when_apply_wct = true
1788779392.966 10316 24461 24482 V AconfigFlags: Read Aconfig default flag value com.android.window.flags.always_draw_magnification_fullscreen_border = true
1788779392.966 10316 24461 24482 V AconfigFlags: Read Aconfig default flag value com.android.window.flags.always_update_wallpaper_permission = true
1788779392.966 10316 24461 24482 V AconfigFlags: Read Aconfig default flag value com.android.window.flags.app_compat_properties_api = true
1788779392.966 10316 24461 24482 V AconfigFlags: Read Aconfig default flag value com.android.window.flags.app_compat_refactoring = false
1788779392.966 10316 24461 24482 V AconfigFlags: Read Aconfig default flag value com.android.window.flags.bal_dont_bring_existing_background_task_stack_to_fg = true
1788779392.966 10316 24461 24482 V AconfigFlags: Read Aconfig default flag value com.android.window.flags.bal_improve_real_caller_visibility_check = true
1788779392.966 10316 24461 24482 V AconfigFlags: Read Aconfig default flag value com.android.window.flags.bal_improved_metrics = false
1788779392.966 10316 24461 24482 V AconfigFlags: Read Aconfig default flag value com.android.window.flags.bal_require_opt_in_by_pending_intent_creator = true
1788779392.966 10316 24461 24482 V AconfigFlags: Read Aconfig default flag value com.android.window.flags.bal_require_opt_in_same_uid = false
1788779392.966 10316 24461 24482 V AconfigFlags: Read Aconfig default flag value com.android.window.flags.bal_respect_app_switch_state_when_check_bound_by_foreground_uid = true
1788779392.966 10316 24461 24482 V AconfigFlags: Read Aconfig default flag value com.android.window.flags.bal_show_toasts = false
1788779392.966 10316 24461 24482 V AconfigFlags: Read Aconfig default flag value com.android.window.flags.bal_show_toasts_blocked = false
1788779392.966 10316 24461 24482 V AconfigFlags: Read Aconfig default flag value com.android.window.flags.blast_sync_notification_shade_on_display_switch = false
1788779392.966 10316 24461 24482 V AconfigFlags: Read Aconfig default flag value com.android.window.flags.bundle_client_transaction_flag = true
1788779392.966 10316 24461 24482 V AconfigFlags: Read Aconfig default flag value com.android.window.flags.camera_compat_for_freeform = false
1788779392.966 10316 24461 24482 V AconfigFlags: Read Aconfig default flag value com.android.window.flags.close_to_square_config_includes_status_bar = false
1788779392.966 10316 24461 24482 V AconfigFlags: Read Aconfig default flag value com.android.window.flags.configurable_font_scale_default = true
1788779392.966 10316 24461 24482 V AconfigFlags: Read Aconfig default flag value com.android.window.flags.cover_display_opt_in = true
1788779392.966 10316 24461 24482 V AconfigFlags: Read Aconfig default flag value com.android.window.flags.defer_display_updates = true
1788779392.966 10316 24461 24482 V AconfigFlags: Read Aconfig default flag value com.android.window.flags.delay_notification_to_magnification_when_recents_window_to_front_transition = true
1788779392.966 10316 24461 24482 V AconfigFlags: Read Aconfig default flag value com.android.window.flags.delegate_unhandled_drags = true
1788779392.966 10316 24461 24482 V AconfigFlags: Read Aconfig default flag value com.android.window.flags.delete_capture_display = true
1788779392.966 10316 24461 24482 V AconfigFlags: Read Aconfig default flag value com.android.window.flags.density_390_api = true
1788779392.966 10316 24461 24482 V AconfigFlags: Read Aconfig default flag value com.android.window.flags.disable_object_pool = false
1788779392.966 10316 24461 24482 V AconfigFlags: Read Aconfig default flag value com.android.window.flags.disable_thin_letterboxing_policy = true
1788779392.966 10316 24461 24482 V AconfigFlags: Read Aconfig default flag value com.android.window.flags.do_not_check_intersection_when_non_magnifiable_window_transitions = false
1788779392.966 10316 24461 24482 V AconfigFlags: Read Aconfig default flag value com.android.window.flags.draw_snapshot_aspect_ratio_match = false
1788779392.966 10316 24461 24482 V AconfigFlags: Read Aconfig default flag value com.android.window.flags.edge_to_edge_by_default = false
1788779392.966 10316 24461 24482 V AconfigFlags: Read Aconfig default flag value com.android.window.flags.embedded_activity_back_nav_flag = true
1788779392.966 10316 24461 24482 V AconfigFlags: Read Aconfig default flag value com.android.window.flags.enable_additional_windows_above_status_bar = false
1788779392.966 10316 24461 24482 V AconfigFlags: Read Aconfig default flag value com.android.window.flags.enable_app_header_with_task_density = false
1788779392.966 10316 24461 24482 V AconfigFlags: Read Aconfig default flag value com.android.window.flags.enable_buffer_transform_hint_from_display = true
1788779392.966 10316 24461 24482 V AconfigFlags: Read Aconfig default flag value com.android.window.flags.enable_camera_compat_for_desktop_windowing = false
1788779392.967 10316 24461 24482 V AconfigFlags: Read Aconfig default flag value com.android.window.flags.enable_compatui_sysui_launcher = false
1788779392.967 10316 24461 24482 V AconfigFlags: Read Aconfig default flag value com.android.window.flags.enable_desktop_windowing_immersive_handle_hiding = false
1788779392.967 10316 24461 24482 V AconfigFlags: Read Aconfig default flag value com.android.window.flags.enable_desktop_windowing_modals_policy = false
1788779392.967 10316 24461 24482 V AconfigFlags: Read Aconfig default flag value com.android.window.flags.enable_desktop_windowing_mode = false
1788779392.967 10316 24461 24482 V AconfigFlags: Read Aconfig default flag value com.android.window.flags.enable_desktop_windowing_quick_switch = false
1788779392.967 10316 24461 24482 V AconfigFlags: Read Aconfig default flag value com.android.window.flags.enable_desktop_windowing_scvh_cache = false
1788779392.967 10316 24461 24482 V AconfigFlags: Read Aconfig default flag value com.android.window.flags.enable_desktop_windowing_size_constraints = false
1788779392.967 10316 24461 24482 V AconfigFlags: Read Aconfig default flag value com.android.window.flags.enable_desktop_windowing_task_limit = false
1788779392.967 10316 24461 24482 V AconfigFlags: Read Aconfig default flag value com.android.window.flags.enable_desktop_windowing_taskbar_running_apps = false
1788779392.967 10316 24461 24482 V AconfigFlags: Read Aconfig default flag value com.android.window.flags.enable_desktop_windowing_wallpaper_activity = false
1788779392.967 10316 24461 24482 V AconfigFlags: Read Aconfig default flag value com.android.window.flags.enable_scaled_resizing = false
1788779392.967 10316 24461 24482 V AconfigFlags: Read Aconfig default flag value com.android.window.flags.enable_task_stack_observer_in_shell = false
1788779392.967 10316 24461 24482 V AconfigFlags: Read Aconfig default flag value com.android.window.flags.enable_themed_app_headers = false
1788779392.967 10316 24461 24482 V AconfigFlags: Read Aconfig default flag value com.android.window.flags.enable_windowing_dynamic_initial_bounds = false
1788779392.967 10316 24461 24482 V AconfigFlags: Read Aconfig default flag value com.android.window.flags.enable_windowing_edge_drag_resize = false
1788779392.967 10316 24461 24482 V AconfigFlags: Read Aconfig default flag value com.android.window.flags.enable_wm_extensions_for_all_flag = true
1788779392.967 10316 24461 24482 V AconfigFlags: Read Aconfig default flag value com.android.window.flags.enforce_edge_to_edge = true
1788779392.967 10316 24461 24482 V AconfigFlags: Read Aconfig default flag value com.android.window.flags.ensure_wallpaper_in_transitions = false
1788779392.967 10316 24461 24482 V AconfigFlags: Read Aconfig default flag value com.android.window.flags.explicit_refresh_rate_hints = true
1788779392.967 10316 24461 24482 V AconfigFlags: Read Aconfig default flag value com.android.window.flags.fifo_priority_for_major_ui_processes = false
1788779392.967 10316 24461 24482 V AconfigFlags: Read Aconfig default flag value com.android.window.flags.fix_no_container_update_without_resize = true
1788779392.967 10316 24461 24482 V AconfigFlags: Read Aconfig default flag value com.android.window.flags.fix_pip_restore_to_overlay = true
1788779392.967 10316 24461 24482 V AconfigFlags: Read Aconfig default flag value com.android.window.flags.fullscreen_dim_flag = true
1788779392.967 10316 24461 24482 V AconfigFlags: Read Aconfig default flag value com.android.window.flags.get_dimmer_on_closing = false
1788779392.967 10316 24461 24482 V AconfigFlags: Read Aconfig default flag value com.android.window.flags.immersive_app_repositioning = true
1788779392.967 10316 24461 24482 V AconfigFlags: Read Aconfig default flag value com.android.window.flags.insets_control_changed_item = true
1788779392.967 10316 24461 24482 V AconfigFlags: Read Aconfig default flag value com.android.window.flags.insets_control_seq = false
1788779392.967 10316 24461 24482 V AconfigFlags: Read Aconfig default flag value com.android.window.flags.insets_decoupled_configuration = true
1788779392.967 10316 24461 24482 V AconfigFlags: Read Aconfig default flag value com.android.window.flags.introduce_smoother_dimmer = true
1788779392.967 10316 24461 24482 V AconfigFlags: Read Aconfig default flag value com.android.window.flags.keyguard_appear_transition = true
1788779392.967 10316 24461 24482 V AconfigFlags: Read Aconfig default flag value com.android.window.flags.letterbox_background_wallpaper = false
1788779392.967 10316 24461 24482 V AconfigFlags: Read Aconfig default flag value com.android.window.flags.movable_cutout_configuration = true
1788779392.967 10316 24461 24482 V AconfigFlags: Read Aconfig default flag value com.android.window.flags.move_animation_options_to_change = false
1788779392.967 10316 24461 24482 V AconfigFlags: Read Aconfig default flag value com.android.window.flags.multi_crop = true
1788779392.967 10316 24461 24482 V AconfigFlags: Read Aconfig default flag value com.android.window.flags.nav_bar_transparent_by_default = false
1788779392.967 10316 24461 24482 V AconfigFlags: Read Aconfig default flag value com.android.window.flags.no_consecutive_visibility_events = true
1788779392.967 10316 24461 24482 V AconfigFlags: Read Aconfig default flag value com.android.window.flags.no_visibility_event_on_display_state_change = false
1788779392.967 10316 24461 24482 V AconfigFlags: Read Aconfig default flag value com.android.window.flags.offload_color_extraction = false
1788779392.967 10316 24461 24482 V AconfigFlags: Read Aconfig default flag value com.android.window.flags.predictive_back_system_anims = true
1788779392.967 10316 24461 24482 V AconfigFlags: Read Aconfig default flag value com.android.window.flags.rear_display_disable_force_desktop_system_decorations = false
1788779392.967 10316 24461 24482 V AconfigFlags: Read Aconfig default flag value com.android.window.flags.release_snapshot_aggressively = false
1788779392.967 10316 24461 24482 V AconfigFlags: Read Aconfig default flag value com.android.window.flags.remove_prepare_surface_in_placement = true
1788779392.967 10316 24461 24482 V AconfigFlags: Read Aconfig default flag value com.android.window.flags.screen_recording_callbacks = true
1788779392.968 10316 24461 24482 V AconfigFlags: Read Aconfig default flag value com.android.window.flags.sdk_desired_present_time = true
1788779392.968 10316 24461 24482 V AconfigFlags: Read Aconfig default flag value com.android.window.flags.secure_window_state = true
1788779392.968 10316 24461 24482 V AconfigFlags: Read Aconfig default flag value com.android.window.flags.set_sc_properties_in_client = false
1788779392.968 10316 24461 24482 V AconfigFlags: Read Aconfig default flag value com.android.window.flags.skip_sleeping_when_switching_display = false
1788779392.968 10316 24461 24482 V AconfigFlags: Read Aconfig default flag value com.android.window.flags.supports_multi_instance_system_ui = true
1788779392.968 10316 24461 24482 V AconfigFlags: Read Aconfig default flag value com.android.window.flags.surface_control_input_receiver = true
1788779392.968 10316 24461 24482 V AconfigFlags: Read Aconfig default flag value com.android.window.flags.surface_trusted_overlay = true
1788779392.968 10316 24461 24482 V AconfigFlags: Read Aconfig default flag value com.android.window.flags.sync_screen_capture = true
1788779392.968 10316 24461 24482 V AconfigFlags: Read Aconfig default flag value com.android.window.flags.task_fragment_system_organizer_flag = true
1788779392.968 10316 24461 24482 V AconfigFlags: Read Aconfig default flag value com.android.window.flags.transit_ready_tracking = false
1788779392.968 10316 24461 24482 V AconfigFlags: Read Aconfig default flag value com.android.window.flags.trusted_presentation_listener_for_window = true
1788779392.969 10316 24461 24482 V AconfigFlags: Read Aconfig default flag value com.android.window.flags.untrusted_embedding_any_app_permission = false
1788779392.969 10316 24461 24482 V AconfigFlags: Read Aconfig default flag value com.android.window.flags.untrusted_embedding_state_sharing = true
1788779392.969 10316 24461 24482 V AconfigFlags: Read Aconfig default flag value com.android.window.flags.use_window_original_touchable_region_when_magnification_recompute_bounds = false
1788779392.969 10316 24461 24482 V AconfigFlags: Read Aconfig default flag value com.android.window.flags.user_min_aspect_ratio_app_default = true
1788779392.969 10316 24461 24482 V AconfigFlags: Read Aconfig default flag value com.android.window.flags.wait_for_transition_on_display_switch = true
1788779392.969 10316 24461 24482 V AconfigFlags: Read Aconfig default flag value com.android.window.flags.wallpaper_offset_async = true
1788779392.969 10316 24461 24482 V AconfigFlags: Read Aconfig default flag value com.android.window.flags.window_session_relayout_info = true
1788779392.969 10316 24461 24482 V AconfigFlags: Read Aconfig default flag value com.android.window.flags.window_token_config_thread_safe = true
1788779392.969 10316 24461 24482 V AconfigFlags: Read Aconfig default flag value com.android.wm.shell.animate_bubble_size_change = false
1788779392.969 10316 24461 24482 V AconfigFlags: Read Aconfig default flag value com.android.wm.shell.enable_app_pairs = true
1788779392.969 10316 24461 24482 V AconfigFlags: Read Aconfig default flag value com.android.wm.shell.enable_bubble_anything = false
1788779392.969 10316 24461 24482 V AconfigFlags: Read Aconfig default flag value com.android.wm.shell.enable_bubble_bar = false
1788779392.969 10316 24461 24482 V AconfigFlags: Read Aconfig default flag value com.android.wm.shell.enable_bubble_stashing = false
1788779392.969 10316 24461 24482 V AconfigFlags: Read Aconfig default flag value com.android.wm.shell.enable_bubbles_long_press_nav_handle = false
1788779392.969 10316 24461 24482 V AconfigFlags: Read Aconfig default flag value com.android.wm.shell.enable_left_right_split_in_portrait = true
1788779392.969 10316 24461 24482 V AconfigFlags: Read Aconfig default flag value com.android.wm.shell.enable_new_bubble_animations = false
1788779392.969 10316 24461 24482 V AconfigFlags: Read Aconfig default flag value com.android.wm.shell.enable_optional_bubble_overflow = false
1788779392.969 10316 24461 24482 V AconfigFlags: Read Aconfig default flag value com.android.wm.shell.enable_pip2_implementation = false
1788779392.969 10316 24461 24482 V AconfigFlags: Read Aconfig default flag value com.android.wm.shell.enable_pip_umo_experience = false
1788779392.969 10316 24461 24482 V AconfigFlags: Read Aconfig default flag value com.android.wm.shell.enable_retrievable_bubbles = false
1788779392.969 10316 24461 24482 V AconfigFlags: Read Aconfig default flag value com.android.wm.shell.enable_split_contextual = true
1788779392.969 10316 24461 24482 V AconfigFlags: Read Aconfig default flag value com.android.wm.shell.enable_taskbar_navbar_unification = true
1788779392.969 10316 24461 24482 V AconfigFlags: Read Aconfig default flag value com.android.wm.shell.enable_tiny_taskbar = false
1788779392.969 10316 24461 24482 V AconfigFlags: Read Aconfig default flag value com.android.wm.shell.only_reuse_bubbled_task_when_launched_from_bubble = false
1788779392.969 10316 24461 24482 V AconfigFlags: Read Aconfig default flag value com.example.android.aconfig.demo.flags.append_injected_content = false
1788779392.969 10316 24461 24482 V AconfigFlags: Read Aconfig default flag value com.example.android.aconfig.demo.flags.append_static_content = false
1788779392.969 10316 24461 24482 V AconfigFlags: Read Aconfig default flag value com.example.android.aconfig.demo.flags.awesome_flag_1 = false
1788779392.969 10316 24461 24482 V AconfigFlags: Read Aconfig default flag value com.example.android.aconfig.demo.flags.awesome_flag_2 = false
1788779392.969 10316 24461 24482 V AconfigFlags: Read Aconfig default flag value com.example.android.aconfig.demo.flags.fifth_flag = false
1788779392.969 10316 24461 24482 V AconfigFlags: Read Aconfig default flag value com.example.android.aconfig.demo.flags.read_only_flag = false
1788779392.969 10316 24461 24482 V AconfigFlags: Read Aconfig default flag value com.example.android.aconfig.demo.flags.support_bugfix_templates_demo_flag = false
1788779392.969 10316 24461 24482 V AconfigFlags: Read Aconfig default flag value com.example.android.aconfig.demo.flags.support_bugfix_templates_demo_flag_fixed_read_only = false
1788779392.969 10316 24461 24482 V AconfigFlags: Read Aconfig default flag value com.example.android.aconfig.demo.flags.support_wear_bugfix_templates_demo_flag = false
1788779392.969 10316 24461 24482 V AconfigFlags: Read Aconfig default flag value com.example.android.aconfig.demo.flags.support_wear_bugfix_templates_demo_flag_fixed_read_only = false
1788779392.969 10316 24461 24482 V AconfigFlags: Read Aconfig default flag value com.example.android.aconfig.demo.flags.test_mendel_gantry_disintegration = false
1788779392.969 10316 24461 24482 V AconfigFlags: Read Aconfig default flag value com.example.android.aconfig.demo.flags.test_mendel_gantry_disintegration_again = false
1788779392.969 10316 24461 24482 V AconfigFlags: Read Aconfig default flag value com.example.android.aconfig.demo.flags.third_flag = false
1788779392.969 10316 24461 24482 V AconfigFlags: Read Aconfig default flag value com.example.android.aconfig.demo.flags.yet_another_mendel_gantry_disintegration_bugfix_flag = false
1788779392.969 10316 24461 24482 V AconfigFlags: Read Aconfig default flag value com.example.android.aconfig.demo.flags.yet_another_mendel_gantry_disintegration_flag = false
1788779392.970 10316 24461 24482 V AconfigFlags: Read Aconfig default flag value com.example.android.aconfig.demo.flags.yet_another_test_bugfix_flag = false
1788779392.970 10316 24461 24482 V AconfigFlags: Read Aconfig default flag value com.example.android.aconfig.demo.flags.yet_another_test_flag = false
1788779392.974 10316 24461 24482 V AconfigFlags: Read Aconfig default flag value com.android.settings.accessibility.add_brightness_settings_in_suw = false
1788779392.974 10316 24461 24482 V AconfigFlags: Read Aconfig default flag value com.android.settings.accessibility.edit_shortcuts_in_full_screen = true
1788779392.974 10316 24461 24482 V AconfigFlags: Read Aconfig default flag value com.android.settings.accessibility.enable_color_contrast_control = true
1788779392.974 10316 24461 24482 V AconfigFlags: Read Aconfig default flag value com.android.settings.accessibility.enable_hearing_aid_preset_control = true
1788779392.974 10316 24461 24482 V AconfigFlags: Read Aconfig default flag value com.android.settings.accessibility.enable_hearing_aid_volume_offset_control = false
1788779392.974 10316 24461 24482 V AconfigFlags: Read Aconfig default flag value com.android.settings.accessibility.hide_magnification_always_on_toggle_when_window_mode_only = false
1788779392.974 10316 24461 24482 V AconfigFlags: Read Aconfig default flag value com.android.settings.accessibility.remove_qs_tooltip_in_suw = false
1788779392.974 10316 24461 24482 V AconfigFlags: Read Aconfig default flag value com.android.settings.development.a2dp_offload_codec_extensibility_settings = false
1788779392.975 10316 24461 24482 V AconfigFlags: Read Aconfig default flag value com.android.settings.development.deprecate_list_activity = false
1788779392.975 10316 24461 24482 V AconfigFlags: Read Aconfig default flag value com.android.settings.factory_reset.enable_factory_reset_wizard = true
1788779392.975 10316 24461 24482 V AconfigFlags: Read Aconfig default flag value com.android.settings.flags.accessibility_customize_text_reading_preview = false
1788779392.975 10316 24461 24482 V AconfigFlags: Read Aconfig default flag value com.android.settings.flags.accessibility_show_app_info_button = true
1788779392.975 10316 24461 24482 V AconfigFlags: Read Aconfig default flag value com.android.settings.flags.app_archiving = false
1788779392.975 10316 24461 24482 V AconfigFlags: Read Aconfig default flag value com.android.settings.flags.biometric_settings_provider = true
1788779392.975 10316 24461 24482 V AconfigFlags: Read Aconfig default flag value com.android.settings.flags.datetime_feedback = false
1788779392.975 10316 24461 24482 V AconfigFlags: Read Aconfig default flag value com.android.settings.flags.dedupe_dnd_settings_channels = true
1788779392.975 10316 24461 24482 V AconfigFlags: Read Aconfig default flag value com.android.settings.flags.development_game_default_frame_rate = true
1788779392.975 10316 24461 24482 V AconfigFlags: Read Aconfig default flag value com.android.settings.flags.development_hdr_sdr_ratio = true
1788779392.975 10316 24461 24482 V AconfigFlags: Read Aconfig default flag value com.android.settings.flags.dynamic_injection_category = false
1788779392.975 10316 24461 24482 V AconfigFlags: Read Aconfig default flag value com.android.settings.flags.enable_auth_challenge_for_usb_preferences = true
1788779392.975 10316 24461 24482 V AconfigFlags: Read Aconfig default flag value com.android.settings.flags.enable_bluetooth_profile_toggle_visibility_checker = true
1788779392.975 10316 24461 24482 V AconfigFlags: Read Aconfig default flag value com.android.settings.flags.enable_bonded_bluetooth_device_searchable = false
1788779392.975 10316 24461 24482 V AconfigFlags: Read Aconfig default flag value com.android.settings.flags.enable_device_diagnostics_in_settings = false
1788779392.975 10316 24461 24482 V AconfigFlags: Read Aconfig default flag value com.android.settings.flags.enable_offload_bluetooth_operations_to_background_thread = false
1788779392.975 10316 24461 24482 V AconfigFlags: Read Aconfig default flag value com.android.settings.flags.enable_perform_backup_tasks_in_settings = false
1788779392.975 10316 24461 24482 V AconfigFlags: Read Aconfig default flag value com.android.settings.flags.enable_sound_backup = true
1788779392.976 10316 24461 24482 V AconfigFlags: Read Aconfig default flag value com.android.settings.flags.enable_subsequent_pair_settings_integration = true
1788779392.976 10316 24461 24482 V AconfigFlags: Read Aconfig default flag value com.android.settings.flags.enable_voice_activation_apps_in_settings = false
1788779392.976 10316 24461 24482 V AconfigFlags: Read Aconfig default flag value com.android.settings.flags.fingerprint_v2_enrollment = false
1788779392.976 10316 24461 24482 V AconfigFlags: Read Aconfig default flag value com.android.settings.flags.hide_le_audio_toggle_for_le_audio_only_device = false
1788779392.976 10316 24461 24482 V AconfigFlags: Read Aconfig default flag value com.android.settings.flags.homepage_revamp = false
1788779392.976 10316 24461 24482 V AconfigFlags: Read Aconfig default flag value com.android.settings.flags.internet_preference_controller_v2 = false
1788779392.976 10316 24461 24482 V AconfigFlags: Read Aconfig default flag value com.android.settings.flags.is_dual_sim_onboarding_enabled = true
1788779392.976 10316 24461 24482 V AconfigFlags: Read Aconfig default flag value com.android.settings.flags.locale_notification_enabled = true
1788779392.976 10316 24461 24482 V AconfigFlags: Read Aconfig default flag value com.android.settings.flags.mainline_module_explicit_intent = true
1788779392.976 10316 24461 24482 V AconfigFlags: Read Aconfig default flag value com.android.settings.flags.new_apn_page_enabled = true
1788779392.976 10316 24461 24482 V AconfigFlags: Read Aconfig default flag value com.android.settings.flags.new_hearing_device_pairing_page = false
1788779392.976 10316 24461 24482 V AconfigFlags: Read Aconfig default flag value com.android.settings.flags.protect_lock_after_timeout_with_auth = true
1788779392.976 10316 24461 24482 V AconfigFlags: Read Aconfig default flag value com.android.settings.flags.protect_screen_timeout_with_auth = true
1788779392.976 10316 24461 24482 V AconfigFlags: Read Aconfig default flag value com.android.settings.flags.refactor_print_settings = false
1788779392.976 10316 24461 24482 V AconfigFlags: Read Aconfig default flag value com.android.settings.flags.remove_key_hide_enable_2g = true
1788779392.976 10316 24461 24482 V AconfigFlags: Read Aconfig default flag value com.android.settings.flags.separate_accessibility_vibration_settings_fragments = false
1788779392.976 10316 24461 24482 V AconfigFlags: Read Aconfig default flag value com.android.settings.flags.sfps_enroll_refinement = true
1788779392.976 10316 24461 24482 V AconfigFlags: Read Aconfig default flag value com.android.settings.flags.show_factory_reset_cancel_button = true
1788779392.976 10316 24461 24482 V AconfigFlags: Read Aconfig default flag value com.android.settings.flags.slices_retirement = false
1788779392.976 10316 24461 24482 V AconfigFlags: Read Aconfig default flag value com.android.settings.flags.terms_of_address_enabled = true
1788779392.976 10316 24461 24482 V AconfigFlags: Read Aconfig default flag value com.android.settings.flags.thread_settings_enabled = false
1788779392.977 10316 24461 24482 V AconfigFlags: Read Aconfig default flag value com.android.settings.flags.udfps_enroll_calibration = true
1788779392.977 10316 24461 24482 V AconfigFlags: Read Aconfig default flag value com.android.settings.media_drm.force_l3_enabled = true
1788779393.041 10316 24461 24482 V AconfigFlags: Read Aconfig default flag value android.adaptiveauth.enable_adaptive_auth = true
1788779393.041 10316 24461 24482 V AconfigFlags: Read Aconfig default flag value android.adaptiveauth.report_biometric_auth_attempts = true
1788779393.041 10316 24461 24482 V AconfigFlags: Read Aconfig default flag value android.app.activity_embedding = false
1788779393.041 10316 24461 24482 V AconfigFlags: Read Aconfig default flag value android.app.admin.flags.allow_querying_profile_type = true
1788779393.042 10316 24461 24482 V AconfigFlags: Read Aconfig default flag value android.app.admin.flags.allow_screen_brightness_control_on_cope = true
1788779393.042 10316 24461 24482 V AconfigFlags: Read Aconfig default flag value android.app.admin.flags.always_persist_do = true
1788779393.042 10316 24461 24482 V AconfigFlags: Read Aconfig default flag value android.app.admin.flags.assist_content_user_restriction_enabled = true
1788779393.042 10316 24461 24482 V AconfigFlags: Read Aconfig default flag value android.app.admin.flags.backup_connected_apps_settings = false
1788779393.042 10316 24461 24482 V AconfigFlags: Read Aconfig default flag value android.app.admin.flags.backup_service_security_log_event_enabled = true
1788779393.043 10316 24461 24482 V AconfigFlags: Read Aconfig default flag value android.app.admin.flags.coexistence_migration_for_non_emm_management_enabled = true
1788779393.043 10316 24461 24482 V AconfigFlags: Read Aconfig default flag value android.app.admin.flags.copy_account_with_retry_enabled = true
1788779393.043 10316 24461 24482 V AconfigFlags: Read Aconfig default flag value android.app.admin.flags.cross_user_suspension_enabled_ro = false
1788779393.043 10316 24461 24482 V AconfigFlags: Read Aconfig default flag value android.app.admin.flags.dedicated_device_control_api_enabled = true
1788779393.043 10316 24461 24482 V AconfigFlags: Read Aconfig default flag value android.app.admin.flags.dedicated_device_control_enabled = true
1788779393.043 10316 24461 24482 V AconfigFlags: Read Aconfig default flag value android.app.admin.flags.default_sms_personal_app_suspension_fix_enabled = true
1788779393.043 10316 24461 24482 V AconfigFlags: Read Aconfig default flag value android.app.admin.flags.delete_private_space_under_restriction = true
1788779393.043 10316 24461 24482 V AconfigFlags: Read Aconfig default flag value android.app.admin.flags.device_policy_size_tracking_enabled = true
1788779393.043 10316 24461 24482 V AconfigFlags: Read Aconfig default flag value android.app.admin.flags.device_policy_size_tracking_internal_bug_fix_enabled = true
1788779393.043 10316 24461 24482 V AconfigFlags: Read Aconfig default flag value android.app.admin.flags.device_policy_size_tracking_internal_enabled = false
1788779393.043 10316 24461 24482 V AconfigFlags: Read Aconfig default flag value android.app.admin.flags.device_theft_api_enabled = false
1788779393.043 10316 24461 24482 V AconfigFlags: Read Aconfig default flag value android.app.admin.flags.device_theft_impl_enabled = false
1788779393.043 10316 24461 24482 V AconfigFlags: Read Aconfig default flag value android.app.admin.flags.disallow_user_control_bg_usage_fix = true
1788779393.043 10316 24461 24482 V AconfigFlags: Read Aconfig default flag value android.app.admin.flags.disallow_user_control_stopped_state_fix = true
1788779393.043 10316 24461 24482 V AconfigFlags: Read Aconfig default flag value android.app.admin.flags.dmrh_set_app_restrictions = true
1788779393.043 10316 24461 24482 V AconfigFlags: Read Aconfig default flag value android.app.admin.flags.dumpsys_policy_engine_migration_enabled = true
1788779393.043 10316 24461 24482 V AconfigFlags: Read Aconfig default flag value android.app.admin.flags.esim_management_enabled = true
1788779393.043 10316 24461 24482 V AconfigFlags: Read Aconfig default flag value android.app.admin.flags.esim_management_ux_enabled = false
1788779393.043 10316 24461 24482 V AconfigFlags: Read Aconfig default flag value android.app.admin.flags.headless_device_owner_delegate_security_logging_bug_fix = true
1788779393.043 10316 24461 24482 V AconfigFlags: Read Aconfig default flag value android.app.admin.flags.headless_device_owner_provisioning_fix_enabled = true
1788779393.043 10316 24461 24482 V AconfigFlags: Read Aconfig default flag value android.app.admin.flags.headless_device_owner_single_user_enabled = true
1788779393.043 10316 24461 24482 V AconfigFlags: Read Aconfig default flag value android.app.admin.flags.headless_single_min_target_sdk = false
1788779393.043 10316 24461 24482 V AconfigFlags: Read Aconfig default flag value android.app.admin.flags.headless_single_user_bad_device_admin_state_fix = true
1788779393.043 10316 24461 24482 V AconfigFlags: Read Aconfig default flag value android.app.admin.flags.headless_single_user_compatibility_fix = true
1788779393.043 10316 24461 24482 V AconfigFlags: Read Aconfig default flag value android.app.admin.flags.headless_single_user_fixes = true
1788779393.043 10316 24461 24482 V AconfigFlags: Read Aconfig default flag value android.app.admin.flags.hsum_unlock_notification_fix = true
1788779393.044 10316 24461 24482 V AconfigFlags: Read Aconfig default flag value android.app.admin.flags.is_mte_policy_enforced = true
1788779393.044 10316 24461 24482 V AconfigFlags: Read Aconfig default flag value android.app.admin.flags.is_recursive_required_app_merging_enabled = false
1788779393.044 10316 24461 24482 V AconfigFlags: Read Aconfig default flag value android.app.admin.flags.onboarding_bugreport_storage_bug_fix = true
1788779393.044 10316 24461 24482 V AconfigFlags: Read Aconfig default flag value android.app.admin.flags.onboarding_bugreport_v2_enabled = true
1788779393.049 10316 24461 24482 V AconfigFlags: Read Aconfig default flag value android.app.admin.flags.onboarding_consentless_bugreports = true
1788779393.049 10316 24461 24482 V AconfigFlags: Read Aconfig default flag value android.app.admin.flags.permission_migration_for_zero_trust_api_enabled = true
1788779393.049 10316 24461 24482 V AconfigFlags: Read Aconfig default flag value android.app.admin.flags.permission_migration_for_zero_trust_impl_enabled = true
1788779393.049 10316 24461 24482 V AconfigFlags: Read Aconfig default flag value android.app.admin.flags.policy_engine_migration_v2_enabled = true
1788779393.049 10316 24461 24482 V AconfigFlags: Read Aconfig default flag value android.app.admin.flags.power_exemption_bg_usage_fix = true
1788779393.049 10316 24461 24482 V AconfigFlags: Read Aconfig default flag value android.app.admin.flags.provisioning_context_parameter = false
1788779393.049 10316 24461 24482 V AconfigFlags: Read Aconfig default flag value android.app.admin.flags.quiet_mode_credential_bug_fix = true
1788779393.049 10316 24461 24482 V AconfigFlags: Read Aconfig default flag value android.app.admin.flags.security_log_v2_enabled = true
1788779393.049 10316 24461 24482 V AconfigFlags: Read Aconfig default flag value android.app.admin.flags.unmanaged_mode_migration = false
1788779393.049 10316 24461 24482 V AconfigFlags: Read Aconfig default flag value android.app.api_rich_ongoing = false
1788779393.050 10316 24461 24482 V AconfigFlags: Read Aconfig default flag value android.app.api_tvextender = true
1788779393.050 10316 24461 24482 V AconfigFlags: Read Aconfig default flag value android.app.app_restrictions_api = true
1788779393.050 10316 24461 24482 V AconfigFlags: Read Aconfig default flag value android.app.app_start_info = true
1788779393.050 10316 24461 24482 V AconfigFlags: Read Aconfig default flag value android.app.app_start_info_timestamps = true
1788779393.050 10316 24461 24482 V AconfigFlags: Read Aconfig default flag value android.app.bic_client = true
1788779393.050 10316 24461 24482 V AconfigFlags: Read Aconfig default flag value android.app.category_voicemail = true
1788779393.050 10316 24461 24482 V AconfigFlags: Read Aconfig default flag value android.app.check_autogroup_before_post = false
1788779393.050 10316 24461 24482 V AconfigFlags: Read Aconfig default flag value android.app.clean_up_spans_and_new_lines = false
1788779393.050 10316 24461 24482 V AconfigFlags: Read Aconfig default flag value android.app.clear_dns_cache_on_network_rules_update = true
1788779393.050 10316 24461 24482 V AconfigFlags: Read Aconfig default flag value android.app.compact_heads_up_notification = false
1788779393.050 10316 24461 24482 V AconfigFlags: Read Aconfig default flag value android.app.compact_heads_up_notification_reply = false
1788779393.050 10316 24461 24482 V AconfigFlags: Read Aconfig default flag value android.app.contextualsearch.flags.enable_service = true
1788779393.050 10316 24461 24482 V AconfigFlags: Read Aconfig default flag value android.app.contextualsearch.flags.enable_token_refresh = false
1788779393.050 10316 24461 24482 V AconfigFlags: Read Aconfig default flag value android.app.enable_fgs_timeout_crash_behavior = true
1788779393.050 10316 24461 24482 V AconfigFlags: Read Aconfig default flag value android.app.enable_night_mode_binder_cache = true
1788779393.050 10316 24461 24482 V AconfigFlags: Read Aconfig default flag value android.app.enable_pip_ui_state_callback_on_entering = true
1788779393.050 10316 24461 24482 V AconfigFlags: Read Aconfig default flag value android.app.evenly_divided_call_style_action_layout = true
1788779393.050 10316 24461 24482 V AconfigFlags: Read Aconfig default flag value android.app.gate_fgs_timeout_anr_behavior = false
1788779393.050 10316 24461 24482 V AconfigFlags: Read Aconfig default flag value android.app.get_binding_uid_importance = true
1788779393.050 10316 24461 24482 V AconfigFlags: Read Aconfig default flag value android.app.introduce_new_service_ontimeout_callback = true
1788779393.050 10316 24461 24482 V AconfigFlags: Read Aconfig default flag value android.app.job.backup_jobs_exemption = false
1788779393.050 10316 24461 24482 V AconfigFlags: Read Aconfig default flag value android.app.job.enforce_minimum_time_windows = false
1788779393.050 10316 24461 24482 V AconfigFlags: Read Aconfig default flag value android.app.job.job_debug_info_apis = true
1788779393.050 10316 24461 24482 V AconfigFlags: Read Aconfig default flag value android.app.keyguard_private_notifications = true
1788779393.050 10316 24461 24482 V AconfigFlags: Read Aconfig default flag value android.app.lifetime_extension_refactor = false
1788779393.050 10316 24461 24482 V AconfigFlags: Read Aconfig default flag value android.app.modes_api = true
1788779393.050 10316 24461 24482 V AconfigFlags: Read Aconfig default flag value android.app.modes_ui = false
1788779393.050 10316 24461 24482 V AconfigFlags: Read Aconfig default flag value android.app.notification_channel_vibration_effect_api = true
1788779393.050 10316 24461 24482 V AconfigFlags: Read Aconfig default flag value android.app.notification_expansion_optional = false
1788779393.050 10316 24461 24482 V AconfigFlags: Read Aconfig default flag value android.app.notifications_use_app_icon = false
1788779393.050 10316 24461 24482 V AconfigFlags: Read Aconfig default flag value android.app.notifications_use_app_icon_in_row = false
1788779393.051 10316 24461 24482 V AconfigFlags: Read Aconfig default flag value android.app.notifications_use_monochrome_app_icon = false
1788779393.051 10316 24461 24482 V AconfigFlags: Read Aconfig default flag value android.app.ondeviceintelligence.flags.enable_on_device_intelligence = true
1788779393.051 10316 24461 24482 V AconfigFlags: Read Aconfig default flag value android.app.pinner_service_client_api = true
1788779393.051 10316 24461 24482 V AconfigFlags: Read Aconfig default flag value android.app.redact_sensitive_content_notifications_on_lockscreen = false
1788779393.051 10316 24461 24482 V AconfigFlags: Read Aconfig default flag value android.app.remove_remote_views = false
1788779393.051 10316 24461 24482 V AconfigFlags: Read Aconfig default flag value android.app.restrict_audio_attributes_alarm = false
1788779393.051 10316 24461 24482 V AconfigFlags: Read Aconfig default flag value android.app.restrict_audio_attributes_call = false
1788779393.051 10316 24461 24482 V AconfigFlags: Read Aconfig default flag value android.app.restrict_audio_attributes_media = false
1788779393.051 10316 24461 24482 V AconfigFlags: Read Aconfig default flag value android.app.secure_allowlist_token = true
1788779393.051 10316 24461 24482 V AconfigFlags: Read Aconfig default flag value android.app.skip_bg_mem_trim_on_fg_app = false
1788779393.051 10316 24461 24482 V AconfigFlags: Read Aconfig default flag value android.app.smartspace.flags.access_smartspace = true
1788779393.051 10316 24461 24482 V AconfigFlags: Read Aconfig default flag value android.app.smartspace.flags.remote_views = true
1788779393.051 10316 24461 24482 V AconfigFlags: Read Aconfig default flag value android.app.sort_section_by_time = false
1788779393.051 10316 24461 24482 V AconfigFlags: Read Aconfig default flag value android.app.system_terms_of_address_enabled = true
1788779393.051 10316 24461 24482 V AconfigFlags: Read Aconfig default flag value android.app.uid_importance_listener_for_uids = false
1788779393.051 10316 24461 24482 V AconfigFlags: Read Aconfig default flag value android.app.update_ranking_time = false
1788779393.051 10316 24461 24482 V AconfigFlags: Read Aconfig default flag value android.app.usage.disable_idle_check = false
1788779393.051 10316 24461 24482 V AconfigFlags: Read Aconfig default flag value android.app.usage.filter_based_event_query_api = true
1788779393.051 10316 24461 24482 V AconfigFlags: Read Aconfig default flag value android.app.usage.get_app_bytes_by_data_type_api = true
1788779393.051 10316 24461 24482 V AconfigFlags: Read Aconfig default flag value android.app.usage.report_usage_stats_permission = true
1788779393.051 10316 24461 24482 V AconfigFlags: Read Aconfig default flag value android.app.usage.use_dedicated_handler_thread = true
1788779393.051 10316 24461 24482 V AconfigFlags: Read Aconfig default flag value android.app.usage.use_parceled_list = true
1788779393.051 10316 24461 24482 V AconfigFlags: Read Aconfig default flag value android.app.usage.user_interaction_type_api = true
1788779393.051 10316 24461 24482 V AconfigFlags: Read Aconfig default flag value android.app.use_app_info_not_launched = false
1788779393.051 10316 24461 24482 V AconfigFlags: Read Aconfig default flag value android.app.visit_person_uri = false
1788779393.051 10316 24461 24482 V AconfigFlags: Read Aconfig default flag value android.app.wearable.enable_data_request_observer_api = true
1788779393.051 10316 24461 24482 V AconfigFlags: Read Aconfig default flag value android.app.wearable.enable_hotword_wearable_sensing_api = true
1788779393.051 10316 24461 24482 V AconfigFlags: Read Aconfig default flag value android.app.wearable.enable_provide_wearable_connection_api = true
1788779393.051 10316 24461 24482 V AconfigFlags: Read Aconfig default flag value android.app.wearable.enable_restart_wss_process = true
1788779393.051 10316 24461 24482 V AconfigFlags: Read Aconfig default flag value android.app.wearable.enable_unsupported_operation_status_code = true
1788779393.051 10316 24461 24482 V AconfigFlags: Read Aconfig default flag value android.appwidget.flags.draw_data_parcel = true
1788779393.051 10316 24461 24482 V AconfigFlags: Read Aconfig default flag value android.appwidget.flags.generated_previews = true
1788779393.051 10316 24461 24482 V AconfigFlags: Read Aconfig default flag value android.appwidget.flags.remote_adapter_conversion = false
1788779393.051 10316 24461 24482 V AconfigFlags: Read Aconfig default flag value android.appwidget.flags.remove_app_widget_service_io_from_critical_path = true
1788779393.051 10316 24461 24482 V AconfigFlags: Read Aconfig default flag value android.appwidget.flags.support_resume_restore_after_reboot = false
1788779393.051 10316 24461 24482 V AconfigFlags: Read Aconfig default flag value android.appwidget.flags.throttle_widget_updates = false
1788779393.051 10316 24461 24482 V AconfigFlags: Read Aconfig default flag value android.chre.flags.abort_if_no_context_hub_found = false
1788779393.051 10316 24461 24482 V AconfigFlags: Read Aconfig default flag value android.chre.flags.bug_fix_reduce_lock_holding_period = true
1788779393.051 10316 24461 24482 V AconfigFlags: Read Aconfig default flag value android.chre.flags.context_hub_callback_uuid_enabled = true
1788779393.051 10316 24461 24482 V AconfigFlags: Read Aconfig default flag value android.chre.flags.flag_log_nanoapp_load_metrics = true
1788779393.051 10316 24461 24482 V AconfigFlags: Read Aconfig default flag value android.chre.flags.metrics_reporter_in_the_daemon = true
1788779393.052 10316 24461 24482 V AconfigFlags: Read Aconfig default flag value android.chre.flags.reconnect_host_endpoints_after_hal_restart = false
1788779393.052 10316 24461 24482 V AconfigFlags: Read Aconfig default flag value android.chre.flags.reduce_lock_holding_period = false
1788779393.052 10316 24461 24482 V AconfigFlags: Read Aconfig default flag value android.chre.flags.reliable_message = true
1788779393.052 10316 24461 24482 V AconfigFlags: Read Aconfig default flag value android.chre.flags.reliable_message_duplicate_detection_service = false
1788779393.052 10316 24461 24482 V AconfigFlags: Read Aconfig default flag value android.chre.flags.reliable_message_implementation = true
1788779393.052 10316 24461 24482 V AconfigFlags: Read Aconfig default flag value android.chre.flags.reliable_message_retry_support_service = false
1788779393.052 10316 24461 24482 V AconfigFlags: Read Aconfig default flag value android.chre.flags.reliable_message_test_mode_behavior = false
1788779393.052 10316 24461 24482 V AconfigFlags: Read Aconfig default flag value android.chre.flags.remove_ap_wakeup_metric_report_limit = true
1788779393.052 10316 24461 24482 V AconfigFlags: Read Aconfig default flag value android.chre.flags.wait_for_preloaded_nanoapp_start = false
1788779393.052 10316 24461 24482 V AconfigFlags: Read Aconfig default flag value android.companion.association_tag = false
1788779393.052 10316 24461 24482 V AconfigFlags: Read Aconfig default flag value android.companion.companion_transport_apis = false
1788779393.052 10316 24461 24482 V AconfigFlags: Read Aconfig default flag value android.companion.device_presence = false
1788779393.052 10316 24461 24482 V AconfigFlags: Read Aconfig default flag value android.companion.new_association_builder = true
1788779393.052 10316 24461 24482 V AconfigFlags: Read Aconfig default flag value android.companion.ongoing_perm_sync = false
1788779393.052 10316 24461 24482 V AconfigFlags: Read Aconfig default flag value android.companion.perm_sync_user_consent = true
1788779393.052 10316 24461 24482 V AconfigFlags: Read Aconfig default flag value android.companion.unpair_associated_device = false
1788779393.052 10316 24461 24482 V AconfigFlags: Read Aconfig default flag value android.companion.virtual.flags.consistent_display_flags = true
1788779393.052 10316 24461 24482 V AconfigFlags: Read Aconfig default flag value android.companion.virtual.flags.cross_device_clipboard = true
1788779393.052 10316 24461 24482 V AconfigFlags: Read Aconfig default flag value android.companion.virtual.flags.dynamic_policy = true
1788779393.052 10316 24461 24482 V AconfigFlags: Read Aconfig default flag value android.companion.virtual.flags.enable_native_vdm = true
1788779393.052 10316 24461 24482 V AconfigFlags: Read Aconfig default flag value android.companion.virtual.flags.express_metrics = true
1788779393.052 10316 24461 24482 V AconfigFlags: Read Aconfig default flag value android.companion.virtual.flags.impulse_velocity_strategy_for_touch_navigation = true
1788779393.052 10316 24461 24482 V AconfigFlags: Read Aconfig default flag value android.companion.virtual.flags.interactive_screen_mirror = true
1788779393.052 10316 24461 24482 V AconfigFlags: Read Aconfig default flag value android.companion.virtual.flags.intercept_intents_before_applying_policy = true
1788779393.052 10316 24461 24482 V AconfigFlags: Read Aconfig default flag value android.companion.virtual.flags.persistent_device_id_api = true
1788779393.052 10316 24461 24482 V AconfigFlags: Read Aconfig default flag value android.companion.virtual.flags.stream_camera = false
1788779393.052 10316 24461 24482 V AconfigFlags: Read Aconfig default flag value android.companion.virtual.flags.stream_permissions = true
1788779393.052 10316 24461 24482 V AconfigFlags: Read Aconfig default flag value android.companion.virtual.flags.vdm_custom_home = true
1788779393.052 10316 24461 24482 V AconfigFlags: Read Aconfig default flag value android.companion.virtual.flags.vdm_custom_ime = true
1788779393.052 10316 24461 24482 V AconfigFlags: Read Aconfig default flag value android.companion.virtual.flags.vdm_public_apis = true
1788779393.052 10316 24461 24482 V AconfigFlags: Read Aconfig default flag value android.companion.virtual.flags.virtual_camera = true
1788779393.052 10316 24461 24482 V AconfigFlags: Read Aconfig default flag value android.companion.virtual.flags.virtual_stylus = true
1788779393.052 10316 24461 24482 V AconfigFlags: Read Aconfig default flag value android.companion.virtualdevice.flags.camera_device_awareness = true
1788779393.052 10316 24461 24482 V AconfigFlags: Read Aconfig default flag value android.companion.virtualdevice.flags.device_aware_drm = true
1788779393.052 10316 24461 24482 V AconfigFlags: Read Aconfig default flag value android.companion.virtualdevice.flags.device_aware_record_audio_permission = true
1788779393.052 10316 24461 24482 V AconfigFlags: Read Aconfig default flag value android.companion.virtualdevice.flags.intent_interception_action_matching_fix = true
1788779393.052 10316 24461 24482 V AconfigFlags: Read Aconfig default flag value android.companion.virtualdevice.flags.metrics_collection = true
1788779393.053 10316 24461 24482 V AconfigFlags: Read Aconfig default flag value android.companion.virtualdevice.flags.virtual_camera_service_discovery = true
1788779393.053 10316 24461 24482 V AconfigFlags: Read Aconfig default flag value android.companion.virtualdevice.flags.virtual_display_multi_window_mode_support = true
1788779393.053 10316 24461 24482 V AconfigFlags: Read Aconfig default flag value android.content.flags.enable_bind_package_isolated_process = true
1788779393.053 10316 24461 24482 V AconfigFlags: Read Aconfig default flag value android.content.pm.allow_sdk_sandbox_query_intent_activities = true
1788779393.053 10316 24461 24482 V AconfigFlags: Read Aconfig default flag value android.content.pm.archiving = true
1788779393.053 10316 24461 24482 V AconfigFlags: Read Aconfig default flag value android.content.pm.asl_in_apk_app_metadata_source = true
1788779393.053 10316 24461 24482 V AconfigFlags: Read Aconfig default flag value android.content.pm.component_state_changed_metrics = true
1788779393.053 10316 24461 24482 V AconfigFlags: Read Aconfig default flag value android.content.pm.disallow_sdk_libs_to_be_apps = false
1788779393.053 10316 24461 24482 V AconfigFlags: Read Aconfig default flag value android.content.pm.emergency_install_permission = true
1788779393.053 10316 24461 24482 V AconfigFlags: Read Aconfig default flag value android.content.pm.enable_rust_runtime = true
1788779393.053 10316 24461 24482 V AconfigFlags: Read Aconfig default flag value android.content.pm.encode_app_intent = true
1788779393.053 10316 24461 24482 V AconfigFlags: Read Aconfig default flag value android.content.pm.fix_duplicated_flags = true
1788779393.053 10316 24461 24482 V AconfigFlags: Read Aconfig default flag value android.content.pm.fix_system_apps_first_install_time = true
1788779393.053 10316 24461 24482 V AconfigFlags: Read Aconfig default flag value android.content.pm.force_multi_arch_native_libs_match = true
1788779393.053 10316 24461 24482 V AconfigFlags: Read Aconfig default flag value android.content.pm.get_package_info = true
1788779393.053 10316 24461 24482 V AconfigFlags: Read Aconfig default flag value android.content.pm.get_package_info_with_fd = false
1788779393.053 10316 24461 24482 V AconfigFlags: Read Aconfig default flag value android.content.pm.get_package_storage_stats = true
1788779393.053 10316 24461 24482 V AconfigFlags: Read Aconfig default flag value android.content.pm.get_resolved_apk_path = true
1788779393.053 10316 24461 24482 V AconfigFlags: Read Aconfig default flag value android.content.pm.improve_home_app_behavior = true
1788779393.053 10316 24461 24482 V AconfigFlags: Read Aconfig default flag value android.content.pm.improve_install_dont_kill = true
1788779393.053 10316 24461 24482 V AconfigFlags: Read Aconfig default flag value android.content.pm.improve_install_freeze = false
1788779393.053 10316 24461 24482 V AconfigFlags: Read Aconfig default flag value android.content.pm.introduce_media_processing_type = true
1788779393.053 10316 24461 24482 V AconfigFlags: Read Aconfig default flag value android.content.pm.lightweight_invisible_label_detection = true
1788779393.053 10316 24461 24482 V AconfigFlags: Read Aconfig default flag value android.content.pm.min_target_sdk_24 = true
1788779393.053 10316 24461 24482 V AconfigFlags: Read Aconfig default flag value android.content.pm.nullable_data_dir = true
1788779393.053 10316 24461 24482 V AconfigFlags: Read Aconfig default flag value android.content.pm.package_restart_query_disabled_by_default = false
1788779393.053 10316 24461 24482 V AconfigFlags: Read Aconfig default flag value android.content.pm.provide_info_of_apk_in_apex = true
1788779393.053 10316 24461 24482 V AconfigFlags: Read Aconfig default flag value android.content.pm.quarantined_enabled = false
1788779393.053 10316 24461 24482 V AconfigFlags: Read Aconfig default flag value android.content.pm.read_install_info = true
1788779393.053 10316 24461 24482 V AconfigFlags: Read Aconfig default flag value android.content.pm.recoverability_detection = true
1788779393.053 10316 24461 24482 V AconfigFlags: Read Aconfig default flag value android.content.pm.relative_reference_intent_filters = true
1788779393.053 10316 24461 24482 V AconfigFlags: Read Aconfig default flag value android.content.pm.restrict_nonpreloads_system_shareduids = true
1788779393.053 10316 24461 24482 V AconfigFlags: Read Aconfig default flag value android.content.pm.rollback_lifetime = true
1788779393.053 10316 24461 24482 V AconfigFlags: Read Aconfig default flag value android.content.pm.sdk_lib_independence = false
1788779393.053 10316 24461 24482 V AconfigFlags: Read Aconfig default flag value android.content.pm.set_pre_verified_domains = true
1788779393.053 10316 24461 24482 V AconfigFlags: Read Aconfig default flag value android.content.pm.stay_stopped = true
1788779393.053 10316 24461 24482 V AconfigFlags: Read Aconfig default flag value android.content.pm.use_art_service_v2 = true
1788779393.053 10316 24461 24482 V AconfigFlags: Read Aconfig default flag value android.content.pm.use_pia_v2 = false
1788779393.053 10316 24461 24482 V AconfigFlags: Read Aconfig default flag value android.content.pm.wait_application_killed = false
1788779393.053 10316 24461 24482 V AconfigFlags: Read Aconfig default flag value android.content.res.asset_file_descriptor_frro = true
1788779393.053 10316 24461 24482 V AconfigFlags: Read Aconfig default flag value android.content.res.default_locale = true
1788779393.053 10316 24461 24482 V AconfigFlags: Read Aconfig default flag value android.content.res.font_scale_converter_public = true
1788779393.054 10316 24461 24482 V AconfigFlags: Read Aconfig default flag value android.content.res.manifest_flagging = true
1788779393.054 10316 24461 24482 V AconfigFlags: Read Aconfig default flag value android.content.res.nine_patch_frro = true
1788779393.054 10316 24461 24482 V AconfigFlags: Read Aconfig default flag value android.content.res.register_resource_paths = false
1788779393.054 10316 24461 24482 V AconfigFlags: Read Aconfig default flag value android.crashrecovery.flags.allow_rescue_party_flag_resets = false
1788779393.054 10316 24461 24482 V AconfigFlags: Read Aconfig default flag value android.crashrecovery.flags.enable_crashrecovery = false
1788779393.054 10316 24461 24482 V AconfigFlags: Read Aconfig default flag value android.crashrecovery.flags.recoverability_detection = true
1788779393.054 10316 24461 24482 V AconfigFlags: Read Aconfig default flag value android.crashrecovery.flags.reenable_settings_resets = false
1788779393.054 10316 24461 24482 V AconfigFlags: Read Aconfig default flag value android.credentials.flags.clear_credentials_fix_enabled = true
1788779393.054 10316 24461 24482 V AconfigFlags: Read Aconfig default flag value android.credentials.flags.clear_session_enabled = true
1788779393.054 10316 24461 24482 V AconfigFlags: Read Aconfig default flag value android.credentials.flags.configurable_selector_ui_enabled = true
1788779393.054 10316 24461 24482 V AconfigFlags: Read Aconfig default flag value android.credentials.flags.credman_biometric_api_enabled = true
1788779393.054 10316 24461 24482 V AconfigFlags: Read Aconfig default flag value android.credentials.flags.hybrid_filter_opt_fix_enabled = true
1788779393.054 10316 24461 24482 V AconfigFlags: Read Aconfig default flag value android.credentials.flags.instant_apps_enabled = true
1788779393.054 10316 24461 24482 V AconfigFlags: Read Aconfig default flag value android.credentials.flags.new_framework_metrics = false
1788779393.054 10316 24461 24482 V AconfigFlags: Read Aconfig default flag value android.credentials.flags.new_settings_intents = true
1788779393.054 10316 24461 24482 V AconfigFlags: Read Aconfig default flag value android.credentials.flags.new_settings_ui = true
1788779393.054 10316 24461 24482 V AconfigFlags: Read Aconfig default flag value android.credentials.flags.selector_ui_improvements_enabled = true
1788779393.054 10316 24461 24482 V AconfigFlags: Read Aconfig default flag value android.credentials.flags.settings_activity_enabled = true
1788779393.054 10316 24461 24482 V AconfigFlags: Read Aconfig default flag value android.credentials.flags.wear_credential_manager_enabled = false
1788779393.054 10316 24461 24482 V AconfigFlags: Read Aconfig default flag value android.database.sqlite.oneway_finalizer_close_fixed = true
1788779393.054 10316 24461 24482 V AconfigFlags: Read Aconfig default flag value android.database.sqlite.simple_sql_comment_scanner = true
1788779393.054 10316 24461 24482 V AconfigFlags: Read Aconfig default flag value android.database.sqlite.sqlite_allow_temp_tables = true
1788779393.054 10316 24461 24482 V AconfigFlags: Read Aconfig default flag value android.database.sqlite.sqlite_apis_35 = true
1788779393.054 10316 24461 24482 V AconfigFlags: Read Aconfig default flag value android.hardware.biometrics.add_key_agreement_crypto_object = false
1788779393.054 10316 24461 24482 V AconfigFlags: Read Aconfig default flag value android.hardware.biometrics.custom_biometric_prompt = true
1788779393.054 10316 24461 24482 V AconfigFlags: Read Aconfig default flag value android.hardware.biometrics.get_op_id_crypto_object = true
1788779393.054 10316 24461 24482 V AconfigFlags: Read Aconfig default flag value android.hardware.biometrics.last_authentication_time = true
1788779393.054 10316 24461 24482 V AconfigFlags: Read Aconfig default flag value android.hardware.biometrics.mandatory_biometrics = false
1788779393.054 10316 24461 24482 V AconfigFlags: Read Aconfig default flag value android.hardware.devicestate.feature.flags.device_state_property_api = true
1788779393.054 10316 24461 24482 V AconfigFlags: Read Aconfig default flag value android.hardware.flags.overlayproperties_class_api = true
1788779393.055 10316 24461 24482 V AconfigFlags: Read Aconfig default flag value android.hardware.radio.hd_radio_improved = true
1788779393.055 10316 24461 24482 V AconfigFlags: Read Aconfig default flag value android.hardware.usb.flags.enable_input_power_limited_warning = true
1788779393.055 10316 24461 24482 V AconfigFlags: Read Aconfig default flag value android.hardware.usb.flags.enable_interface_name_device_filter = false
1788779393.055 10316 24461 24482 V AconfigFlags: Read Aconfig default flag value android.hardware.usb.flags.enable_is_mode_change_supported_api = true
1788779393.055 10316 24461 24482 V AconfigFlags: Read Aconfig default flag value android.hardware.usb.flags.enable_is_pd_compliant_api = true
1788779393.055 10316 24461 24482 V AconfigFlags: Read Aconfig default flag value android.hardware.usb.flags.enable_report_usb_data_compliance_warning = true
1788779393.055 10316 24461 24482 V AconfigFlags: Read Aconfig default flag value android.hardware.usb.flags.enable_usb_data_compliance_warning = true
1788779393.055 10316 24461 24482 V AconfigFlags: Read Aconfig default flag value android.hardware.usb.flags.enable_usb_data_signal_staking = true
1788779393.055 10316 24461 24482 V AconfigFlags: Read Aconfig default flag value android.hardware.usb.flags.enable_usb_sysfs_midi_identification = false
1788779393.055 10316 24461 24482 V AconfigFlags: Read Aconfig default flag value android.location.flags.enable_location_bypass = false
1788779393.055 10316 24461 24482 V AconfigFlags: Read Aconfig default flag value android.location.flags.fix_service_watcher = true
1788779393.055 10316 24461 24482 V AconfigFlags: Read Aconfig default flag value android.location.flags.geoid_heights_via_altitude_hal = true
1788779393.055 10316 24461 24482 V AconfigFlags: Read Aconfig default flag value android.location.flags.gnss_api_measurement_request_work_source = true
1788779393.055 10316 24461 24482 V AconfigFlags: Read Aconfig default flag value android.location.flags.gnss_api_navic_l1 = true
1788779393.055 10316 24461 24482 V AconfigFlags: Read Aconfig default flag value android.location.flags.gnss_call_stop_before_set_position_mode = false
1788779393.055 10316 24461 24482 V AconfigFlags: Read Aconfig default flag value android.location.flags.gnss_configuration_from_resource = true
1788779393.055 10316 24461 24482 V AconfigFlags: Read Aconfig default flag value android.location.flags.location_bypass = true
1788779393.055 10316 24461 24482 V AconfigFlags: Read Aconfig default flag value android.location.flags.location_validation = true
1788779393.055 10316 24461 24482 V AconfigFlags: Read Aconfig default flag value android.location.flags.new_geocoder = true
1788779393.055 10316 24461 24482 V AconfigFlags: Read Aconfig default flag value android.location.flags.release_supl_connection_on_timeout = true
1788779393.055 10316 24461 24482 V AconfigFlags: Read Aconfig default flag value android.location.flags.replace_future_elapsed_realtime_jni = true
1788779393.055 10316 24461 24482 V AconfigFlags: Read Aconfig default flag value android.location.flags.subscriptions_changed_listener_thread = false
1788779393.055 10316 24461 24482 V AconfigFlags: Read Aconfig default flag value android.location.flags.update_is_in_emergency_before_on_register = true
1788779393.055 10316 24461 24482 V AconfigFlags: Read Aconfig default flag value android.media.audio.auto_public_volume_api_hardening = false
1788779393.055 10316 24461 24482 V AconfigFlags: Read Aconfig default flag value android.media.audio.automatic_bt_device_type = true
1788779393.055 10316 24461 24482 V AconfigFlags: Read Aconfig default flag value android.media.audio.feature_spatial_audio_headtracking_low_latency = false
1788779393.055 10316 24461 24482 V AconfigFlags: Read Aconfig default flag value android.media.audio.focus_exclusive_with_recording = true
1788779393.055 10316 24461 24482 V AconfigFlags: Read Aconfig default flag value android.media.audio.focus_freeze_test_api = true
1788779393.055 10316 24461 24482 V AconfigFlags: Read Aconfig default flag value android.media.audio.foreground_audio_control = false
1788779393.055 10316 24461 24482 V AconfigFlags: Read Aconfig default flag value android.media.audio.loudness_configurator_api = true
1788779393.055 10316 24461 24482 V AconfigFlags: Read Aconfig default flag value android.media.audio.mtk_audio_manager_api = false
1788779393.055 10316 24461 24482 V AconfigFlags: Read Aconfig default flag value android.media.audio.mute_background_audio = false
1788779393.055 10316 24461 24482 V AconfigFlags: Read Aconfig default flag value android.media.audio.ro_foreground_audio_control = true
1788779393.055 10316 24461 24482 V AconfigFlags: Read Aconfig default flag value android.media.audio.ro_volume_ringer_api_hardening = false
1788779393.055 10316 24461 24482 V AconfigFlags: Read Aconfig default flag value android.media.audio.sco_managed_by_audio = false
1788779393.055 10316 24461 24482 V AconfigFlags: Read Aconfig default flag value android.media.audio.supported_device_types_api = true
1788779393.055 10316 24461 24482 V AconfigFlags: Read Aconfig default flag value android.media.audio.volume_ringer_api_hardening = false
1788779393.055 10316 24461 24482 V AconfigFlags: Read Aconfig default flag value android.media.audiopolicy.audio_mix_ownership = true
1788779393.055 10316 24461 24482 V AconfigFlags: Read Aconfig default flag value android.media.audiopolicy.audio_mix_policy_ordering = false
1788779393.056 10316 24461 24482 V AconfigFlags: Read Aconfig default flag value android.media.audiopolicy.audio_mix_test_api = true
1788779393.056 10316 24461 24482 V AconfigFlags: Read Aconfig default flag value android.media.audiopolicy.audio_policy_update_mixing_rules_api = true
1788779393.056 10316 24461 24482 V AconfigFlags: Read Aconfig default flag value android.media.audiopolicy.enable_fade_manager_configuration = true
1788779393.056 10316 24461 24482 V AconfigFlags: Read Aconfig default flag value android.media.audiopolicy.multi_zone_audio = false
1788779393.056 10316 24461 24482 V AconfigFlags: Read Aconfig default flag value android.media.audiopolicy.record_audio_device_aware_permission = true
1788779393.056 10316 24461 24482 V AconfigFlags: Read Aconfig default flag value android.media.codec.aidl_hal_input_surface = false
1788779393.056 10316 24461 24482 V AconfigFlags: Read Aconfig default flag value android.media.codec.dynamic_color_aspects = true
1788779393.056 10316 24461 24482 V AconfigFlags: Read Aconfig default flag value android.media.codec.hlg_editing = true
1788779393.056 10316 24461 24482 V AconfigFlags: Read Aconfig default flag value android.media.codec.in_process_sw_audio_codec = false
1788779393.056 10316 24461 24482 V AconfigFlags: Read Aconfig default flag value android.media.codec.in_process_sw_audio_codec_support = false
1788779393.056 10316 24461 24482 V AconfigFlags: Read Aconfig default flag value android.media.codec.input_surface_throttle = true
1788779393.056 10316 24461 24482 V AconfigFlags: Read Aconfig default flag value android.media.codec.large_audio_frame_finish = true
1788779393.056 10316 24461 24482 V AconfigFlags: Read Aconfig default flag value android.media.codec.native_capabilites = false
1788779393.056 10316 24461 24482 V AconfigFlags: Read Aconfig default flag value android.media.codec.null_output_surface = true
1788779393.056 10316 24461 24482 V AconfigFlags: Read Aconfig default flag value android.media.codec.null_output_surface_support = true
1788779393.056 10316 24461 24482 V AconfigFlags: Read Aconfig default flag value android.media.codec.region_of_interest = true
1788779393.056 10316 24461 24482 V AconfigFlags: Read Aconfig default flag value android.media.codec.region_of_interest_support = true
1788779393.056 10316 24461 24482 V AconfigFlags: Read Aconfig default flag value android.media.codec.set_callback_stall = false
1788779393.056 10316 24461 24482 V AconfigFlags: Read Aconfig default flag value android.media.codec.set_state_early = true
1788779393.056 10316 24461 24482 V AconfigFlags: Read Aconfig default flag value android.media.codec.stop_hal_before_surface = true
1788779393.056 10316 24461 24482 V AconfigFlags: Read Aconfig default flag value android.media.codec.teamfood = false
1788779393.056 10316 24461 24482 V AconfigFlags: Read Aconfig default flag value android.media.midi.virtual_ump = true
1788779393.056 10316 24461 24482 V AconfigFlags: Read Aconfig default flag value android.media.soundtrigger.sound_trigger_generic_model_api = false
1788779393.056 10316 24461 24482 V AconfigFlags: Read Aconfig default flag value android.media.tv.flags.broadcast_visibility_types = false
1788779393.056 10316 24461 24482 V AconfigFlags: Read Aconfig default flag value android.media.tv.flags.enable_ad_service_fw = false
1788779393.056 10316 24461 24482 V AconfigFlags: Read Aconfig default flag value android.media.tv.flags.tiaf_v_apis = false
1788779393.056 10316 24461 24482 V AconfigFlags: Read Aconfig default flag value android.multiuser.add_ui_for_sounds_from_background_users = false
1788779393.056 10316 24461 24482 V AconfigFlags: Read Aconfig default flag value android.multiuser.allow_main_user_to_access_blocked_number_provider = false
1788779393.056 10316 24461 24482 V AconfigFlags: Read Aconfig default flag value android.multiuser.allow_resolver_sheet_for_private_space = true
1788779393.056 10316 24461 24482 V AconfigFlags: Read Aconfig default flag value android.multiuser.avatar_sync = true
1788779393.056 10316 24461 24482 V AconfigFlags: Read Aconfig default flag value android.multiuser.bind_wallpaper_service_on_its_own_thread_during_a_user_switch = true
1788779393.056 10316 24461 24482 V AconfigFlags: Read Aconfig default flag value android.multiuser.block_private_space_creation = true
1788779393.056 10316 24461 24482 V AconfigFlags: Read Aconfig default flag value android.multiuser.delete_private_space_from_reset = true
1788779393.056 10316 24461 24482 V AconfigFlags: Read Aconfig default flag value android.multiuser.disable_private_space_items_on_home = true
1788779393.056 10316 24461 24482 V AconfigFlags: Read Aconfig default flag value android.multiuser.enable_biometrics_to_unlock_private_space = true
1788779393.056 10316 24461 24482 V AconfigFlags: Read Aconfig default flag value android.multiuser.enable_hiding_profiles = true
1788779393.056 10316 24461 24482 V AconfigFlags: Read Aconfig default flag value android.multiuser.enable_launcher_apps_hidden_profile_checks = true
1788779393.056 10316 24461 24482 V AconfigFlags: Read Aconfig default flag value android.multiuser.enable_permission_to_access_hidden_profiles = true
1788779393.056 10316 24461 24482 V AconfigFlags: Read Aconfig default flag value android.multiuser.enable_private_space_autolock_on_restarts = true
1788779393.057 10316 24461 24482 V AconfigFlags: Read Aconfig default flag value android.multiuser.enable_private_space_features = true
1788779393.057 10316 24461 24482 V AconfigFlags: Read Aconfig default flag value android.multiuser.enable_private_space_intent_redirection = true
1788779393.057 10316 24461 24482 V AconfigFlags: Read Aconfig default flag value android.multiuser.enable_ps_sensitive_notifications_toggle = true
1788779393.057 10316 24461 24482 V AconfigFlags: Read Aconfig default flag value android.multiuser.enable_system_user_only_for_services_and_providers = true
1788779393.057 10316 24461 24482 V AconfigFlags: Read Aconfig default flag value android.multiuser.fix_avatar_concurrent_file_write = false
1788779393.057 10316 24461 24482 V AconfigFlags: Read Aconfig default flag value android.multiuser.fix_avatar_picker_read_back_order = true
1788779393.057 10316 24461 24482 V AconfigFlags: Read Aconfig default flag value android.multiuser.fix_avatar_picker_selected_read_back = true
1788779393.057 10316 24461 24482 V AconfigFlags: Read Aconfig default flag value android.multiuser.handle_interleaved_settings_for_private_space = true
1788779393.057 10316 24461 24482 V AconfigFlags: Read Aconfig default flag value android.multiuser.move_quiet_mode_operations_to_separate_thread = true
1788779393.057 10316 24461 24482 V AconfigFlags: Read Aconfig default flag value android.multiuser.new_multiuser_settings_ux = false
1788779393.057 10316 24461 24482 V AconfigFlags: Read Aconfig default flag value android.multiuser.reorder_wallpaper_during_user_switch = true
1788779393.057 10316 24461 24482 V AconfigFlags: Read Aconfig default flag value android.multiuser.restrict_quiet_mode_credential_bug_fix_to_managed_profiles = true
1788779393.057 10316 24461 24482 V AconfigFlags: Read Aconfig default flag value android.multiuser.save_global_and_guest_restrictions_on_system_user_xml = false
1788779393.057 10316 24461 24482 V AconfigFlags: Read Aconfig default flag value android.multiuser.save_global_and_guest_restrictions_on_system_user_xml_read_only = false
1788779393.057 10316 24461 24482 V AconfigFlags: Read Aconfig default flag value android.multiuser.schedule_stop_of_background_user = false
1788779393.057 10316 24461 24482 V AconfigFlags: Read Aconfig default flag value android.multiuser.set_power_mode_during_user_switch = true
1788779393.057 10316 24461 24482 V AconfigFlags: Read Aconfig default flag value android.multiuser.show_set_screen_lock_dialog = true
1788779393.057 10316 24461 24482 V AconfigFlags: Read Aconfig default flag value android.multiuser.start_user_before_scheduled_alarms = false
1788779393.057 10316 24461 24482 V AconfigFlags: Read Aconfig default flag value android.multiuser.support_autolock_for_private_space = true
1788779393.057 10316 24461 24482 V AconfigFlags: Read Aconfig default flag value android.multiuser.support_communal_profile = false
1788779393.057 10316 24461 24482 V AconfigFlags: Read Aconfig default flag value android.multiuser.support_communal_profile_nextgen = false
1788779393.057 10316 24461 24482 V AconfigFlags: Read Aconfig default flag value android.multiuser.use_all_cpus_during_user_switch = true
1788779393.057 10316 24461 24482 V AconfigFlags: Read Aconfig default flag value android.multiuser.use_private_space_icon_in_biometric_prompt = true
1788779393.057 10316 24461 24482 V AconfigFlags: Read Aconfig default flag value android.net.platform.flags.ipsec_transform_state = false
1788779393.057 10316 24461 24482 V AconfigFlags: Read Aconfig default flag value android.net.platform.flags.powered_off_finding_platform = true
1788779393.057 10316 24461 24482 V AconfigFlags: Read Aconfig default flag value android.net.platform.flags.register_nsd_offload_engine = false
1788779393.057 10316 24461 24482 V AconfigFlags: Read Aconfig default flag value android.net.vcn.allow_disable_ipsec_loss_detector = true
1788779393.057 10316 24461 24482 V AconfigFlags: Read Aconfig default flag value android.net.vcn.enforce_main_user = true
1788779393.057 10316 24461 24482 V AconfigFlags: Read Aconfig default flag value android.net.vcn.evaluate_ipsec_loss_on_lp_nc_change = true
1788779393.057 10316 24461 24482 V AconfigFlags: Read Aconfig default flag value android.net.vcn.handle_seq_num_leap = true
1788779393.057 10316 24461 24482 V AconfigFlags: Read Aconfig default flag value android.net.vcn.network_metric_monitor = true
1788779393.057 10316 24461 24482 V AconfigFlags: Read Aconfig default flag value android.net.vcn.safe_mode_config = true
1788779393.057 10316 24461 24482 V AconfigFlags: Read Aconfig default flag value android.net.vcn.safe_mode_timeout_config = true
1788779393.057 10316 24461 24482 V AconfigFlags: Read Aconfig default flag value android.net.vcn.validate_network_on_ipsec_loss = true
1788779393.057 10316 24461 24482 V AconfigFlags: Read Aconfig default flag value android.net.wifi.flags.get_device_cross_akm_roaming_support = true
1788779393.057 10316 24461 24482 V AconfigFlags: Read Aconfig default flag value android.net.wifi.flags.network_provider_battery_charging_status = true
1788779393.057 10316 24461 24482 V AconfigFlags: Read Aconfig default flag value android.nfc.enable_nfc_beam = false
1788779393.057 10316 24461 24482 V AconfigFlags: Read Aconfig default flag value android.nfc.enable_nfc_charging = false
1788779393.057 10316 24461 24482 V AconfigFlags: Read Aconfig default flag value android.nfc.enable_nfc_mainline = true
1788779393.057 10316 24461 24482 V AconfigFlags: Read Aconfig default flag value android.nfc.enable_nfc_reader_option = true
1788779393.058 10316 24461 24482 V AconfigFlags: Read Aconfig default flag value android.nfc.enable_nfc_set_discovery_tech = true
1788779393.059 10316 24461 24482 V AconfigFlags: Read Aconfig default flag value android.nfc.enable_nfc_user_restriction = true
1788779393.059 10316 24461 24482 V AconfigFlags: Read Aconfig default flag value android.nfc.enable_tag_detection_broadcasts = false
1788779393.059 10316 24461 24482 V AconfigFlags: Read Aconfig default flag value android.nfc.nfc_observe_mode = true
1788779393.059 10316 24461 24482 V AconfigFlags: Read Aconfig default flag value android.nfc.nfc_observe_mode_st_shim = true
1788779393.059 10316 24461 24482 V AconfigFlags: Read Aconfig default flag value android.nfc.nfc_oem_extension = false
1788779393.059 10316 24461 24482 V AconfigFlags: Read Aconfig default flag value android.nfc.nfc_read_polling_loop = true
1788779393.060 10316 24461 24482 V AconfigFlags: Read Aconfig default flag value android.nfc.nfc_read_polling_loop_st_shim = true
1788779393.060 10316 24461 24482 V AconfigFlags: Read Aconfig default flag value android.nfc.nfc_set_default_disc_tech = false
1788779393.061 10316 24461 24482 V AconfigFlags: Read Aconfig default flag value android.nfc.nfc_state_change = false
1788779393.062 10316 24461 24482 V AconfigFlags: Read Aconfig default flag value android.nfc.nfc_vendor_cmd = true
1788779393.062 10316 24461 24482 V AconfigFlags: Read Aconfig default flag value android.os.adpf_fmq_eager_send = false
1788779393.062 10316 24461 24482 V AconfigFlags: Read Aconfig default flag value android.os.adpf_gpu_report_actual_work_duration = true
1788779393.062 10316 24461 24482 V AconfigFlags: Read Aconfig default flag value android.os.adpf_hwui_gpu = false
1788779393.062 10316 24461 24482 V AconfigFlags: Read Aconfig default flag value android.os.adpf_measure_during_input_event_boost = false
1788779393.063 10316 24461 24482 V AconfigFlags: Read Aconfig default flag value android.os.adpf_obtainview_boost = false
1788779393.063 10316 24461 24482 V AconfigFlags: Read Aconfig default flag value android.os.adpf_platform_power_efficiency = false
1788779393.063 10316 24461 24482 V AconfigFlags: Read Aconfig default flag value android.os.adpf_prefer_power_efficiency = true
1788779393.063 10316 24461 24482 V AconfigFlags: Read Aconfig default flag value android.os.adpf_use_fmq_channel = true
1788779393.063 10316 24461 24482 V AconfigFlags: Read Aconfig default flag value android.os.adpf_use_fmq_channel_fixed = false
1788779393.063 10316 24461 24482 V AconfigFlags: Read Aconfig default flag value android.os.allow_private_profile = true
1788779393.063 10316 24461 24482 V AconfigFlags: Read Aconfig default flag value android.os.allow_thermal_headroom_thresholds = true
1788779393.063 10316 24461 24482 V AconfigFlags: Read Aconfig default flag value android.os.android_os_build_vanilla_ice_cream = false
1788779393.063 10316 24461 24482 V AconfigFlags: Read Aconfig default flag value android.os.battery_part_status_api = true
1788779393.064 10316 24461 24482 V AconfigFlags: Read Aconfig default flag value android.os.battery_saver_supported_check_api = false
1788779393.064 10316 24461 24482 V AconfigFlags: Read Aconfig default flag value android.os.battery_service_support_current_adb_command = false
1788779393.064 10316 24461 24482 V AconfigFlags: Read Aconfig default flag value android.os.bugreport_mode_max_value = true
1788779393.064 10316 24461 24482 V AconfigFlags: Read Aconfig default flag value android.os.disallow_cellular_null_ciphers_restriction = false
1788779393.064 10316 24461 24482 V AconfigFlags: Read Aconfig default flag value android.os.message_queue_tail_tracking = true
1788779393.064 10316 24461 24482 V AconfigFlags: Read Aconfig default flag value android.os.microsoft.flags.ltw_enabled = true
1788779393.064 10316 24461 24482 V AconfigFlags: Read Aconfig default flag value android.os.ordered_broadcast_multiple_permissions = false
1788779393.064 10316 24461 24482 V AconfigFlags: Read Aconfig default flag value android.os.perfetto_sdk_tracing = false
1788779393.064 10316 24461 24482 V AconfigFlags: Read Aconfig default flag value android.os.remove_app_profiler_pss_collection = true
1788779393.064 10316 24461 24482 V AconfigFlags: Read Aconfig default flag value android.os.security_state_service = true
1788779393.064 10316 24461 24482 V AconfigFlags: Read Aconfig default flag value android.os.state_of_health_public = false
1788779393.065 10316 24461 24482 V AconfigFlags: Read Aconfig default flag value android.os.storage_lifetime_api = true
1788779393.065 10316 24461 24482 V AconfigFlags: Read Aconfig default flag value android.os.strict_mode_restricted_network = false
1788779393.065 10316 24461 24482 V AconfigFlags: Read Aconfig default flag value android.os.telemetry_apis_framework_initialization = true
1788779393.065 10316 24461 24482 V AconfigFlags: Read Aconfig default flag value android.os.vibrator.adaptive_haptics_enabled = true
1788779393.065 10316 24461 24482 V AconfigFlags: Read Aconfig default flag value android.os.vibrator.haptic_feedback_vibration_oem_customization_enabled = true
1788779393.066 10316 24461 24482 V AconfigFlags: Read Aconfig default flag value android.os.vibrator.keyboard_category_enabled = true
1788779393.066 10316 24461 24482 V AconfigFlags: Read Aconfig default flag value android.os.vibrator.use_vibrator_haptic_feedback = false
1788779393.066 10316 24461 24482 V AconfigFlags: Read Aconfig default flag value android.permission.flags.apex_signature_permission_allowlist_enabled = true
1788779393.066 10316 24461 24482 V AconfigFlags: Read Aconfig default flag value android.permission.flags.device_aware_app_op_new_schema_enabled = false
1788779393.066 10316 24461 24482 V AconfigFlags: Read Aconfig default flag value android.permission.flags.device_aware_permission_apis_enabled = true
1788779393.066 10316 24461 24482 V AconfigFlags: Read Aconfig default flag value android.permission.flags.device_aware_permissions_enabled = true
1788779393.066 10316 24461 24482 V AconfigFlags: Read Aconfig default flag value android.permission.flags.device_id_in_op_proxy_info_enabled = false
1788779393.066 10316 24461 24482 V AconfigFlags: Read Aconfig default flag value android.permission.flags.enhanced_confirmation_mode_apis_enabled = true
1788779393.066 10316 24461 24482 V AconfigFlags: Read Aconfig default flag value android.permission.flags.factory_reset_prep_permission_apis = true
1788779393.066 10316 24461 24482 V AconfigFlags: Read Aconfig default flag value android.permission.flags.finish_running_ops_for_killed_packages = true
1788779393.066 10316 24461 24482 V AconfigFlags: Read Aconfig default flag value android.permission.flags.get_emergency_role_holder_api_enabled = true
1788779393.066 10316 24461 24482 V AconfigFlags: Read Aconfig default flag value android.permission.flags.ignore_process_text = false
1788779393.066 10316 24461 24482 V AconfigFlags: Read Aconfig default flag value android.permission.flags.op_enable_mobile_data_by_user = true
1788779393.066 10316 24461 24482 V AconfigFlags: Read Aconfig default flag value android.permission.flags.retail_demo_role_enabled = true
1788779393.066 10316 24461 24482 V AconfigFlags: Read Aconfig default flag value android.permission.flags.runtime_permission_appops_mapping_enabled = true
1788779393.067 10316 24461 24482 V AconfigFlags: Read Aconfig default flag value android.permission.flags.sensitive_content_improvements = true
1788779393.067 10316 24461 24482 V AconfigFlags: Read Aconfig default flag value android.permission.flags.sensitive_content_metrics_bugfix = true
1788779393.067 10316 24461 24482 V AconfigFlags: Read Aconfig default flag value android.permission.flags.sensitive_content_recents_screenshot_bugfix = true
1788779393.067 10316 24461 24482 V AconfigFlags: Read Aconfig default flag value android.permission.flags.sensitive_notification_app_protection = true
1788779393.067 10316 24461 24482 V AconfigFlags: Read Aconfig default flag value android.permission.flags.server_side_attribution_registration = true
1788779393.067 10316 24461 24482 V AconfigFlags: Read Aconfig default flag value android.permission.flags.set_next_attribution_source = false
1788779393.067 10316 24461 24482 V AconfigFlags: Read Aconfig default flag value android.permission.flags.should_register_attribution_source = true
1788779393.067 10316 24461 24482 V AconfigFlags: Read Aconfig default flag value android.permission.flags.signature_permission_allowlist_enabled = true
1788779393.067 10316 24461 24482 V AconfigFlags: Read Aconfig default flag value android.permission.flags.system_server_role_controller_enabled = true
1788779393.067 10316 24461 24482 V AconfigFlags: Read Aconfig default flag value android.permission.flags.voice_activation_permission_apis = false
1788779393.067 10316 24461 24482 V AconfigFlags: Read Aconfig default flag value android.permission.flags.wallet_role_enabled = true
1788779393.067 10316 24461 24482 V AconfigFlags: Read Aconfig default flag value android.provider.a11y_standalone_gesture_enabled = false
1788779393.067 10316 24461 24482 V AconfigFlags: Read Aconfig default flag value android.provider.backup_tasks_settings_screen = false
1788779393.067 10316 24461 24482 V AconfigFlags: Read Aconfig default flag value android.provider.system_settings_default = true
1788779393.067 10316 24461 24482 V AconfigFlags: Read Aconfig default flag value android.provider.user_keys = true
1788779393.067 10316 24461 24482 V AconfigFlags: Read Aconfig default flag value android.security.asm_opt_system_into_enforcement = false
1788779393.067 10316 24461 24482 V AconfigFlags: Read Aconfig default flag value android.security.asm_restrictions_enabled = true
1788779393.067 10316 24461 24482 V AconfigFlags: Read Aconfig default flag value android.security.asm_toasts_enabled = false
1788779393.067 10316 24461 24482 V AconfigFlags: Read Aconfig default flag value android.security.binary_transparency_sepolicy_hash = true
1788779393.067 10316 24461 24482 V AconfigFlags: Read Aconfig default flag value android.security.block_null_action_intents = false
1788779393.067 10316 24461 24482 V AconfigFlags: Read Aconfig default flag value android.security.certificate_transparency_configuration = false
1788779393.067 10316 24461 24482 V AconfigFlags: Read Aconfig default flag value android.security.content_uri_permission_apis = true
1788779393.068 10316 24461 24482 V AconfigFlags: Read Aconfig default flag value android.security.deprecate_fsv_sig = true
1788779393.068 10316 24461 24482 V AconfigFlags: Read Aconfig default flag value android.security.dump_attestation_verifications = true
1788779393.068 10316 24461 24482 V AconfigFlags: Read Aconfig default flag value android.security.enforce_intent_filter_match = true
1788779393.069 10316 24461 24482 V AconfigFlags: Read Aconfig default flag value android.security.extend_ecm_to_all_settings = true
1788779393.069 10316 24461 24482 V AconfigFlags: Read Aconfig default flag value android.security.extend_vb_chain_to_updated_apk = true
1788779393.069 10316 24461 24482 V AconfigFlags: Read Aconfig default flag value android.security.fix_unlocked_device_required_keys_v2 = true
1788779393.069 10316 24461 24482 V AconfigFlags: Read Aconfig default flag value android.security.frp_enforcement = true
1788779393.069 10316 24461 24482 V AconfigFlags: Read Aconfig default flag value android.security.fsverity_api = true
1788779393.069 10316 24461 24482 V AconfigFlags: Read Aconfig default flag value android.security.keyinfo_unlocked_device_required = false
1788779393.069 10316 24461 24482 V AconfigFlags: Read Aconfig default flag value android.security.mgf1_digest_setter_v2 = true
1788779393.069 10316 24461 24482 V AconfigFlags: Read Aconfig default flag value android.security.report_primary_auth_attempts = true
1788779393.069 10316 24461 24482 V AconfigFlags: Read Aconfig default flag value android.security.significant_places = false
1788779393.069 10316 24461 24482 V AconfigFlags: Read Aconfig default flag value android.security.unlocked_storage_api = false
1788779393.069 10316 24461 24482 V AconfigFlags: Read Aconfig default flag value android.server.app.disable_game_mode_when_app_top = true
1788779393.069 10316 24461 24482 V AconfigFlags: Read Aconfig default flag value android.server.app.game_default_frame_rate = true
1788779393.069 10316 24461 24482 V AconfigFlags: Read Aconfig default flag value android.server.remove_text_service = false
1788779393.069 10316 24461 24482 V AconfigFlags: Read Aconfig default flag value android.server.telemetry_apis_service = true
1788779393.069 10316 24461 24482 V AconfigFlags: Read Aconfig default flag value android.service.appprediction.flags.service_features_api = false
1788779393.069 10316 24461 24482 V AconfigFlags: Read Aconfig default flag value android.service.autofill.add_last_focused_id_to_client_state = false
1788779393.069 10316 24461 24482 V AconfigFlags: Read Aconfig default flag value android.service.autofill.add_session_id_to_client_state = false
1788779393.069 10316 24461 24482 V AconfigFlags: Read Aconfig default flag value android.service.autofill.autofill_credman_dev_integration = true
1788779393.069 10316 24461 24482 V AconfigFlags: Read Aconfig default flag value android.service.autofill.autofill_credman_integration = true
1788779393.069 10316 24461 24482 V AconfigFlags: Read Aconfig default flag value android.service.autofill.autofill_credman_integration_phase2 = false
1788779393.069 10316 24461 24482 V AconfigFlags: Read Aconfig default flag value android.service.autofill.fill_fields_from_current_session_only = false
1788779393.069 10316 24461 24482 V AconfigFlags: Read Aconfig default flag value android.service.autofill.include_invisible_view_group_in_assist_structure = false
1788779393.069 10316 24461 24482 V AconfigFlags: Read Aconfig default flag value android.service.autofill.relayout = false
1788779393.069 10316 24461 24482 V AconfigFlags: Read Aconfig default flag value android.service.autofill.remote_fill_service_use_weak_reference = true
1788779393.069 10316 24461 24482 V AconfigFlags: Read Aconfig default flag value android.service.autofill.test = false
1788779393.069 10316 24461 24482 V AconfigFlags: Read Aconfig default flag value android.service.chooser.chooser_album_text = true
1788779393.069 10316 24461 24482 V AconfigFlags: Read Aconfig default flag value android.service.chooser.chooser_payload_toggling = true
1788779393.069 10316 24461 24482 V AconfigFlags: Read Aconfig default flag value android.service.chooser.enable_chooser_result = true
1788779393.069 10316 24461 24482 V AconfigFlags: Read Aconfig default flag value android.service.chooser.enable_sharesheet_metadata_extra = true
1788779393.069 10316 24461 24482 V AconfigFlags: Read Aconfig default flag value android.service.chooser.fix_resolver_memory_leak = true
1788779393.069 10316 24461 24482 V AconfigFlags: Read Aconfig default flag value android.service.controls.flags.home_panel_dream = true
1788779393.069 10316 24461 24482 V AconfigFlags: Read Aconfig default flag value android.service.dreams.dismiss_dream_on_keyguard_dismiss = true
1788779393.069 10316 24461 24482 V AconfigFlags: Read Aconfig default flag value android.service.dreams.dream_handles_being_obscured = false
1788779393.069 10316 24461 24482 V AconfigFlags: Read Aconfig default flag value android.service.dreams.dream_handles_confirm_keys = false
1788779393.069 10316 24461 24482 V AconfigFlags: Read Aconfig default flag value android.service.dreams.dream_overlay_host = false
1788779393.069 10316 24461 24482 V AconfigFlags: Read Aconfig default flag value android.service.dreams.dream_wake_redirect = false
1788779393.069 10316 24461 24482 V AconfigFlags: Read Aconfig default flag value android.service.notification.callstyle_callback_api = true
1788779393.070 10316 24461 24482 V AconfigFlags: Read Aconfig default flag value android.service.notification.ranking_update_ashmem = true
1788779393.070 10316 24461 24482 V AconfigFlags: Read Aconfig default flag value android.service.notification.redact_sensitive_notifications_big_text_style = true
1788779393.070 10316 24461 24482 V AconfigFlags: Read Aconfig default flag value android.service.notification.redact_sensitive_notifications_from_untrusted_listeners = true
1788779393.070 10316 24461 24482 V AconfigFlags: Read Aconfig default flag value android.service.voice.flags.allow_foreground_activities_in_on_show = true
1788779393.070 10316 24461 24482 V AconfigFlags: Read Aconfig default flag value android.service.voice.flags.allow_hotword_bump_egress = true
1788779393.070 10316 24461 24482 V AconfigFlags: Read Aconfig default flag value android.service.voice.flags.allow_training_data_egress_from_hds = false
1788779393.070 10316 24461 24482 V AconfigFlags: Read Aconfig default flag value android.speech.flags.multilang_extra_launch = true
1788779393.070 10316 24461 24482 V AconfigFlags: Read Aconfig default flag value android.tracing.perfetto_ime = false
1788779393.070 10316 24461 24482 V AconfigFlags: Read Aconfig default flag value android.tracing.perfetto_ime_tracing = false
1788779393.070 10316 24461 24482 V AconfigFlags: Read Aconfig default flag value android.tracing.perfetto_protolog_tracing = false
1788779393.070 10316 24461 24482 V AconfigFlags: Read Aconfig default flag value android.tracing.perfetto_transition_tracing = false
1788779393.070 10316 24461 24482 V AconfigFlags: Read Aconfig default flag value android.tracing.perfetto_view_capture_tracing = false
1788779393.070 10316 24461 24482 V AconfigFlags: Read Aconfig default flag value android.view.accessibility.a11y_overlay_callbacks = false
1788779393.070 10316 24461 24482 V AconfigFlags: Read Aconfig default flag value android.view.accessibility.a11y_qs_shortcut = true
1788779393.070 10316 24461 24482 V AconfigFlags: Read Aconfig default flag value android.view.accessibility.add_type_window_control = false
1788779393.070 10316 24461 24482 V AconfigFlags: Read Aconfig default flag value android.view.accessibility.allow_shortcut_chooser_on_lockscreen = false
1788779393.070 10316 24461 24482 V AconfigFlags: Read Aconfig default flag value android.view.accessibility.braille_display_hid = true
1788779393.070 10316 24461 24482 V AconfigFlags: Read Aconfig default flag value android.view.accessibility.cleanup_accessibility_warning_dialog = false
1788779393.070 10316 24461 24482 V AconfigFlags: Read Aconfig default flag value android.view.accessibility.collection_info_item_counts = true
1788779393.070 10316 24461 24482 V AconfigFlags: Read Aconfig default flag value android.view.accessibility.copy_events_for_gesture_detection = false
1788779393.070 10316 24461 24482 V AconfigFlags: Read Aconfig default flag value android.view.accessibility.enable_system_pinch_zoom_gesture = false
1788779393.070 10316 24461 24482 V AconfigFlags: Read Aconfig default flag value android.view.accessibility.fix_merged_content_change_event_v2 = true
1788779393.070 10316 24461 24482 V AconfigFlags: Read Aconfig default flag value android.view.accessibility.flash_notification_system_api = true
1788779393.070 10316 24461 24482 V AconfigFlags: Read Aconfig default flag value android.view.accessibility.force_invert_color = false
1788779393.070 10316 24461 24482 V AconfigFlags: Read Aconfig default flag value android.view.accessibility.granular_scrolling = true
1788779393.070 10316 24461 24482 V AconfigFlags: Read Aconfig default flag value android.view.accessibility.migrate_enable_shortcuts = false
1788779393.070 10316 24461 24482 V AconfigFlags: Read Aconfig default flag value android.view.accessibility.motion_event_observing = true
1788779393.070 10316 24461 24482 V AconfigFlags: Read Aconfig default flag value android.view.accessibility.prevent_leaking_viewrootimpl = false
1788779393.070 10316 24461 24482 V AconfigFlags: Read Aconfig default flag value android.view.accessibility.reduce_window_content_changed_event_throttle = false
1788779393.070 10316 24461 24482 V AconfigFlags: Read Aconfig default flag value android.view.accessibility.restore_a11y_shortcut_target_service = true
1788779393.070 10316 24461 24482 V AconfigFlags: Read Aconfig default flag value android.view.accessibility.skip_accessibility_warning_dialog_for_trusted_services = true
1788779393.070 10316 24461 24482 V AconfigFlags: Read Aconfig default flag value android.view.accessibility.support_system_pinch_zoom_opt_out_apis = false
1788779393.070 10316 24461 24482 V AconfigFlags: Read Aconfig default flag value android.view.accessibility.update_always_on_a11y_service = false
1788779393.070 10316 24461 24482 V AconfigFlags: Read Aconfig default flag value android.view.contentcapture.flags.run_on_background_thread_enabled = true
1788779393.070 10316 24461 24482 V AconfigFlags: Read Aconfig default flag value android.view.contentprotection.flags.blocklist_update_enabled = true
1788779393.071 10316 24461 24482 V AconfigFlags: Read Aconfig default flag value android.view.contentprotection.flags.create_accessibility_overlay_app_op_enabled = true
1788779393.071 10316 24461 24482 V AconfigFlags: Read Aconfig default flag value android.view.contentprotection.flags.manage_device_policy_enabled = true
1788779393.071 10316 24461 24482 V AconfigFlags: Read Aconfig default flag value android.view.contentprotection.flags.parse_groups_config_enabled = true
1788779393.071 10316 24461 24482 V AconfigFlags: Read Aconfig default flag value android.view.contentprotection.flags.rapid_clear_notifications_by_listener_app_op_enabled = true
1788779393.071 10316 24461 24482 V AconfigFlags: Read Aconfig default flag value android.view.contentprotection.flags.setting_ui_enabled = true
1788779393.071 10316 24461 24482 V AconfigFlags: Read Aconfig default flag value android.view.flags.add_schandle_to_vri_surface = true
1788779393.071 10316 24461 24482 V AconfigFlags: Read Aconfig default flag value android.view.flags.customizable_window_headers = true
1788779393.071 10316 24461 24482 V AconfigFlags: Read Aconfig default flag value android.view.flags.enable_arrow_icon_on_hover_when_clickable = true
1788779393.071 10316 24461 24482 V AconfigFlags: Read Aconfig default flag value android.view.flags.enable_invalidate_check_thread = false
1788779393.071 10316 24461 24482 V AconfigFlags: Read Aconfig default flag value android.view.flags.enable_surface_native_alloc_registration_ro = true
1788779393.071 10316 24461 24482 V AconfigFlags: Read Aconfig default flag value android.view.flags.enable_use_measure_cache_during_force_layout = false
1788779393.071 10316 24461 24482 V AconfigFlags: Read Aconfig default flag value android.view.flags.enable_vector_cursor_a11y_settings = false
1788779393.071 10316 24461 24482 V AconfigFlags: Read Aconfig default flag value android.view.flags.enable_vector_cursors = true
1788779393.071 10316 24461 24482 V AconfigFlags: Read Aconfig default flag value android.view.flags.expected_presentation_time_api = false
1788779393.071 10316 24461 24482 V AconfigFlags: Read Aconfig default flag value android.view.flags.expected_presentation_time_read_only = false
1788779393.071 10316 24461 24482 V AconfigFlags: Read Aconfig default flag value android.view.flags.scroll_feedback_api = true
1788779393.071 10316 24461 24482 V AconfigFlags: Read Aconfig default flag value android.view.flags.sensitive_content_app_protection = true
1788779393.071 10316 24461 24482 V AconfigFlags: Read Aconfig default flag value android.view.flags.sensitive_content_app_protection_api = true
1788779393.071 10316 24461 24482 V AconfigFlags: Read Aconfig default flag value android.view.flags.sensitive_content_premature_protection_removed_fix = true
1788779393.071 10316 24461 24482 V AconfigFlags: Read Aconfig default flag value android.view.flags.set_frame_rate_callback = false
1788779393.071 10316 24461 24482 V AconfigFlags: Read Aconfig default flag value android.view.flags.toolkit_frame_rate_by_size_read_only = false
1788779393.071 10316 24461 24482 V AconfigFlags: Read Aconfig default flag value android.view.flags.toolkit_frame_rate_default_normal_read_only = false
1788779393.071 10316 24461 24482 V AconfigFlags: Read Aconfig default flag value android.view.flags.toolkit_frame_rate_function_enabling_read_only = false
1788779393.071 10316 24461 24482 V AconfigFlags: Read Aconfig default flag value android.view.flags.toolkit_frame_rate_small_uses_percent_read_only = false
1788779393.071 10316 24461 24482 V AconfigFlags: Read Aconfig default flag value android.view.flags.toolkit_frame_rate_typing_read_only = false
1788779393.071 10316 24461 24482 V AconfigFlags: Read Aconfig default flag value android.view.flags.toolkit_frame_rate_velocity_mapping_read_only = false
1788779393.071 10316 24461 24482 V AconfigFlags: Read Aconfig default flag value android.view.flags.toolkit_frame_rate_view_enabling_read_only = false
1788779393.071 10316 24461 24482 V AconfigFlags: Read Aconfig default flag value android.view.flags.toolkit_metrics_for_frame_rate_decision = false
1788779393.071 10316 24461 24482 V AconfigFlags: Read Aconfig default flag value android.view.flags.toolkit_set_frame_rate = false
1788779393.071 10316 24461 24482 V AconfigFlags: Read Aconfig default flag value android.view.flags.toolkit_set_frame_rate_read_only = true
1788779393.071 10316 24461 24482 V AconfigFlags: Read Aconfig default flag value android.view.flags.use_view_based_rotary_encoder_scroll_haptics = true
1788779393.071 10316 24461 24482 V AconfigFlags: Read Aconfig default flag value android.view.flags.view_velocity_api = true
1788779393.071 10316 24461 24482 V AconfigFlags: Read Aconfig default flag value android.view.inputmethod.compatchange_for_zerojankproxy = true
1788779393.071 10316 24461 24482 V AconfigFlags: Read Aconfig default flag value android.view.inputmethod.concurrent_input_methods = false
1788779393.071 10316 24461 24482 V AconfigFlags: Read Aconfig default flag value android.view.inputmethod.connectionless_handwriting = true
1788779393.071 10316 24461 24482 V AconfigFlags: Read Aconfig default flag value android.view.inputmethod.ctrl_shift_shortcut = false
1788779393.071 10316 24461 24482 V AconfigFlags: Read Aconfig default flag value android.view.inputmethod.defer_show_soft_input_until_session_creation = true
1788779393.071 10316 24461 24482 V AconfigFlags: Read Aconfig default flag value android.view.inputmethod.editorinfo_handwriting_enabled = true
1788779393.071 10316 24461 24482 V AconfigFlags: Read Aconfig default flag value android.view.inputmethod.home_screen_handwriting_delegator = true
1788779393.072 10316 24461 24482 V AconfigFlags: Read Aconfig default flag value android.view.inputmethod.ime_switcher_revamp = false
1788779393.072 10316 24461 24482 V AconfigFlags: Read Aconfig default flag value android.view.inputmethod.imm_userhandle_hostsidetests = false
1788779393.072 10316 24461 24482 V AconfigFlags: Read Aconfig default flag value android.view.inputmethod.initiation_without_input_connection = true
1788779393.072 10316 24461 24482 V AconfigFlags: Read Aconfig default flag value android.view.inputmethod.predictive_back_ime = false
1788779393.072 10316 24461 24482 V AconfigFlags: Read Aconfig default flag value android.view.inputmethod.refactor_insets_controller = false
1788779393.072 10316 24461 24482 V AconfigFlags: Read Aconfig default flag value android.view.inputmethod.use_handwriting_listener_for_tooltype = true
1788779393.072 10316 24461 24482 V AconfigFlags: Read Aconfig default flag value android.view.inputmethod.use_input_method_info_safe_list = true
1788779393.072 10316 24461 24482 V AconfigFlags: Read Aconfig default flag value android.view.inputmethod.use_zero_jank_proxy = true
1788779393.072 10316 24461 24482 V AconfigFlags: Read Aconfig default flag value android.webkit.update_service_ipc_wrapper = false
1788779393.072 10316 24461 24482 V AconfigFlags: Read Aconfig default flag value android.webkit.update_service_v2 = true
1788779393.072 10316 24461 24482 V AconfigFlags: Read Aconfig default flag value android.widget.flags.big_picture_style_discard_empty_icon_bitmap_drawables = true
1788779393.072 10316 24461 24482 V AconfigFlags: Read Aconfig default flag value android.widget.flags.call_style_set_data_async = true
1788779393.072 10316 24461 24482 V AconfigFlags: Read Aconfig default flag value android.widget.flags.conversation_style_set_avatar_async = true
1788779393.072 10316 24461 24482 V AconfigFlags: Read Aconfig default flag value android.widget.flags.enable_platform_widget_differential_motion_fling = true
1788779393.072 10316 24461 24482 V AconfigFlags: Read Aconfig default flag value android.widget.flags.messaging_child_request_layout = false
1788779393.072 10316 24461 24482 V AconfigFlags: Read Aconfig default flag value android.widget.flags.notif_linearlayout_optimized = true
1788779393.072 10316 24461 24482 V AconfigFlags: Read Aconfig default flag value android.widget.flags.toast_no_weakref = true
1788779393.072 10316 24461 24482 V AconfigFlags: Read Aconfig default flag value com.android.aconfig_new_storage.enable_aconfig_storage_daemon = false
1788779393.072 10316 24461 24482 V AconfigFlags: Read Aconfig default flag value com.android.graphics.flags.exact_compute_bounds = false
1788779393.072 10316 24461 24482 V AconfigFlags: Read Aconfig default flag value com.android.graphics.flags.icon_load_drawable_return_null_when_uri_decode_fails = false
1788779393.072 10316 24461 24482 V AconfigFlags: Read Aconfig default flag value com.android.graphics.flags.ok_lab_colorspace = false
1788779393.072 10316 24461 24482 V AconfigFlags: Read Aconfig default flag value com.android.graphics.flags.yuv_image_compress_to_ultra_hdr = false
1788779393.072 10316 24461 24482 V AconfigFlags: Read Aconfig default flag value com.android.graphics.hwui.flags.animate_hdr_transitions = true
1788779393.072 10316 24461 24482 V AconfigFlags: Read Aconfig default flag value com.android.graphics.hwui.flags.clip_shader = true
1788779393.072 10316 24461 24482 V AconfigFlags: Read Aconfig default flag value com.android.graphics.hwui.flags.clip_surfaceviews = false
1788779393.072 10316 24461 24482 V AconfigFlags: Read Aconfig default flag value com.android.graphics.hwui.flags.draw_region = false
1788779393.072 10316 24461 24482 V AconfigFlags: Read Aconfig default flag value com.android.graphics.hwui.flags.gainmap_animations = true
1788779393.072 10316 24461 24482 V AconfigFlags: Read Aconfig default flag value com.android.graphics.hwui.flags.gainmap_constructor_with_metadata = true
1788779393.072 10316 24461 24482 V AconfigFlags: Read Aconfig default flag value com.android.graphics.hwui.flags.hdr_10bit_plus = false
1788779393.072 10316 24461 24482 V AconfigFlags: Read Aconfig default flag value com.android.graphics.hwui.flags.high_contrast_text_luminance = true
1788779393.072 10316 24461 24482 V AconfigFlags: Read Aconfig default flag value com.android.graphics.hwui.flags.high_contrast_text_small_text_rect = false
1788779393.072 10316 24461 24482 V AconfigFlags: Read Aconfig default flag value com.android.graphics.hwui.flags.initialize_gl_always = false
1788779393.072 10316 24461 24482 V AconfigFlags: Read Aconfig default flag value com.android.graphics.hwui.flags.limited_hdr = true
1788779393.072 10316 24461 24482 V AconfigFlags: Read Aconfig default flag value com.android.graphics.hwui.flags.matrix_44 = true
1788779393.072 10316 24461 24482 V AconfigFlags: Read Aconfig default flag value com.android.graphics.hwui.flags.requested_formats_v = true
1788779393.072 10316 24461 24482 V AconfigFlags: Read Aconfig default flag value com.android.graphics.libgui.flags.bq_extendedallocate = false
1788779393.072 10316 24461 24482 V AconfigFlags: Read Aconfig default flag value com.android.graphics.libgui.flags.bq_setframerate = true
1788779393.072 10316 24461 24482 V AconfigFlags: Read Aconfig default flag value com.android.graphics.libgui.flags.frametimestamps_previousrelease = true
1788779393.072 10316 24461 24482 V AconfigFlags: Read Aconfig default flag value com.android.graphics.libgui.flags.trace_frame_rate_override = false
1788779393.073 10316 24461 24482 V AconfigFlags: Read Aconfig default flag value com.android.graphics.surfaceflinger.flags.add_sf_skipped_frames_to_trace = true
1788779393.073 10316 24461 24482 V AconfigFlags: Read Aconfig default flag value com.android.graphics.surfaceflinger.flags.adpf_gpu_sf = true
1788779393.073 10316 24461 24482 V AconfigFlags: Read Aconfig default flag value com.android.graphics.surfaceflinger.flags.allow_n_vsyncs_in_targeter = false
1788779393.073 10316 24461 24482 V AconfigFlags: Read Aconfig default flag value com.android.graphics.surfaceflinger.flags.cache_when_source_crop_layer_only_moved = false
1788779393.073 10316 24461 24482 V AconfigFlags: Read Aconfig default flag value com.android.graphics.surfaceflinger.flags.ce_fence_promise = true
1788779393.073 10316 24461 24482 V AconfigFlags: Read Aconfig default flag value com.android.graphics.surfaceflinger.flags.commit_not_composited = false
1788779393.073 10316 24461 24482 V AconfigFlags: Read Aconfig default flag value com.android.graphics.surfaceflinger.flags.connected_display = true
1788779393.073 10316 24461 24482 V AconfigFlags: Read Aconfig default flag value com.android.graphics.surfaceflinger.flags.deprecate_vsync_sf = false
1788779393.073 10316 24461 24482 V AconfigFlags: Read Aconfig default flag value com.android.graphics.surfaceflinger.flags.detached_mirror = true
1788779393.073 10316 24461 24482 V AconfigFlags: Read Aconfig default flag value com.android.graphics.surfaceflinger.flags.display_protected = true
1788779393.073 10316 24461 24482 V AconfigFlags: Read Aconfig default flag value com.android.graphics.surfaceflinger.flags.dont_skip_on_early_ro = true
1788779393.073 10316 24461 24482 V AconfigFlags: Read Aconfig default flag value com.android.graphics.surfaceflinger.flags.enable_fro_dependent_features = true
1788779393.073 10316 24461 24482 V AconfigFlags: Read Aconfig default flag value com.android.graphics.surfaceflinger.flags.enable_layer_command_batching = true
1788779393.073 10316 24461 24482 V AconfigFlags: Read Aconfig default flag value com.android.graphics.surfaceflinger.flags.enable_small_area_detection = true
1788779393.073 10316 24461 24482 V AconfigFlags: Read Aconfig default flag value com.android.graphics.surfaceflinger.flags.flush_buffer_slots_to_uncache = false
1788779393.073 10316 24461 24482 V AconfigFlags: Read Aconfig default flag value com.android.graphics.surfaceflinger.flags.force_compile_graphite_renderengine = false
1788779393.073 10316 24461 24482 V AconfigFlags: Read Aconfig default flag value com.android.graphics.surfaceflinger.flags.fp16_client_target = false
1788779393.073 10316 24461 24482 V AconfigFlags: Read Aconfig default flag value com.android.graphics.surfaceflinger.flags.frame_rate_category_mrr = false
1788779393.073 10316 24461 24482 V AconfigFlags: Read Aconfig default flag value com.android.graphics.surfaceflinger.flags.game_default_frame_rate = true
1788779393.073 10316 24461 24482 V AconfigFlags: Read Aconfig default flag value com.android.graphics.surfaceflinger.flags.graphite_renderengine = false
1788779393.073 10316 24461 24482 V AconfigFlags: Read Aconfig default flag value com.android.graphics.surfaceflinger.flags.hdcp_level_hal = false
1788779393.073 10316 24461 24482 V AconfigFlags: Read Aconfig default flag value com.android.graphics.surfaceflinger.flags.hotplug2 = true
1788779393.073 10316 24461 24482 V AconfigFlags: Read Aconfig default flag value com.android.graphics.surfaceflinger.flags.latch_unsignaled_with_auto_refresh_changed = true
1788779393.073 10316 24461 24482 V AconfigFlags: Read Aconfig default flag value com.android.graphics.surfaceflinger.flags.local_tonemap_screenshots = false
1788779393.073 10316 24461 24482 V AconfigFlags: Read Aconfig default flag value com.android.graphics.surfaceflinger.flags.misc1 = true
1788779393.073 10316 24461 24482 V AconfigFlags: Read Aconfig default flag value com.android.graphics.surfaceflinger.flags.multithreaded_present = true
1788779393.073 10316 24461 24482 V AconfigFlags: Read Aconfig default flag value com.android.graphics.surfaceflinger.flags.override_trusted_overlay = true
1788779393.073 10316 24461 24482 V AconfigFlags: Read Aconfig default flag value com.android.graphics.surfaceflinger.flags.protected_if_client = true
1788779393.073 10316 24461 24482 V AconfigFlags: Read Aconfig default flag value com.android.graphics.surfaceflinger.flags.refresh_rate_overlay_on_external_display = false
1788779393.073 10316 24461 24482 V AconfigFlags: Read Aconfig default flag value com.android.graphics.surfaceflinger.flags.renderable_buffer_usage = false
1788779393.073 10316 24461 24482 V AconfigFlags: Read Aconfig default flag value com.android.graphics.surfaceflinger.flags.restore_blur_step = true
1788779393.073 10316 24461 24482 V AconfigFlags: Read Aconfig default flag value com.android.graphics.surfaceflinger.flags.screenshot_fence_preservation = true
1788779393.073 10316 24461 24482 V AconfigFlags: Read Aconfig default flag value com.android.graphics.surfaceflinger.flags.single_hop_screenshot = true
1788779393.073 10316 24461 24482 V AconfigFlags: Read Aconfig default flag value com.android.graphics.surfaceflinger.flags.use_known_refresh_rate_for_fps_consistency = false
1788779393.073 10316 24461 24482 V AconfigFlags: Read Aconfig default flag value com.android.graphics.surfaceflinger.flags.vrr_bugfix_24q4 = false
1788779393.073 10316 24461 24482 V AconfigFlags: Read Aconfig default flag value com.android.graphics.surfaceflinger.flags.vrr_config = true
1788779393.073 10316 24461 24482 V AconfigFlags: Read Aconfig default flag value com.android.graphics.surfaceflinger.flags.vulkan_renderengine = false
1788779393.073 10316 24461 24482 V AconfigFlags: Read Aconfig default flag value com.android.hardware.input.emoji_and_screenshot_keycodes_available = true
1788779393.073 10316 24461 24482 V AconfigFlags: Read Aconfig default flag value com.android.hardware.input.keyboard_a11y_bounce_keys_flag = true
1788779393.074 10316 24461 24482 V AconfigFlags: Read Aconfig default flag value com.android.hardware.input.keyboard_a11y_slow_keys_flag = true
1788779393.074 10316 24461 24482 V AconfigFlags: Read Aconfig default flag value com.android.hardware.input.keyboard_a11y_sticky_keys_flag = true
1788779393.074 10316 24461 24482 V AconfigFlags: Read Aconfig default flag value com.android.hardware.input.keyboard_layout_preview_flag = true
1788779393.074 10316 24461 24482 V AconfigFlags: Read Aconfig default flag value com.android.hardware.input.pointer_coords_is_resampled_api = true
1788779393.074 10316 24461 24482 V AconfigFlags: Read Aconfig default flag value com.android.hardware.input.touchpad_tap_dragging = true
1788779393.074 10316 24461 24482 V AconfigFlags: Read Aconfig default flag value com.android.hardware.libsensor.flags.sensor_event_queue_report_sensor_usage_in_tracing = false
1788779393.074 10316 24461 24482 V AconfigFlags: Read Aconfig default flag value com.android.hardware.libsensor.flags.sensormanager_ping_binder = true
1788779393.074 10316 24461 24482 V AconfigFlags: Read Aconfig default flag value com.android.icu.icu74 = false
1788779393.074 10316 24461 24482 V AconfigFlags: Read Aconfig default flag value com.android.icu.icu_v_api = true
1788779393.074 10316 24461 24482 V AconfigFlags: Read Aconfig default flag value com.android.input.flags.a11y_crash_on_inconsistent_event_stream = false
1788779393.074 10316 24461 24482 V AconfigFlags: Read Aconfig default flag value com.android.input.flags.device_associations = false
1788779393.074 10316 24461 24482 V AconfigFlags: Read Aconfig default flag value com.android.input.flags.disable_reject_touch_on_stylus_hover = false
1788779393.074 10316 24461 24482 V AconfigFlags: Read Aconfig default flag value com.android.input.flags.enable_gestures_library_timer_provider = true
1788779393.074 10316 24461 24482 V AconfigFlags: Read Aconfig default flag value com.android.input.flags.enable_inbound_event_verification = false
1788779393.074 10316 24461 24482 V AconfigFlags: Read Aconfig default flag value com.android.input.flags.enable_input_event_tracing = true
1788779393.074 10316 24461 24482 V AconfigFlags: Read Aconfig default flag value com.android.input.flags.enable_input_filter_rust_impl = true
1788779393.074 10316 24461 24482 V AconfigFlags: Read Aconfig default flag value com.android.input.flags.enable_keyboard_classifier = false
1788779393.074 10316 24461 24482 V AconfigFlags: Read Aconfig default flag value com.android.input.flags.enable_multi_device_input = true
1788779393.074 10316 24461 24482 V AconfigFlags: Read Aconfig default flag value com.android.input.flags.enable_multi_device_same_window_stream = false
1788779393.074 10316 24461 24482 V AconfigFlags: Read Aconfig default flag value com.android.input.flags.enable_new_mouse_pointer_ballistics = true
1788779393.074 10316 24461 24482 V AconfigFlags: Read Aconfig default flag value com.android.input.flags.enable_outbound_event_verification = false
1788779393.074 10316 24461 24482 V AconfigFlags: Read Aconfig default flag value com.android.input.flags.enable_prediction_pruning_via_jerk_thresholding = true
1788779393.074 10316 24461 24482 V AconfigFlags: Read Aconfig default flag value com.android.input.flags.enable_touchpad_fling_stop = false
1788779393.074 10316 24461 24482 V AconfigFlags: Read Aconfig default flag value com.android.input.flags.enable_touchpad_typing_palm_rejection = true
1788779393.074 10316 24461 24482 V AconfigFlags: Read Aconfig default flag value com.android.input.flags.enable_v2_touchpad_typing_palm_rejection = false
1788779393.074 10316 24461 24482 V AconfigFlags: Read Aconfig default flag value com.android.input.flags.hide_pointer_indicators_for_secure_windows = false
1788779393.074 10316 24461 24482 V AconfigFlags: Read Aconfig default flag value com.android.input.flags.input_device_view_behavior_api = true
1788779393.074 10316 24461 24482 V AconfigFlags: Read Aconfig default flag value com.android.input.flags.override_key_behavior_permission_apis = true
1788779393.074 10316 24461 24482 V AconfigFlags: Read Aconfig default flag value com.android.input.flags.rate_limit_user_activity_poke_in_dispatcher = false
1788779393.074 10316 24461 24482 V AconfigFlags: Read Aconfig default flag value com.android.input.flags.remove_pointer_event_tracking_in_wm = true
1788779393.074 10316 24461 24482 V AconfigFlags: Read Aconfig default flag value com.android.input.flags.report_palms_to_gestures_library = false
1788779393.075 10316 24461 24482 V AconfigFlags: Read Aconfig default flag value com.android.internal.camera.flags.analytics_24q3 = true
1788779393.075 10316 24461 24482 V AconfigFlags: Read Aconfig default flag value com.android.internal.camera.flags.cache_permission_services = true
1788779393.075 10316 24461 24482 V AconfigFlags: Read Aconfig default flag value com.android.internal.camera.flags.calculate_perf_override_during_session_support = true
1788779393.075 10316 24461 24482 V AconfigFlags: Read Aconfig default flag value com.android.internal.camera.flags.camera_ae_mode_low_light_boost = true
1788779393.075 10316 24461 24482 V AconfigFlags: Read Aconfig default flag value com.android.internal.camera.flags.camera_device_setup = true
1788779393.075 10316 24461 24482 V AconfigFlags: Read Aconfig default flag value com.android.internal.camera.flags.camera_extensions_characteristics_get = true
1788779393.075 10316 24461 24482 V AconfigFlags: Read Aconfig default flag value com.android.internal.camera.flags.camera_hsum_permission = true
1788779393.075 10316 24461 24482 V AconfigFlags: Read Aconfig default flag value com.android.internal.camera.flags.camera_manual_flash_strength_control = true
1788779393.075 10316 24461 24482 V AconfigFlags: Read Aconfig default flag value com.android.internal.camera.flags.camera_privacy_allowlist = true
1788779393.075 10316 24461 24482 V AconfigFlags: Read Aconfig default flag value com.android.internal.camera.flags.check_session_support_before_session_char = true
1788779393.076 10316 24461 24482 V AconfigFlags: Read Aconfig default flag value com.android.internal.camera.flags.concert_mode = true
1788779393.076 10316 24461 24482 V AconfigFlags: Read Aconfig default flag value com.android.internal.camera.flags.concert_mode_api = false
1788779393.076 10316 24461 24482 V AconfigFlags: Read Aconfig default flag value com.android.internal.camera.flags.delay_lazy_hal_instantiation = true
1788779393.076 10316 24461 24482 V AconfigFlags: Read Aconfig default flag value com.android.internal.camera.flags.extension_10_bit = true
1788779393.076 10316 24461 24482 V AconfigFlags: Read Aconfig default flag value com.android.internal.camera.flags.feature_combination_query = true
1788779393.076 10316 24461 24482 V AconfigFlags: Read Aconfig default flag value com.android.internal.camera.flags.inject_session_params = true
1788779393.076 10316 24461 24482 V AconfigFlags: Read Aconfig default flag value com.android.internal.camera.flags.lazy_aidl_wait_for_service = true
1788779393.076 10316 24461 24482 V AconfigFlags: Read Aconfig default flag value com.android.internal.camera.flags.log_ultrawide_usage = true
1788779393.076 10316 24461 24482 V AconfigFlags: Read Aconfig default flag value com.android.internal.camera.flags.log_zoom_override_usage = true
1788779393.076 10316 24461 24482 V AconfigFlags: Read Aconfig default flag value com.android.internal.camera.flags.multi_res_raw_reprocessing = false
1788779393.076 10316 24461 24482 V AconfigFlags: Read Aconfig default flag value com.android.internal.camera.flags.multiresolution_imagereader_usage_config = true
1788779393.076 10316 24461 24482 V AconfigFlags: Read Aconfig default flag value com.android.internal.camera.flags.realtime_priority_bump = true
1788779393.076 10316 24461 24482 V AconfigFlags: Read Aconfig default flag value com.android.internal.camera.flags.return_buffers_outside_locks = true
1788779393.076 10316 24461 24482 V AconfigFlags: Read Aconfig default flag value com.android.internal.camera.flags.session_hal_buf_manager = false
1788779393.076 10316 24461 24482 V AconfigFlags: Read Aconfig default flag value com.android.internal.camera.flags.single_thread_executor = true
1788779393.076 10316 24461 24482 V AconfigFlags: Read Aconfig default flag value com.android.internal.camera.flags.surface_ipc = true
1788779393.076 10316 24461 24482 V AconfigFlags: Read Aconfig default flag value com.android.internal.camera.flags.surface_leak_fix = true
1788779393.076 10316 24461 24482 V AconfigFlags: Read Aconfig default flag value com.android.internal.camera.flags.use_ro_board_api_level_for_vndk_version = true
1788779393.076 10316 24461 24482 V AconfigFlags: Read Aconfig default flag value com.android.internal.camera.flags.use_system_api_for_vndk_version = true
1788779393.076 10316 24461 24482 V AconfigFlags: Read Aconfig default flag value com.android.internal.camera.flags.watch_foreground_changes = true
1788779393.076 10316 24461 24482 V AconfigFlags: Read Aconfig default flag value com.android.internal.compat.flags.skip_old_and_disabled_compat_logging = true
1788779393.076 10316 24461 24482 V AconfigFlags: Read Aconfig default flag value com.android.internal.foldables.flags.fold_grace_period_enabled = true
1788779393.076 10316 24461 24482 V AconfigFlags: Read Aconfig default flag value com.android.internal.foldables.flags.fold_lock_setting_enabled = true
1788779393.076 10316 24461 24482 V AconfigFlags: Read Aconfig default flag value com.android.internal.os.enable_apache_http_legacy_preload = true
1788779393.076 10316 24461 24482 V AconfigFlags: Read Aconfig default flag value com.android.internal.pm.pkg.component.flags.enable_per_process_use_embedded_dex_attr = true
1788779393.076 10316 24461 24482 V AconfigFlags: Read Aconfig default flag value com.android.internal.telephony.flags.add_anomaly_when_notify_config_changed_with_invalid_phone = true
1788779393.076 10316 24461 24482 V AconfigFlags: Read Aconfig default flag value com.android.internal.telephony.flags.add_rat_related_suggested_action_to_ims_registration = false
1788779393.076 10316 24461 24482 V AconfigFlags: Read Aconfig default flag value com.android.internal.telephony.flags.allow_mmtel_in_non_vops = true
1788779393.076 10316 24461 24482 V AconfigFlags: Read Aconfig default flag value com.android.internal.telephony.flags.answer_audio_only_when_answering_via_mmi_code = true
1788779393.076 10316 24461 24482 V AconfigFlags: Read Aconfig default flag value com.android.internal.telephony.flags.ap_domain_selection_enabled = false
1788779393.076 10316 24461 24482 V AconfigFlags: Read Aconfig default flag value com.android.internal.telephony.flags.apn_setting_field_support_flag = true
1788779393.076 10316 24461 24482 V AconfigFlags: Read Aconfig default flag value com.android.internal.telephony.flags.auto_data_switch_allow_roaming = true
1788779393.076 10316 24461 24482 V AconfigFlags: Read Aconfig default flag value com.android.internal.telephony.flags.auto_data_switch_uses_data_enabled = true
1788779393.076 10316 24461 24482 V AconfigFlags: Read Aconfig default flag value com.android.internal.telephony.flags.backup_and_restore_for_enable_2g = true
1788779393.076 10316 24461 24482 V AconfigFlags: Read Aconfig default flag value com.android.internal.telephony.flags.call_extra_for_non_hold_supported_carriers = true
1788779393.076 10316 24461 24482 V AconfigFlags: Read Aconfig default flag value com.android.internal.telephony.flags.carrier_enabled_satellite_flag = true
1788779393.077 10316 24461 24482 V AconfigFlags: Read Aconfig default flag value com.android.internal.telephony.flags.carrier_restriction_rules_enhancement = true
1788779393.077 10316 24461 24482 V AconfigFlags: Read Aconfig default flag value com.android.internal.telephony.flags.carrier_restriction_status = false
1788779393.077 10316 24461 24482 V AconfigFlags: Read Aconfig default flag value com.android.internal.telephony.flags.change_method_of_obtaining_ims_registration_radio_tech = true
1788779393.077 10316 24461 24482 V AconfigFlags: Read Aconfig default flag value com.android.internal.telephony.flags.cleanup_open_logical_channel_record_on_dispose = true
1788779393.077 10316 24461 24482 V AconfigFlags: Read Aconfig default flag value com.android.internal.telephony.flags.clear_cached_ims_phone_number_when_device_lost_ims_registration = false
1788779393.077 10316 24461 24482 V AconfigFlags: Read Aconfig default flag value com.android.internal.telephony.flags.combine_ril_death_handle = true
1788779393.077 10316 24461 24482 V AconfigFlags: Read Aconfig default flag value com.android.internal.telephony.flags.conference_hold_unhold_changed_to_send_message = true
1788779393.077 10316 24461 24482 V AconfigFlags: Read Aconfig default flag value com.android.internal.telephony.flags.data_call_session_stats_captures_cross_sim_calling = true
1788779393.077 10316 24461 24482 V AconfigFlags: Read Aconfig default flag value com.android.internal.telephony.flags.data_only_cellular_service = true
1788779393.077 10316 24461 24482 V AconfigFlags: Read Aconfig default flag value com.android.internal.telephony.flags.data_only_service_allow_emergency_call_only = true
1788779393.077 10316 24461 24482 V AconfigFlags: Read Aconfig default flag value com.android.internal.telephony.flags.data_rat_metric_enabled = true
1788779393.077 10316 24461 24482 V AconfigFlags: Read Aconfig default flag value com.android.internal.telephony.flags.dismiss_network_selection_notification_on_sim_disable = true
1788779393.077 10316 24461 24482 V AconfigFlags: Read Aconfig default flag value com.android.internal.telephony.flags.do_not_override_precise_label = true
1788779393.077 10316 24461 24482 V AconfigFlags: Read Aconfig default flag value com.android.internal.telephony.flags.domain_selection_metrics_enabled = false
1788779393.077 10316 24461 24482 V AconfigFlags: Read Aconfig default flag value com.android.internal.telephony.flags.dsrs_diagnostics_enabled = true
1788779393.077 10316 24461 24482 V AconfigFlags: Read Aconfig default flag value com.android.internal.telephony.flags.emergency_registration_state = false
1788779393.077 10316 24461 24482 V AconfigFlags: Read Aconfig default flag value com.android.internal.telephony.flags.enable_aead_algorithms = true
1788779393.077 10316 24461 24482 V AconfigFlags: Read Aconfig default flag value com.android.internal.telephony.flags.enable_carrier_config_n1_control_attempt2 = false
1788779393.077 10316 24461 24482 V AconfigFlags: Read Aconfig default flag value com.android.internal.telephony.flags.enable_identifier_disclosure_transparency = true
1788779393.077 10316 24461 24482 V AconfigFlags: Read Aconfig default flag value com.android.internal.telephony.flags.enable_identifier_disclosure_transparency_unsol_events = true
1788779393.077 10316 24461 24482 V AconfigFlags: Read Aconfig default flag value com.android.internal.telephony.flags.enable_modem_cipher_transparency = true
1788779393.077 10316 24461 24482 V AconfigFlags: Read Aconfig default flag value com.android.internal.telephony.flags.enable_modem_cipher_transparency_unsol_events = true
1788779393.077 10316 24461 24482 V AconfigFlags: Read Aconfig default flag value com.android.internal.telephony.flags.enable_multiple_sa_proposals = true
1788779393.077 10316 24461 24482 V AconfigFlags: Read Aconfig default flag value com.android.internal.telephony.flags.enable_sip_subscribe_retry = true
1788779393.077 10316 24461 24482 V AconfigFlags: Read Aconfig default flag value com.android.internal.telephony.flags.enable_telephony_analytics = true
1788779393.077 10316 24461 24482 V AconfigFlags: Read Aconfig default flag value com.android.internal.telephony.flags.enable_wps_check_api_flag = true
1788779393.077 10316 24461 24482 V AconfigFlags: Read Aconfig default flag value com.android.internal.telephony.flags.enforce_subscription_user_filter = false
1788779393.077 10316 24461 24482 V AconfigFlags: Read Aconfig default flag value com.android.internal.telephony.flags.enforce_telephony_feature_mapping = true
1788779393.077 10316 24461 24482 V AconfigFlags: Read Aconfig default flag value com.android.internal.telephony.flags.enforce_telephony_feature_mapping_for_public_apis = false
1788779393.077 10316 24461 24482 V AconfigFlags: Read Aconfig default flag value com.android.internal.telephony.flags.ensure_access_to_call_settings_is_restricted = false
1788779393.077 10316 24461 24482 V AconfigFlags: Read Aconfig default flag value com.android.internal.telephony.flags.esim_available_memory = true
1788779393.077 10316 24461 24482 V AconfigFlags: Read Aconfig default flag value com.android.internal.telephony.flags.esim_bootstrap_provisioning_flag = true
1788779393.077 10316 24461 24482 V AconfigFlags: Read Aconfig default flag value com.android.internal.telephony.flags.fix_crash_on_getting_config_when_phone_is_gone = true
1788779393.077 10316 24461 24482 V AconfigFlags: Read Aconfig default flag value com.android.internal.telephony.flags.force_iwlan_mms = true
1788779393.077 10316 24461 24482 V AconfigFlags: Read Aconfig default flag value com.android.internal.telephony.flags.hide_prefer_3g_item = true
1788779393.077 10316 24461 24482 V AconfigFlags: Read Aconfig default flag value com.android.internal.telephony.flags.hide_preinstalled_carrier_app_at_most_once = true
1788779393.077 10316 24461 24482 V AconfigFlags: Read Aconfig default flag value com.android.internal.telephony.flags.hide_roaming_icon = true
1788779393.077 10316 24461 24482 V AconfigFlags: Read Aconfig default flag value com.android.internal.telephony.flags.ignore_already_terminated_incoming_call_before_registering_listener = true
1788779393.078 10316 24461 24482 V AconfigFlags: Read Aconfig default flag value com.android.internal.telephony.flags.ignore_existing_networks_for_internet_allowed_checking = true
1788779393.078 10316 24461 24482 V AconfigFlags: Read Aconfig default flag value com.android.internal.telephony.flags.imsi_key_retry_download_on_phone_unlock = true
1788779393.078 10316 24461 24482 V AconfigFlags: Read Aconfig default flag value com.android.internal.telephony.flags.keep_empty_requests_network = true
1788779393.078 10316 24461 24482 V AconfigFlags: Read Aconfig default flag value com.android.internal.telephony.flags.log_mms_sms_database_access_info = true
1788779393.078 10316 24461 24482 V AconfigFlags: Read Aconfig default flag value com.android.internal.telephony.flags.metered_embb_urlcc = true
1788779393.078 10316 24461 24482 V AconfigFlags: Read Aconfig default flag value com.android.internal.telephony.flags.minimal_telephony_cdm_check = false
1788779393.078 10316 24461 24482 V AconfigFlags: Read Aconfig default flag value com.android.internal.telephony.flags.minimal_telephony_managers_conditional_on_features = true
1788779393.078 10316 24461 24482 V AconfigFlags: Read Aconfig default flag value com.android.internal.telephony.flags.mms_disabled_error = true
1788779393.078 10316 24461 24482 V AconfigFlags: Read Aconfig default flag value com.android.internal.telephony.flags.mms_get_apn_from_pdsc = false
1788779393.078 10316 24461 24482 V AconfigFlags: Read Aconfig default flag value com.android.internal.telephony.flags.network_registration_info_reject_cause = true
1788779393.078 10316 24461 24482 V AconfigFlags: Read Aconfig default flag value com.android.internal.telephony.flags.network_validation = true
1788779393.078 10316 24461 24482 V AconfigFlags: Read Aconfig default flag value com.android.internal.telephony.flags.notify_data_activity_changed_with_slot = true
1788779393.078 10316 24461 24482 V AconfigFlags: Read Aconfig default flag value com.android.internal.telephony.flags.notify_initial_ims_provisioning_status = true
1788779393.078 10316 24461 24482 V AconfigFlags: Read Aconfig default flag value com.android.internal.telephony.flags.oem_enabled_satellite_flag = true
1788779393.078 10316 24461 24482 V AconfigFlags: Read Aconfig default flag value com.android.internal.telephony.flags.prevent_invocation_repeat_of_ril_call_when_device_does_not_support_voice = true
1788779393.078 10316 24461 24482 V AconfigFlags: Read Aconfig default flag value com.android.internal.telephony.flags.prevent_system_server_and_phone_deadlock = true
1788779393.078 10316 24461 24482 V AconfigFlags: Read Aconfig default flag value com.android.internal.telephony.flags.reconnect_qualified_network = true
1788779393.078 10316 24461 24482 V AconfigFlags: Read Aconfig default flag value com.android.internal.telephony.flags.refine_preferred_data_profile_selection = true
1788779393.078 10316 24461 24482 V AconfigFlags: Read Aconfig default flag value com.android.internal.telephony.flags.relax_ho_teardown = true
1788779393.078 10316 24461 24482 V AconfigFlags: Read Aconfig default flag value com.android.internal.telephony.flags.remove_country_code_from_local_singapore_calls = true
1788779393.078 10316 24461 24482 V AconfigFlags: Read Aconfig default flag value com.android.internal.telephony.flags.reorganize_roaming_notification = true
1788779393.079 10316 24461 24482 V AconfigFlags: Read Aconfig default flag value com.android.internal.telephony.flags.reset_mobile_network_settings = true
1788779393.079 10316 24461 24482 V AconfigFlags: Read Aconfig default flag value com.android.internal.telephony.flags.reset_primary_sim_default_values = false
1788779393.079 10316 24461 24482 V AconfigFlags: Read Aconfig default flag value com.android.internal.telephony.flags.roaming_notification_for_single_data_network = true
1788779393.079 10316 24461 24482 V AconfigFlags: Read Aconfig default flag value com.android.internal.telephony.flags.safer_get_phone_number = false
1788779393.079 10316 24461 24482 V AconfigFlags: Read Aconfig default flag value com.android.internal.telephony.flags.satellite_internet = true
1788779393.079 10316 24461 24482 V AconfigFlags: Read Aconfig default flag value com.android.internal.telephony.flags.satellite_persistent_logging = false
1788779393.079 10316 24461 24482 V AconfigFlags: Read Aconfig default flag value com.android.internal.telephony.flags.set_carrier_restriction_status = false
1788779393.079 10316 24461 24482 V AconfigFlags: Read Aconfig default flag value com.android.internal.telephony.flags.set_no_reply_timer_for_cfnry = true
1788779393.079 10316 24461 24482 V AconfigFlags: Read Aconfig default flag value com.android.internal.telephony.flags.set_number_of_sim_for_ims_enable = true
1788779393.079 10316 24461 24482 V AconfigFlags: Read Aconfig default flag value com.android.internal.telephony.flags.show_call_fail_notification_for_2g_toggle = true
1788779393.079 10316 24461 24482 V AconfigFlags: Read Aconfig default flag value com.android.internal.telephony.flags.show_call_id_and_call_waiting_in_additional_settings_menu = true
1788779393.079 10316 24461 24482 V AconfigFlags: Read Aconfig default flag value com.android.internal.telephony.flags.simultaneous_calling_indications = true
1788779393.079 10316 24461 24482 V AconfigFlags: Read Aconfig default flag value com.android.internal.telephony.flags.slicing_additional_error_codes = true
1788779393.079 10316 24461 24482 V AconfigFlags: Read Aconfig default flag value com.android.internal.telephony.flags.sms_domain_selection_enabled = true
1788779393.079 10316 24461 24482 V AconfigFlags: Read Aconfig default flag value com.android.internal.telephony.flags.stop_spamming_emergency_notification = false
1788779393.079 10316 24461 24482 V AconfigFlags: Read Aconfig default flag value com.android.internal.telephony.flags.subscription_user_association_query = false
1788779393.079 10316 24461 24482 V AconfigFlags: Read Aconfig default flag value com.android.internal.telephony.flags.support_nr_sa_rrc_idle = true
1788779393.079 10316 24461 24482 V AconfigFlags: Read Aconfig default flag value com.android.internal.telephony.flags.support_psim_to_esim_conversion = true
1788779393.079 10316 24461 24482 V AconfigFlags: Read Aconfig default flag value com.android.internal.telephony.flags.terminate_active_video_call_when_accepting_second_video_call_as_audio_only = true
1788779393.079 10316 24461 24482 V AconfigFlags: Read Aconfig default flag value com.android.internal.telephony.flags.unregister_sms_broadcast_receiver_from_cat_service = false
1788779393.079 10316 24461 24482 V AconfigFlags: Read Aconfig default flag value com.android.internal.telephony.flags.unthrottle_check_transport = true
1788779393.079 10316 24461 24482 V AconfigFlags: Read Aconfig default flag value com.android.internal.telephony.flags.update_ims_service_by_gathering_provisioning_changes = true
1788779393.080 10316 24461 24482 V AconfigFlags: Read Aconfig default flag value com.android.internal.telephony.flags.update_roaming_state_to_set_wfc_mode = true
1788779393.080 10316 24461 24482 V AconfigFlags: Read Aconfig default flag value com.android.internal.telephony.flags.use_alarm_callback = true
1788779393.080 10316 24461 24482 V AconfigFlags: Read Aconfig default flag value com.android.internal.telephony.flags.use_aosp_domain_selection_service = false
1788779393.080 10316 24461 24482 V AconfigFlags: Read Aconfig default flag value com.android.internal.telephony.flags.use_oem_domain_selection_service = true
1788779393.080 10316 24461 24482 V AconfigFlags: Read Aconfig default flag value com.android.internal.telephony.flags.use_relaxed_id_match = true
1788779393.080 10316 24461 24482 V AconfigFlags: Read Aconfig default flag value com.android.internal.telephony.flags.vonr_enabled_metric = true
1788779393.080 10316 24461 24482 V AconfigFlags: Read Aconfig default flag value com.android.internal.telephony.flags.work_profile_api_split = false
1788779393.080 10316 24461 24482 V AconfigFlags: Read Aconfig default flag value com.android.media.audio.abs_volume_index_fix = false
1788779393.080 10316 24461 24482 V AconfigFlags: Read Aconfig default flag value com.android.media.audio.alarm_min_volume_zero = true
1788779393.080 10316 24461 24482 V AconfigFlags: Read Aconfig default flag value com.android.media.audio.as_device_connection_failure = false
1788779393.080 10316 24461 24482 V AconfigFlags: Read Aconfig default flag value com.android.media.audio.audioserver_permissions = false
1788779393.080 10316 24461 24482 V AconfigFlags: Read Aconfig default flag value com.android.media.audio.bluetooth_mac_address_anonymization = true
1788779393.080 10316 24461 24482 V AconfigFlags: Read Aconfig default flag value com.android.media.audio.disable_prescale_absolute_volume = true
1788779393.080 10316 24461 24482 V AconfigFlags: Read Aconfig default flag value com.android.media.audio.dsa_over_bt_le_audio = true
1788779393.080 10316 24461 24482 V AconfigFlags: Read Aconfig default flag value com.android.media.audio.music_fx_edge_to_edge = true
1788779393.080 10316 24461 24482 V AconfigFlags: Read Aconfig default flag value com.android.media.audio.port_to_piid_simplification = false
1788779393.080 10316 24461 24482 V AconfigFlags: Read Aconfig default flag value com.android.media.audio.replace_stream_bt_sco = false
1788779393.080 10316 24461 24482 V AconfigFlags: Read Aconfig default flag value com.android.media.audio.ringer_mode_affects_alarm = true
1788779393.080 10316 24461 24482 V AconfigFlags: Read Aconfig default flag value com.android.media.audio.set_stream_volume_order = true
1788779393.080 10316 24461 24482 V AconfigFlags: Read Aconfig default flag value com.android.media.audio.spatializer_offload = false
1788779393.081 10316 24461 24482 V AconfigFlags: Read Aconfig default flag value com.android.media.audio.spatializer_upmix = false
1788779393.081 10316 24461 24482 V AconfigFlags: Read Aconfig default flag value com.android.media.audio.stereo_spatialization = false
1788779393.081 10316 24461 24482 V AconfigFlags: Read Aconfig default flag value com.android.media.audio.vgs_vss_sync_mute_order = true
1788779393.081 10316 24461 24482 V AconfigFlags: Read Aconfig default flag value com.android.media.audio.volume_refactoring = false
1788779393.081 10316 24461 24482 V AconfigFlags: Read Aconfig default flag value com.android.media.audioclient.audiosystem_service_acquisition = false
1788779393.081 10316 24461 24482 V AconfigFlags: Read Aconfig default flag value com.android.media.audioserver.direct_track_reprioritization = true
1788779393.081 10316 24461 24482 V AconfigFlags: Read Aconfig default flag value com.android.media.audioserver.effect_chain_callback_improve = false
1788779393.081 10316 24461 24482 V AconfigFlags: Read Aconfig default flag value com.android.media.audioserver.fdtostring_timeout_fix = true
1788779393.081 10316 24461 24482 V AconfigFlags: Read Aconfig default flag value com.android.media.audioserver.fix_concurrent_playback_behavior_with_bit_perfect_client = false
1788779393.081 10316 24461 24482 V AconfigFlags: Read Aconfig default flag value com.android.media.audioserver.fix_input_sharing_logic = false
1788779393.081 10316 24461 24482 V AconfigFlags: Read Aconfig default flag value com.android.media.audioserver.mutex_priority_inheritance = true
1788779393.081 10316 24461 24482 V AconfigFlags: Read Aconfig default flag value com.android.media.audioserver.use_bt_sco_for_media = false
1788779393.081 10316 24461 24482 V AconfigFlags: Read Aconfig default flag value com.android.media.codec.flags.aidl_hal = true
1788779393.081 10316 24461 24482 V AconfigFlags: Read Aconfig default flag value com.android.media.codec.flags.codec_importance = true
1788779393.081 10316 24461 24482 V AconfigFlags: Read Aconfig default flag value com.android.media.codec.flags.large_audio_frame = true
1788779393.081 10316 24461 24482 V AconfigFlags: Read Aconfig default flag value com.android.media.editing.flags.add_media_metrics_editing = true
1788779393.081 10316 24461 24482 V AconfigFlags: Read Aconfig default flag value com.android.media.flags.adjust_volume_for_foreground_app_playing_audio_without_media_session = true
1788779393.081 10316 24461 24482 V AconfigFlags: Read Aconfig default flag value com.android.media.flags.enable_audio_policies_device_and_bluetooth_controller = true
1788779393.081 10316 24461 24482 V AconfigFlags: Read Aconfig default flag value com.android.media.flags.enable_built_in_speaker_route_suitability_statuses = true
1788779393.081 10316 24461 24482 V AconfigFlags: Read Aconfig default flag value com.android.media.flags.enable_cross_user_routing_in_media_router2 = true
1788779393.081 10316 24461 24482 V AconfigFlags: Read Aconfig default flag value com.android.media.flags.enable_full_scan_with_media_content_control = true
1788779393.082 10316 24461 24482 V AconfigFlags: Read Aconfig default flag value com.android.media.flags.enable_get_transferable_routes = true
1788779393.082 10316 24461 24482 V AconfigFlags: Read Aconfig default flag value com.android.media.flags.enable_mr2_service_non_main_bg_thread = true
1788779393.082 10316 24461 24482 V AconfigFlags: Read Aconfig default flag value com.android.media.flags.enable_new_media_route_2_info_types = true
1788779393.082 10316 24461 24482 V AconfigFlags: Read Aconfig default flag value com.android.media.flags.enable_notifying_activity_manager_with_media_session_status_change = false
1788779393.082 10316 24461 24482 V AconfigFlags: Read Aconfig default flag value com.android.media.flags.enable_null_session_in_media_browser_service = true
1788779393.082 10316 24461 24482 V AconfigFlags: Read Aconfig default flag value com.android.media.flags.enable_prevention_of_keep_alive_route_providers = true
1788779393.082 10316 24461 24482 V AconfigFlags: Read Aconfig default flag value com.android.media.flags.enable_prevention_of_manager_scans_when_no_apps_scan = true
1788779393.083 10316 24461 24482 V AconfigFlags: Read Aconfig default flag value com.android.media.flags.enable_privileged_routing_for_media_routing_control = true
1788779393.083 10316 24461 24482 V AconfigFlags: Read Aconfig default flag value com.android.media.flags.enable_rlp_callbacks_in_media_router2 = true
1788779393.083 10316 24461 24482 V AconfigFlags: Read Aconfig default flag value com.android.media.flags.enable_screen_off_scanning = true
1788779393.083 10316 24461 24482 V AconfigFlags: Read Aconfig default flag value com.android.media.flags.enable_use_of_bluetooth_device_get_alias_for_mr2info_get_name = true
1788779393.083 10316 24461 24482 V AconfigFlags: Read Aconfig default flag value com.android.media.flags.enable_waiting_state_for_system_session_creation_request = true
1788779393.083 10316 24461 24482 V AconfigFlags: Read Aconfig default flag value com.android.media.flags.fallback_to_default_handling_when_media_session_has_fixed_volume_handling = true
1788779393.083 10316 24461 24482 V AconfigFlags: Read Aconfig default flag value com.android.media.performance.flags.media_description_ashmem_bitmap = true
1788779393.083 10316 24461 24482 V AconfigFlags: Read Aconfig default flag value com.android.media.projection.flags.limit_manage_media_projection = false
1788779393.083 10316 24461 24482 V AconfigFlags: Read Aconfig default flag value com.android.net.thread.platform.flags.thread_enabled_platform = false
1788779393.083 10316 24461 24482 V AconfigFlags: Read Aconfig default flag value com.android.net.thread.platform.flags.thread_user_restriction_enabled = false
1788779393.083 10316 24461 24482 V AconfigFlags: Read Aconfig default flag value com.android.server.accessibility.add_window_token_without_lock = false
1788779393.083 10316 24461 24482 V AconfigFlags: Read Aconfig default flag value com.android.server.accessibility.cleanup_a11y_overlays = false
1788779393.083 10316 24461 24482 V AconfigFlags: Read Aconfig default flag value com.android.server.accessibility.clear_default_from_a11y_shortcut_target_service_restore = true
1788779393.083 10316 24461 24482 V AconfigFlags: Read Aconfig default flag value com.android.server.accessibility.compute_window_changes_on_a11y_v2 = true
1788779393.083 10316 24461 24482 V AconfigFlags: Read Aconfig default flag value com.android.server.accessibility.deprecate_package_list_observer = false
1788779393.083 10316 24461 24482 V AconfigFlags: Read Aconfig default flag value com.android.server.accessibility.disable_continuous_shortcut_on_force_stop = false
1788779393.083 10316 24461 24482 V AconfigFlags: Read Aconfig default flag value com.android.server.accessibility.do_not_reset_key_event_state = true
1788779393.083 10316 24461 24482 V AconfigFlags: Read Aconfig default flag value com.android.server.accessibility.enable_a11y_checker_logging = false
1788779393.083 10316 24461 24482 V AconfigFlags: Read Aconfig default flag value com.android.server.accessibility.enable_color_correction_saturation = false
1788779393.083 10316 24461 24482 V AconfigFlags: Read Aconfig default flag value com.android.server.accessibility.enable_hardware_shortcut_disables_warning = false
1788779393.083 10316 24461 24482 V AconfigFlags: Read Aconfig default flag value com.android.server.accessibility.enable_magnification_joystick = false
1788779393.083 10316 24461 24482 V AconfigFlags: Read Aconfig default flag value com.android.server.accessibility.enable_magnification_multiple_finger_multiple_tap_gesture = false
1788779393.083 10316 24461 24482 V AconfigFlags: Read Aconfig default flag value com.android.server.accessibility.enable_magnification_one_finger_panning_gesture = false
1788779393.083 10316 24461 24482 V AconfigFlags: Read Aconfig default flag value com.android.server.accessibility.fix_drag_pointer_when_ending_drag = false
1788779393.083 10316 24461 24482 V AconfigFlags: Read Aconfig default flag value com.android.server.accessibility.focus_click_point_window_bounds_from_a11y_window_info = false
1788779393.083 10316 24461 24482 V AconfigFlags: Read Aconfig default flag value com.android.server.accessibility.fullscreen_fling_gesture = false
1788779393.083 10316 24461 24482 V AconfigFlags: Read Aconfig default flag value com.android.server.accessibility.handle_multi_device_input = false
1788779393.083 10316 24461 24482 V AconfigFlags: Read Aconfig default flag value com.android.server.accessibility.manager_avoid_receiver_timeout = true
1788779393.083 10316 24461 24482 V AconfigFlags: Read Aconfig default flag value com.android.server.accessibility.manager_package_monitor_logic_fix = true
1788779393.083 10316 24461 24482 V AconfigFlags: Read Aconfig default flag value com.android.server.accessibility.pinch_zoom_zero_min_span = true
1788779393.083 10316 24461 24482 V AconfigFlags: Read Aconfig default flag value com.android.server.accessibility.proxy_use_apps_on_virtual_device_listener = true
1788779393.083 10316 24461 24482 V AconfigFlags: Read Aconfig default flag value com.android.server.accessibility.remove_on_window_infos_changed_handler = false
1788779393.083 10316 24461 24482 V AconfigFlags: Read Aconfig default flag value com.android.server.accessibility.reset_hover_event_timer_on_action_up = false
1788779393.083 10316 24461 24482 V AconfigFlags: Read Aconfig default flag value com.android.server.accessibility.resettable_dynamic_properties = false
1788779393.084 10316 24461 24482 V AconfigFlags: Read Aconfig default flag value com.android.server.accessibility.scan_packages_without_lock = true
1788779393.084 10316 24461 24482 V AconfigFlags: Read Aconfig default flag value com.android.server.accessibility.send_a11y_events_based_on_state = false
1788779393.084 10316 24461 24482 V AconfigFlags: Read Aconfig default flag value com.android.server.accessibility.send_hover_events_based_on_event_stream = true
1788779393.084 10316 24461 24482 V AconfigFlags: Read Aconfig default flag value com.android.server.accessibility.skip_package_change_before_user_switch = false
1788779393.084 10316 24461 24482 V AconfigFlags: Read Aconfig default flag value com.android.server.alarm.start_user_before_scheduled_alarms = false
1788779393.084 10316 24461 24482 V AconfigFlags: Read Aconfig default flag value com.android.server.alarm.use_frozen_state_to_drop_listener_alarms = true
1788779393.084 10316 24461 24482 V AconfigFlags: Read Aconfig default flag value com.android.server.am.avoid_repeated_bcast_re_enqueues = true
1788779393.085 10316 24461 24482 V AconfigFlags: Read Aconfig default flag value com.android.server.am.avoid_resolving_type = true
1788779393.085 10316 24461 24482 V AconfigFlags: Read Aconfig default flag value com.android.server.am.batching_oom_adj = false
1788779393.085 10316 24461 24482 V AconfigFlags: Read Aconfig default flag value com.android.server.am.bfgs_managed_network_access = false
1788779393.085 10316 24461 24482 V AconfigFlags: Read Aconfig default flag value com.android.server.am.defer_outgoing_broadcasts = false
1788779393.085 10316 24461 24482 V AconfigFlags: Read Aconfig default flag value com.android.server.am.fgs_abuse_detection = false
1788779393.085 10316 24461 24482 V AconfigFlags: Read Aconfig default flag value com.android.server.am.fgs_boot_completed = true
1788779393.086 10316 24461 24482 V AconfigFlags: Read Aconfig default flag value com.android.server.am.fgs_disable_saw = true
1788779393.086 10316 24461 24482 V AconfigFlags: Read Aconfig default flag value com.android.server.am.follow_up_oomadj_updates = false
1788779393.086 10316 24461 24482 V AconfigFlags: Read Aconfig default flag value com.android.server.am.log_excessive_binder_proxies = false
1788779393.086 10316 24461 24482 V AconfigFlags: Read Aconfig default flag value com.android.server.am.migrate_full_oomadj_updates = true
1788779393.086 10316 24461 24482 V AconfigFlags: Read Aconfig default flag value com.android.server.am.new_fgs_restriction_logic = true
1788779393.086 10316 24461 24482 V AconfigFlags: Read Aconfig default flag value com.android.server.am.oomadjuster_correctness_rewrite = true
1788779393.086 10316 24461 24482 V AconfigFlags: Read Aconfig default flag value com.android.server.am.service_binding_oom_adj_policy = true
1788779393.086 10316 24461 24482 V AconfigFlags: Read Aconfig default flag value com.android.server.am.simplify_process_traversal = true
1788779393.086 10316 24461 24482 V AconfigFlags: Read Aconfig default flag value com.android.server.am.skip_unimportant_connections = false
1788779393.087 10316 24461 24482 V AconfigFlags: Read Aconfig default flag value com.android.server.am.trace_receiver_registration = true
1788779393.087 10316 24461 24482 V AconfigFlags: Read Aconfig default flag value com.android.server.am.use_permission_manager_for_broadcast_delivery_check = true
1788779393.087 10316 24461 24482 V AconfigFlags: Read Aconfig default flag value com.android.server.appop.flags.enable_jingyue = false
1788779393.087 10316 24461 24482 V AconfigFlags: Read Aconfig default flag value com.android.server.backup.enable_clear_pipe_after_restore_file = true
1788779393.087 10316 24461 24482 V AconfigFlags: Read Aconfig default flag value com.android.server.backup.enable_increase_datatypes_for_agent_logging = true
1788779393.087 10316 24461 24482 V AconfigFlags: Read Aconfig default flag value com.android.server.backup.enable_increased_bmm_logging_for_restore_at_install = false
1788779393.087 10316 24461 24482 V AconfigFlags: Read Aconfig default flag value com.android.server.backup.enable_max_size_writes_to_pipes = true
1788779393.087 10316 24461 24482 V AconfigFlags: Read Aconfig default flag value com.android.server.backup.enable_metrics_system_backup_agents = true
1788779393.087 10316 24461 24482 V AconfigFlags: Read Aconfig default flag value com.android.server.backup.enable_skipping_restore_launched_apps = false
1788779393.087 10316 24461 24482 V AconfigFlags: Read Aconfig default flag value com.android.server.backup.enable_v_to_u_restore_for_system_components_in_allowlist = false
1788779393.087 10316 24461 24482 V AconfigFlags: Read Aconfig default flag value com.android.server.biometrics.face_vhal_feature = false
1788779393.087 10316 24461 24482 V AconfigFlags: Read Aconfig default flag value com.android.server.biometrics.use_vhal_for_testing = false
1788779393.087 10316 24461 24482 V AconfigFlags: Read Aconfig default flag value com.android.server.companion.virtual.dump_history = true
1788779393.087 10316 24461 24482 V AconfigFlags: Read Aconfig default flag value com.android.server.connectivity.replace_vpn_profile_store = false
1788779393.087 10316 24461 24482 V AconfigFlags: Read Aconfig default flag value com.android.server.contextualsearch.flags.enable_exclude_persistent_ui = false
1788779393.087 10316 24461 24482 V AconfigFlags: Read Aconfig default flag value com.android.server.deviceidle.disable_wakelocks_in_light_idle = false
1788779393.087 10316 24461 24482 V AconfigFlags: Read Aconfig default flag value com.android.server.deviceidle.remove_idle_location = false
1788779393.087 10316 24461 24482 V AconfigFlags: Read Aconfig default flag value com.android.server.display.feature.flags.always_rotate_display_device = true
1788779393.087 10316 24461 24482 V AconfigFlags: Read Aconfig default flag value com.android.server.display.feature.flags.auto_brightness_modes = true
1788779393.087 10316 24461 24482 V AconfigFlags: Read Aconfig default flag value com.android.server.display.feature.flags.back_up_smooth_display_and_force_peak_refresh_rate = true
1788779393.088 10316 24461 24482 V AconfigFlags: Read Aconfig default flag value com.android.server.display.feature.flags.brightness_int_range_user_perception = false
1788779393.088 10316 24461 24482 V AconfigFlags: Read Aconfig default flag value com.android.server.display.feature.flags.brightness_wear_bedtime_mode_clamper = true
1788779393.088 10316 24461 24482 V AconfigFlags: Read Aconfig default flag value com.android.server.display.feature.flags.enable_adaptive_tone_improvements_1 = true
1788779393.088 10316 24461 24482 V AconfigFlags: Read Aconfig default flag value com.android.server.display.feature.flags.enable_adaptive_tone_improvements_2 = true
1788779393.088 10316 24461 24482 V AconfigFlags: Read Aconfig default flag value com.android.server.display.feature.flags.enable_connected_display_error_handling = true
1788779393.088 10316 24461 24482 V AconfigFlags: Read Aconfig default flag value com.android.server.display.feature.flags.enable_connected_display_management = false
1788779393.088 10316 24461 24482 V AconfigFlags: Read Aconfig default flag value com.android.server.display.feature.flags.enable_display_offload = true
1788779393.088 10316 24461 24482 V AconfigFlags: Read Aconfig default flag value com.android.server.display.feature.flags.enable_display_resolution_range_voting = false
1788779393.088 10316 24461 24482 V AconfigFlags: Read Aconfig default flag value com.android.server.display.feature.flags.enable_displays_refresh_rates_synchronization = false
1788779393.088 10316 24461 24482 V AconfigFlags: Read Aconfig default flag value com.android.server.display.feature.flags.enable_hdr_clamper = true
1788779393.088 10316 24461 24482 V AconfigFlags: Read Aconfig default flag value com.android.server.display.feature.flags.enable_mode_limit_for_external_display = true
1788779393.088 10316 24461 24482 V AconfigFlags: Read Aconfig default flag value com.android.server.display.feature.flags.enable_nbm_controller = false
1788779393.088 10316 24461 24482 V AconfigFlags: Read Aconfig default flag value com.android.server.display.feature.flags.enable_peak_refresh_rate_physical_limit = true
1788779393.088 10316 24461 24482 V AconfigFlags: Read Aconfig default flag value com.android.server.display.feature.flags.enable_pixel_anisotropy_correction = true
1788779393.088 10316 24461 24482 V AconfigFlags: Read Aconfig default flag value com.android.server.display.feature.flags.enable_port_in_display_layout = true
1788779393.088 10316 24461 24482 V AconfigFlags: Read Aconfig default flag value com.android.server.display.feature.flags.enable_power_throttling_clamper = false
1788779393.088 10316 24461 24482 V AconfigFlags: Read Aconfig default flag value com.android.server.display.feature.flags.enable_restrict_display_modes = true
1788779393.088 10316 24461 24482 V AconfigFlags: Read Aconfig default flag value com.android.server.display.feature.flags.enable_synthetic_60hz_modes = false
1788779393.088 10316 24461 24482 V AconfigFlags: Read Aconfig default flag value com.android.server.display.feature.flags.enable_user_preferred_mode_vote = false
1788779393.088 10316 24461 24482 V AconfigFlags: Read Aconfig default flag value com.android.server.display.feature.flags.enable_vsync_low_light_vote = true
1788779393.088 10316 24461 24482 V AconfigFlags: Read Aconfig default flag value com.android.server.display.feature.flags.enable_vsync_low_power_vote = true
1788779393.088 10316 24461 24482 V AconfigFlags: Read Aconfig default flag value com.android.server.display.feature.flags.even_dimmer = false
1788779393.088 10316 24461 24482 V AconfigFlags: Read Aconfig default flag value com.android.server.display.feature.flags.fast_hdr_transitions = true
1788779393.089 10316 24461 24482 V AconfigFlags: Read Aconfig default flag value com.android.server.display.feature.flags.idle_screen_refresh_rate_timeout = true
1788779393.089 10316 24461 24482 V AconfigFlags: Read Aconfig default flag value com.android.server.display.feature.flags.ignore_app_preferred_refresh_rate_request = true
1788779393.089 10316 24461 24482 V AconfigFlags: Read Aconfig default flag value com.android.server.display.feature.flags.offload_controls_doze_auto_brightness = false
1788779393.089 10316 24461 24482 V AconfigFlags: Read Aconfig default flag value com.android.server.display.feature.flags.offload_doze_override_holds_wakelock = false
1788779393.089 10316 24461 24482 V AconfigFlags: Read Aconfig default flag value com.android.server.display.feature.flags.refactor_display_power_controller = false
1788779393.089 10316 24461 24482 V AconfigFlags: Read Aconfig default flag value com.android.server.display.feature.flags.refresh_rate_voting_telemetry = true
1788779393.090 10316 24461 24482 V AconfigFlags: Read Aconfig default flag value com.android.server.display.feature.flags.resolution_backup_restore = true
1788779393.090 10316 24461 24482 V AconfigFlags: Read Aconfig default flag value com.android.server.display.feature.flags.sensor_based_brightness_throttling = true
1788779393.090 10316 24461 24482 V AconfigFlags: Read Aconfig default flag value com.android.server.display.feature.flags.use_fusion_prox_sensor = false
1788779393.090 10316 24461 24482 V AconfigFlags: Read Aconfig default flag value com.android.server.dreams.use_battery_changed_broadcast = true
1788779393.090 10316 24461 24482 V AconfigFlags: Read Aconfig default flag value com.android.server.feature.flags.enable_read_dropbox_permission = true
1788779393.090 10316 24461 24482 V AconfigFlags: Read Aconfig default flag value com.android.server.flags.disable_system_compaction = true
1788779393.090 10316 24461 24482 V AconfigFlags: Read Aconfig default flag value com.android.server.flags.enable_odp_feature_guard = true
1788779393.090 10316 24461 24482 V AconfigFlags: Read Aconfig default flag value com.android.server.flags.new_bugreport_keyboard_shortcut = true
1788779393.090 10316 24461 24482 V AconfigFlags: Read Aconfig default flag value com.android.server.flags.pin_webview = true
1788779393.090 10316 24461 24482 V AconfigFlags: Read Aconfig default flag value com.android.server.flags.pkg_targeted_battery_changed_not_sticky = true
1788779393.090 10316 24461 24482 V AconfigFlags: Read Aconfig default flag value com.android.server.flags.skip_home_art_pins = false
1788779393.091 10316 24461 24482 V AconfigFlags: Read Aconfig default flag value com.android.server.job.batch_active_bucket_jobs = false
1788779393.091 10316 24461 24482 V AconfigFlags: Read Aconfig default flag value com.android.server.job.batch_connectivity_jobs_per_network = false
1788779393.091 10316 24461 24482 V AconfigFlags: Read Aconfig default flag value com.android.server.job.count_quota_fix = true
1788779393.091 10316 24461 24482 V AconfigFlags: Read Aconfig default flag value com.android.server.job.do_not_force_rush_execution_at_boot = false
1788779393.091 10316 24461 24482 V AconfigFlags: Read Aconfig default flag value com.android.server.job.relax_prefetch_connectivity_constraint_only_on_charger = true
1788779393.091 10316 24461 24482 V AconfigFlags: Read Aconfig default flag value com.android.server.job.thermal_restrictions_to_fgs_jobs = false
1788779393.091 10316 24461 24482 V AconfigFlags: Read Aconfig default flag value com.android.server.net.network_blocked_for_top_sleeping_and_above = true
1788779393.091 10316 24461 24482 V AconfigFlags: Read Aconfig default flag value com.android.server.net.use_different_delays_for_background_chain = false
1788779393.091 10316 24461 24482 V AconfigFlags: Read Aconfig default flag value com.android.server.net.use_metered_firewall_chains = true
1788779393.091 10316 24461 24482 V AconfigFlags: Read Aconfig default flag value com.android.server.notification.all_notifs_need_ttl = false
1788779393.091 10316 24461 24482 V AconfigFlags: Read Aconfig default flag value com.android.server.notification.autogroup_summary_icon_update = true
1788779393.092 10316 24461 24482 V AconfigFlags: Read Aconfig default flag value com.android.server.notification.cross_app_polite_notifications = false
1788779393.092 10316 24461 24482 V AconfigFlags: Read Aconfig default flag value com.android.server.notification.exit_invalid_cancel_early = false
1788779393.092 10316 24461 24482 V AconfigFlags: Read Aconfig default flag value com.android.server.notification.expire_bitmaps = true
1788779393.092 10316 24461 24482 V AconfigFlags: Read Aconfig default flag value com.android.server.notification.notification_custom_view_uri_restriction = false
1788779393.092 10316 24461 24482 V AconfigFlags: Read Aconfig default flag value com.android.server.notification.notification_hide_unused_channels = false
1788779393.092 10316 24461 24482 V AconfigFlags: Read Aconfig default flag value com.android.server.notification.notification_reduce_messagequeue_usage = false
1788779393.092 10316 24461 24482 V AconfigFlags: Read Aconfig default flag value com.android.server.notification.notification_test = false
1788779393.092 10316 24461 24482 V AconfigFlags: Read Aconfig default flag value com.android.server.notification.persist_incomplete_restore_data = true
1788779393.092 10316 24461 24482 V AconfigFlags: Read Aconfig default flag value com.android.server.notification.polite_notifications = false
1788779393.092 10316 24461 24482 V AconfigFlags: Read Aconfig default flag value com.android.server.notification.polite_notifications_attn_update = false
1788779393.093 10316 24461 24482 V AconfigFlags: Read Aconfig default flag value com.android.server.notification.refactor_attention_helper = true
1788779393.093 10316 24461 24482 V AconfigFlags: Read Aconfig default flag value com.android.server.notification.reject_old_notifications = false
1788779393.093 10316 24461 24482 V AconfigFlags: Read Aconfig default flag value com.android.server.notification.screenshare_notification_hiding = true
1788779393.093 10316 24461 24482 V AconfigFlags: Read Aconfig default flag value com.android.server.notification.trace_cancel_events = false
1788779393.093 10316 24461 24482 V AconfigFlags: Read Aconfig default flag value com.android.server.notification.use_ipcdatacache_channels = false
1788779393.093 10316 24461 24482 V AconfigFlags: Read Aconfig default flag value com.android.server.notification.use_ssm_user_switch_signal = false
1788779393.093 10316 24461 24482 V AconfigFlags: Read Aconfig default flag value com.android.server.notification.vibrate_while_unlocked = false
1788779393.093 10316 24461 24482 V AconfigFlags: Read Aconfig default flag value com.android.server.os.async_start_bugreport = false
1788779393.093 10316 24461 24482 V AconfigFlags: Read Aconfig default flag value com.android.server.os.proto_tombstone = false
1788779393.093 10316 24461 24482 V AconfigFlags: Read Aconfig default flag value com.android.server.policy.support_input_wakeup_delegate = true
1788779393.093 10316 24461 24482 V AconfigFlags: Read Aconfig default flag value com.android.server.power.batterysaver.update_auto_turn_on_notification_string_and_action = true
1788779393.093 10316 24461 24482 V AconfigFlags: Read Aconfig default flag value com.android.server.power.feature.flags.enable_early_screen_timeout_detector = true
1788779393.093 10316 24461 24482 V AconfigFlags: Read Aconfig default flag value com.android.server.power.feature.flags.improve_wakelock_latency = false
1788779393.093 10316 24461 24482 V AconfigFlags: Read Aconfig default flag value com.android.server.power.hint.adpf_session_tag = false
1788779393.093 10316 24461 24482 V AconfigFlags: Read Aconfig default flag value com.android.server.power.hint.powerhint_thread_cleanup = true
1788779393.093 10316 24461 24482 V AconfigFlags: Read Aconfig default flag value com.android.server.power.optimization.disable_system_service_power_attr = true
1788779393.093 10316 24461 24482 V AconfigFlags: Read Aconfig default flag value com.android.server.power.optimization.oneway_battery_stats_service = false
1788779393.093 10316 24461 24482 V AconfigFlags: Read Aconfig default flag value com.android.server.power.optimization.power_monitor_api = true
1788779393.093 10316 24461 24482 V AconfigFlags: Read Aconfig default flag value com.android.server.power.optimization.streamlined_battery_stats = true
1788779393.093 10316 24461 24482 V AconfigFlags: Read Aconfig default flag value com.android.server.power.optimization.streamlined_connectivity_battery_stats = false
1788779393.093 10316 24461 24482 V AconfigFlags: Read Aconfig default flag value com.android.server.power.optimization.streamlined_misc_battery_stats = false
1788779393.093 10316 24461 24482 V AconfigFlags: Read Aconfig default flag value com.android.server.powerstats.alarm_based_powerstats_logging = false
1788779393.093 10316 24461 24482 V AconfigFlags: Read Aconfig default flag value com.android.server.stats.add_mobile_bytes_transfer_by_proc_state_puller = true
1788779393.093 10316 24461 24482 V AconfigFlags: Read Aconfig default flag value com.android.server.telecom.flags.add_call_uri_for_missed_calls = true
1788779393.093 10316 24461 24482 V AconfigFlags: Read Aconfig default flag value com.android.server.telecom.flags.associated_user_refactor_for_work_profile = true
1788779393.093 10316 24461 24482 V AconfigFlags: Read Aconfig default flag value com.android.server.telecom.flags.available_routes_never_updated_after_set_system_audio_state = true
1788779393.093 10316 24461 24482 V AconfigFlags: Read Aconfig default flag value com.android.server.telecom.flags.business_call_composer = true
1788779393.093 10316 24461 24482 V AconfigFlags: Read Aconfig default flag value com.android.server.telecom.flags.cache_call_audio_callbacks = false
1788779393.093 10316 24461 24482 V AconfigFlags: Read Aconfig default flag value com.android.server.telecom.flags.call_audio_communication_device_refactor = true
1788779393.093 10316 24461 24482 V AconfigFlags: Read Aconfig default flag value com.android.server.telecom.flags.call_details_id_changes = true
1788779393.093 10316 24461 24482 V AconfigFlags: Read Aconfig default flag value com.android.server.telecom.flags.cancel_removal_on_emergency_redial = true
1788779393.093 10316 24461 24482 V AconfigFlags: Read Aconfig default flag value com.android.server.telecom.flags.clear_communication_device_after_audio_ops_complete = true
1788779393.093 10316 24461 24482 V AconfigFlags: Read Aconfig default flag value com.android.server.telecom.flags.communication_device_protected_by_lock = true
1788779393.094 10316 24461 24482 V AconfigFlags: Read Aconfig default flag value com.android.server.telecom.flags.early_binding_to_incall_service = true
1788779393.094 10316 24461 24482 V AconfigFlags: Read Aconfig default flag value com.android.server.telecom.flags.early_update_internal_call_audio_state = false
1788779393.094 10316 24461 24482 V AconfigFlags: Read Aconfig default flag value com.android.server.telecom.flags.ecc_keyguard = true
1788779393.094 10316 24461 24482 V AconfigFlags: Read Aconfig default flag value com.android.server.telecom.flags.enable_call_sequencing = false
1788779393.094 10316 24461 24482 V AconfigFlags: Read Aconfig default flag value com.android.server.telecom.flags.ensure_audio_mode_updates_on_foreground_call_change = true
1788779393.094 10316 24461 24482 V AconfigFlags: Read Aconfig default flag value com.android.server.telecom.flags.fix_audio_flicker_for_outgoing_calls = true
1788779393.094 10316 24461 24482 V AconfigFlags: Read Aconfig default flag value com.android.server.telecom.flags.gen_anom_report_on_focus_timeout = false
1788779393.094 10316 24461 24482 V AconfigFlags: Read Aconfig default flag value com.android.server.telecom.flags.get_last_known_cell_identity = false
1788779393.094 10316 24461 24482 V AconfigFlags: Read Aconfig default flag value com.android.server.telecom.flags.get_registered_phone_accounts = true
1788779393.094 10316 24461 24482 V AconfigFlags: Read Aconfig default flag value com.android.server.telecom.flags.ignore_auto_route_to_watch_device = true
1788779393.094 10316 24461 24482 V AconfigFlags: Read Aconfig default flag value com.android.server.telecom.flags.is_new_outgoing_call_broadcast_unblocking = true
1788779393.094 10316 24461 24482 V AconfigFlags: Read Aconfig default flag value com.android.server.telecom.flags.only_update_telephony_on_valid_sub_ids = true
1788779393.094 10316 24461 24482 V AconfigFlags: Read Aconfig default flag value com.android.server.telecom.flags.postpone_register_to_leaudio = false
1788779393.094 10316 24461 24482 V AconfigFlags: Read Aconfig default flag value com.android.server.telecom.flags.profile_user_support = true
1788779393.094 10316 24461 24482 V AconfigFlags: Read Aconfig default flag value com.android.server.telecom.flags.reset_mute_when_entering_quiescent_bt_route = false
1788779393.094 10316 24461 24482 V AconfigFlags: Read Aconfig default flag value com.android.server.telecom.flags.resolve_switching_bt_devices_computation = false
1788779393.094 10316 24461 24482 V AconfigFlags: Read Aconfig default flag value com.android.server.telecom.flags.separately_bind_to_bt_incall_service = false
1788779393.094 10316 24461 24482 V AconfigFlags: Read Aconfig default flag value com.android.server.telecom.flags.set_audio_mode_before_abandon_focus = true
1788779393.094 10316 24461 24482 V AconfigFlags: Read Aconfig default flag value com.android.server.telecom.flags.set_mute_state = true
1788779393.094 10316 24461 24482 V AconfigFlags: Read Aconfig default flag value com.android.server.telecom.flags.set_remote_connection_call_id = false
1788779393.094 10316 24461 24482 V AconfigFlags: Read Aconfig default flag value com.android.server.telecom.flags.skip_filter_phone_account_perform_dnd_filter = true
1788779393.094 10316 24461 24482 V AconfigFlags: Read Aconfig default flag value com.android.server.telecom.flags.telecom_log_external_wearable_calls = true
1788779393.094 10316 24461 24482 V AconfigFlags: Read Aconfig default flag value com.android.server.telecom.flags.telecom_mainline_blocked_numbers_manager = false
1788779393.094 10316 24461 24482 V AconfigFlags: Read Aconfig default flag value com.android.server.telecom.flags.telecom_resolve_hidden_dependencies = false
1788779393.094 10316 24461 24482 V AconfigFlags: Read Aconfig default flag value com.android.server.telecom.flags.telecom_skip_log_based_on_extra = true
1788779393.094 10316 24461 24482 V AconfigFlags: Read Aconfig default flag value com.android.server.telecom.flags.telephony_has_default_but_telecom_does_not = false
1788779393.094 10316 24461 24482 V AconfigFlags: Read Aconfig default flag value com.android.server.telecom.flags.transactional_cs_verifier = false
1788779393.095 10316 24461 24482 V AconfigFlags: Read Aconfig default flag value com.android.server.telecom.flags.transactional_hold_disconnects_unholdable = false
1788779393.095 10316 24461 24482 V AconfigFlags: Read Aconfig default flag value com.android.server.telecom.flags.transactional_video_state = true
1788779393.095 10316 24461 24482 V AconfigFlags: Read Aconfig default flag value com.android.server.telecom.flags.transit_route_before_audio_disconnect_bt = false
1788779393.096 10316 24461 24482 V AconfigFlags: Read Aconfig default flag value com.android.server.telecom.flags.unregister_unresolvable_accounts = false
1788779393.096 10316 24461 24482 V AconfigFlags: Read Aconfig default flag value com.android.server.telecom.flags.update_route_mask_when_bt_connected = false
1788779393.096 10316 24461 24482 V AconfigFlags: Read Aconfig default flag value com.android.server.telecom.flags.updated_rcs_call_count_tracking = false
1788779393.096 10316 24461 24482 V AconfigFlags: Read Aconfig default flag value com.android.server.telecom.flags.use_actual_address_to_enter_connecting_state = true
1788779393.096 10316 24461 24482 V AconfigFlags: Read Aconfig default flag value com.android.server.telecom.flags.use_device_provided_serialized_ringer_vibration = true
1788779393.096 10316 24461 24482 V AconfigFlags: Read Aconfig default flag value com.android.server.telecom.flags.use_improved_listener_order = true
1788779393.096 10316 24461 24482 V AconfigFlags: Read Aconfig default flag value com.android.server.telecom.flags.use_refactored_audio_route_switching = false
1788779393.096 10316 24461 24482 V AconfigFlags: Read Aconfig default flag value com.android.server.telecom.flags.voip_app_actions_support = true
1788779393.096 10316 24461 24482 V AconfigFlags: Read Aconfig default flag value com.android.server.usage.avoid_idle_check = false
1788779393.096 10316 24461 24482 V AconfigFlags: Read Aconfig default flag value com.android.server.usb.flags.allow_restriction_of_overlay_activities = true
1788779393.096 10316 24461 24482 V AconfigFlags: Read Aconfig default flag value com.android.server.usb.flags.enable_bind_to_mtp_service = true
1788779393.097 10316 24461 24482 V AconfigFlags: Read Aconfig default flag value com.android.server.utils.anr_timer_freezer = false
1788779393.097 10316 24461 24482 V AconfigFlags: Read Aconfig default flag value com.android.server.utils.anr_timer_service = false
1788779393.097 10316 24461 24482 V AconfigFlags: Read Aconfig default flag value com.android.server.wm.miui_bar_follow_animation = true
1788779393.097 10316 24461 24482 V AconfigFlags: Read Aconfig default flag value com.android.server.wm.miui_element_animation = true
1788779393.097 10316 24461 24482 V AconfigFlags: Read Aconfig default flag value com.android.server.wm.miuix_astc = true
1788779393.097 10316 24461 24482 V AconfigFlags: Read Aconfig default flag value com.android.systemui.activity_transition_use_largest_window = true
1788779393.097 10316 24461 24482 V AconfigFlags: Read Aconfig default flag value com.android.systemui.ambient_touch_monitor_listen_to_display_changes = false
1788779393.097 10316 24461 24482 V AconfigFlags: Read Aconfig default flag value com.android.systemui.app_clips_backlinks = false
1788779393.097 10316 24461 24482 V AconfigFlags: Read Aconfig default flag value com.android.systemui.bind_keyguard_media_visibility = true
1788779393.097 10316 24461 24482 V AconfigFlags: Read Aconfig default flag value com.android.systemui.bp_talkback = true
1788779393.097 10316 24461 24482 V AconfigFlags: Read Aconfig default flag value com.android.systemui.brightness_slider_focus_state = false
1788779393.097 10316 24461 24482 V AconfigFlags: Read Aconfig default flag value com.android.systemui.centralized_status_bar_height_fix = true
1788779393.098 10316 24461 24482 V AconfigFlags: Read Aconfig default flag value com.android.systemui.clipboard_noninteractive_on_lockscreen = false
1788779393.098 10316 24461 24482 V AconfigFlags: Read Aconfig default flag value com.android.systemui.clock_reactive_variants = false
1788779393.098 10316 24461 24482 V AconfigFlags: Read Aconfig default flag value com.android.systemui.communal_bouncer_do_not_modify_plugin_open = false
1788779393.098 10316 24461 24482 V AconfigFlags: Read Aconfig default flag value com.android.systemui.communal_hub = false
1788779393.098 10316 24461 24482 V AconfigFlags: Read Aconfig default flag value com.android.systemui.compose_bouncer = false
1788779393.098 10316 24461 24482 V AconfigFlags: Read Aconfig default flag value com.android.systemui.compose_lockscreen = false
1788779393.098 10316 24461 24482 V AconfigFlags: Read Aconfig default flag value com.android.systemui.confine_notification_touch_to_view_width = false
1788779393.098 10316 24461 24482 V AconfigFlags: Read Aconfig default flag value com.android.systemui.constraint_bp = true
1788779393.098 10316 24461 24482 V AconfigFlags: Read Aconfig default flag value com.android.systemui.contextual_tips_assistant_dismiss_fix = true
1788779393.098 10316 24461 24482 V AconfigFlags: Read Aconfig default flag value com.android.systemui.coroutine_tracing = false
1788779393.098 10316 24461 24482 V AconfigFlags: Read Aconfig default flag value com.android.systemui.create_windowless_window_magnifier = true
1788779393.098 10316 24461 24482 V AconfigFlags: Read Aconfig default flag value com.android.systemui.dedicated_notif_inflation_thread = true
1788779393.098 10316 24461 24482 V AconfigFlags: Read Aconfig default flag value com.android.systemui.delay_show_magnification_button = true
1788779393.098 10316 24461 24482 V AconfigFlags: Read Aconfig default flag value com.android.systemui.delayed_wakelock_release_on_background_thread = true
1788779393.098 10316 24461 24482 V AconfigFlags: Read Aconfig default flag value com.android.systemui.device_entry_udfps_refactor = true
1788779393.099 10316 24461 24482 V AconfigFlags: Read Aconfig default flag value com.android.systemui.disable_contextual_tips_frequency_check = false
1788779393.099 10316 24461 24482 V AconfigFlags: Read Aconfig default flag value com.android.systemui.disable_contextual_tips_ios_switcher_check = false
1788779393.099 10316 24461 24482 V AconfigFlags: Read Aconfig default flag value com.android.systemui.dozeui_scheduling_alarms_background_execution = false
1788779393.099 10316 24461 24482 V AconfigFlags: Read Aconfig default flag value com.android.systemui.dream_input_session_pilfer_once = false
1788779393.099 10316 24461 24482 V AconfigFlags: Read Aconfig default flag value com.android.systemui.dream_overlay_bouncer_swipe_direction_filtering = true
1788779393.099 10316 24461 24482 V AconfigFlags: Read Aconfig default flag value com.android.systemui.dual_shade = false
1788779393.099 10316 24461 24482 V AconfigFlags: Read Aconfig default flag value com.android.systemui.edge_back_gesture_handler_thread = false
1788779393.099 10316 24461 24482 V AconfigFlags: Read Aconfig default flag value com.android.systemui.edgeback_gesture_handler_get_running_tasks_background = false
1788779393.099 10316 24461 24482 V AconfigFlags: Read Aconfig default flag value com.android.systemui.enable_background_keyguard_ondrawn_callback = true
1788779393.099 10316 24461 24482 V AconfigFlags: Read Aconfig default flag value com.android.systemui.enable_contextual_tip_for_mute_volume = false
1788779393.099 10316 24461 24482 V AconfigFlags: Read Aconfig default flag value com.android.systemui.enable_contextual_tip_for_power_off = true
1788779393.099 10316 24461 24482 V AconfigFlags: Read Aconfig default flag value com.android.systemui.enable_contextual_tip_for_take_screenshot = true
1788779393.099 10316 24461 24482 V AconfigFlags: Read Aconfig default flag value com.android.systemui.enable_contextual_tips = true
1788779393.099 10316 24461 24482 V AconfigFlags: Read Aconfig default flag value com.android.systemui.enable_efficient_display_repository = false
1788779393.099 10316 24461 24482 V AconfigFlags: Read Aconfig default flag value com.android.systemui.enable_layout_tracing = false
1788779393.099 10316 24461 24482 V AconfigFlags: Read Aconfig default flag value com.android.systemui.enable_view_capture_tracing = false
1788779393.099 10316 24461 24482 V AconfigFlags: Read Aconfig default flag value com.android.systemui.enable_widget_picker_size_filter = false
1788779393.100 10316 24461 24482 V AconfigFlags: Read Aconfig default flag value com.android.systemui.enforce_brightness_base_user_restriction = true
1788779393.100 10316 24461 24482 V AconfigFlags: Read Aconfig default flag value com.android.systemui.example_flag = false
1788779393.100 10316 24461 24482 V AconfigFlags: Read Aconfig default flag value com.android.systemui.fast_unlock_transition = false
1788779393.100 10316 24461 24482 V AconfigFlags: Read Aconfig default flag value com.android.systemui.fix_image_wallpaper_crash_surface_already_released = false
1788779393.100 10316 24461 24482 V AconfigFlags: Read Aconfig default flag value com.android.systemui.fix_screenshot_action_dismiss_system_windows = true
1788779393.100 10316 24461 24482 V AconfigFlags: Read Aconfig default flag value com.android.systemui.floating_menu_animated_tuck = false
1788779393.100 10316 24461 24482 V AconfigFlags: Read Aconfig default flag value com.android.systemui.floating_menu_drag_to_edit = true
1788779393.100 10316 24461 24482 V AconfigFlags: Read Aconfig default flag value com.android.systemui.floating_menu_drag_to_hide = false
1788779393.100 10316 24461 24482 V AconfigFlags: Read Aconfig default flag value com.android.systemui.floating_menu_ime_displacement_animation = false
1788779393.100 10316 24461 24482 V AconfigFlags: Read Aconfig default flag value com.android.systemui.floating_menu_narrow_target_content_observer = true
1788779393.100 10316 24461 24482 V AconfigFlags: Read Aconfig default flag value com.android.systemui.floating_menu_overlaps_nav_bars_flag = false
1788779393.100 10316 24461 24482 V AconfigFlags: Read Aconfig default flag value com.android.systemui.floating_menu_radii_animation = false
1788779393.100 10316 24461 24482 V AconfigFlags: Read Aconfig default flag value com.android.systemui.get_connected_device_name_unsynchronized = true
1788779393.100 10316 24461 24482 V AconfigFlags: Read Aconfig default flag value com.android.systemui.glanceable_hub_allow_keyguard_when_dreaming = false
1788779393.100 10316 24461 24482 V AconfigFlags: Read Aconfig default flag value com.android.systemui.glanceable_hub_fullscreen_swipe = false
1788779393.100 10316 24461 24482 V AconfigFlags: Read Aconfig default flag value com.android.systemui.glanceable_hub_gesture_handle = false
1788779393.100 10316 24461 24482 V AconfigFlags: Read Aconfig default flag value com.android.systemui.glanceable_hub_shortcut_button = false
1788779393.100 10316 24461 24482 V AconfigFlags: Read Aconfig default flag value com.android.systemui.haptic_brightness_slider = true
1788779393.100 10316 24461 24482 V AconfigFlags: Read Aconfig default flag value com.android.systemui.haptic_volume_slider = true
1788779393.100 10316 24461 24482 V AconfigFlags: Read Aconfig default flag value com.android.systemui.hearing_aids_qs_tile_dialog = true
1788779393.100 10316 24461 24482 V AconfigFlags: Read Aconfig default flag value com.android.systemui.hearing_devices_dialog_related_tools = true
1788779393.100 10316 24461 24482 V AconfigFlags: Read Aconfig default flag value com.android.systemui.keyboard_docking_indicator = false
1788779393.100 10316 24461 24482 V AconfigFlags: Read Aconfig default flag value com.android.systemui.keyboard_shortcut_helper_rewrite = false
1788779393.100 10316 24461 24482 V AconfigFlags: Read Aconfig default flag value com.android.systemui.keyguard_bottom_area_refactor = false
1788779393.100 10316 24461 24482 V AconfigFlags: Read Aconfig default flag value com.android.systemui.keyguard_wm_state_refactor = false
1788779393.100 10316 24461 24482 V AconfigFlags: Read Aconfig default flag value com.android.systemui.light_reveal_migration = false
1788779393.101 10316 24461 24482 V AconfigFlags: Read Aconfig default flag value com.android.systemui.media_controls_lockscreen_shade_bug_fix = true
1788779393.101 10316 24461 24482 V AconfigFlags: Read Aconfig default flag value com.android.systemui.media_controls_refactor = false
1788779393.101 10316 24461 24482 V AconfigFlags: Read Aconfig default flag value com.android.systemui.media_controls_user_initiated_deleteintent = true
1788779393.101 10316 24461 24482 V AconfigFlags: Read Aconfig default flag value com.android.systemui.migrate_clocks_to_blueprint = false
1788779393.101 10316 24461 24482 V AconfigFlags: Read Aconfig default flag value com.android.systemui.new_aod_transition = true
1788779393.101 10316 24461 24482 V AconfigFlags: Read Aconfig default flag value com.android.systemui.new_touchpad_gestures_tutorial = false
1788779393.101 10316 24461 24482 V AconfigFlags: Read Aconfig default flag value com.android.systemui.new_volume_panel = true
1788779393.101 10316 24461 24482 V AconfigFlags: Read Aconfig default flag value com.android.systemui.notification_async_group_header_inflation = false
1788779393.101 10316 24461 24482 V AconfigFlags: Read Aconfig default flag value com.android.systemui.notification_async_hybrid_view_inflation = false
1788779393.101 10316 24461 24482 V AconfigFlags: Read Aconfig default flag value com.android.systemui.notification_avalanche_suppression = false
1788779393.101 10316 24461 24482 V AconfigFlags: Read Aconfig default flag value com.android.systemui.notification_avalanche_throttle_hun = false
1788779393.101 10316 24461 24482 V AconfigFlags: Read Aconfig default flag value com.android.systemui.notification_background_tint_optimization = true
1788779393.101 10316 24461 24482 V AconfigFlags: Read Aconfig default flag value com.android.systemui.notification_color_update_logger = false
1788779393.101 10316 24461 24482 V AconfigFlags: Read Aconfig default flag value com.android.systemui.notification_content_alpha_optimization = false
1788779393.101 10316 24461 24482 V AconfigFlags: Read Aconfig default flag value com.android.systemui.notification_footer_background_tint_optimization = false
1788779393.101 10316 24461 24482 V AconfigFlags: Read Aconfig default flag value com.android.systemui.notification_media_manager_background_execution = false
1788779393.101 10316 24461 24482 V AconfigFlags: Read Aconfig default flag value com.android.systemui.notification_minimalism_prototype = false
1788779393.101 10316 24461 24482 V AconfigFlags: Read Aconfig default flag value com.android.systemui.notification_over_expansion_clipping_fix = true
1788779393.101 10316 24461 24482 V AconfigFlags: Read Aconfig default flag value com.android.systemui.notification_pulsing_fix = false
1788779393.101 10316 24461 24482 V AconfigFlags: Read Aconfig default flag value com.android.systemui.notification_row_content_binder_refactor = false
1788779393.101 10316 24461 24482 V AconfigFlags: Read Aconfig default flag value com.android.systemui.notification_row_user_context = true
1788779393.101 10316 24461 24482 V AconfigFlags: Read Aconfig default flag value com.android.systemui.notification_view_flipper_pausing_v2 = true
1788779393.101 10316 24461 24482 V AconfigFlags: Read Aconfig default flag value com.android.systemui.notifications_background_icons = false
1788779393.101 10316 24461 24482 V AconfigFlags: Read Aconfig default flag value com.android.systemui.notifications_footer_view_refactor = false
1788779393.101 10316 24461 24482 V AconfigFlags: Read Aconfig default flag value com.android.systemui.notifications_heads_up_refactor = false
1788779393.101 10316 24461 24482 V AconfigFlags: Read Aconfig default flag value com.android.systemui.notifications_hide_on_display_switch = false
1788779393.101 10316 24461 24482 V AconfigFlags: Read Aconfig default flag value com.android.systemui.notifications_icon_container_refactor = true
1788779393.101 10316 24461 24482 V AconfigFlags: Read Aconfig default flag value com.android.systemui.notifications_improved_hun_animation = true
1788779393.101 10316 24461 24482 V AconfigFlags: Read Aconfig default flag value com.android.systemui.notifications_live_data_store_refactor = false
1788779393.101 10316 24461 24482 V AconfigFlags: Read Aconfig default flag value com.android.systemui.notify_power_manager_user_activity_background = true
1788779393.101 10316 24461 24482 V AconfigFlags: Read Aconfig default flag value com.android.systemui.pin_input_field_styled_focus_state = true
1788779393.101 10316 24461 24482 V AconfigFlags: Read Aconfig default flag value com.android.systemui.predictive_back_animate_bouncer = true
1788779393.101 10316 24461 24482 V AconfigFlags: Read Aconfig default flag value com.android.systemui.predictive_back_animate_dialogs = true
1788779393.101 10316 24461 24482 V AconfigFlags: Read Aconfig default flag value com.android.systemui.predictive_back_animate_shade = false
1788779393.101 10316 24461 24482 V AconfigFlags: Read Aconfig default flag value com.android.systemui.predictive_back_sysui = true
1788779393.101 10316 24461 24482 V AconfigFlags: Read Aconfig default flag value com.android.systemui.priority_people_section = false
1788779393.101 10316 24461 24482 V AconfigFlags: Read Aconfig default flag value com.android.systemui.privacy_dot_unfold_wrong_corner_fix = true
1788779393.102 10316 24461 24482 V AconfigFlags: Read Aconfig default flag value com.android.systemui.pss_app_selector_abrupt_exit_fix = true
1788779393.102 10316 24461 24482 V AconfigFlags: Read Aconfig default flag value com.android.systemui.pss_app_selector_recents_split_screen = true
1788779393.102 10316 24461 24482 V AconfigFlags: Read Aconfig default flag value com.android.systemui.pss_task_switcher = false
1788779393.102 10316 24461 24482 V AconfigFlags: Read Aconfig default flag value com.android.systemui.qs_custom_tile_click_guaranteed_bug_fix = true
1788779393.102 10316 24461 24482 V AconfigFlags: Read Aconfig default flag value com.android.systemui.qs_new_pipeline = true
1788779393.102 10316 24461 24482 V AconfigFlags: Read Aconfig default flag value com.android.systemui.qs_new_tiles = false
1788779393.102 10316 24461 24482 V AconfigFlags: Read Aconfig default flag value com.android.systemui.qs_new_tiles_future = false
1788779393.102 10316 24461 24482 V AconfigFlags: Read Aconfig default flag value com.android.systemui.qs_tile_focus_state = false
1788779393.102 10316 24461 24482 V AconfigFlags: Read Aconfig default flag value com.android.systemui.qs_ui_refactor = false
1788779393.102 10316 24461 24482 V AconfigFlags: Read Aconfig default flag value com.android.systemui.quick_settings_visual_haptics_longpress = false
1788779393.102 10316 24461 24482 V AconfigFlags: Read Aconfig default flag value com.android.systemui.record_issue_qs_tile = false
1788779393.102 10316 24461 24482 V AconfigFlags: Read Aconfig default flag value com.android.systemui.refactor_get_current_user = true
1788779393.102 10316 24461 24482 V AconfigFlags: Read Aconfig default flag value com.android.systemui.register_battery_controller_receivers_in_corestartable = false
1788779393.102 10316 24461 24482 V AconfigFlags: Read Aconfig default flag value com.android.systemui.register_new_wallet_card_in_background = true
1788779393.102 10316 24461 24482 V AconfigFlags: Read Aconfig default flag value com.android.systemui.register_wallpaper_notifier_background = true
1788779393.102 10316 24461 24482 V AconfigFlags: Read Aconfig default flag value com.android.systemui.register_zen_mode_content_observer_background = true
1788779393.102 10316 24461 24482 V AconfigFlags: Read Aconfig default flag value com.android.systemui.remove_dream_overlay_hide_on_touch = true
1788779393.102 10316 24461 24482 V AconfigFlags: Read Aconfig default flag value com.android.systemui.rest_to_unlock = false
1788779393.102 10316 24461 24482 V AconfigFlags: Read Aconfig default flag value com.android.systemui.restart_dream_on_unocclude = false
1788779393.102 10316 24461 24482 V AconfigFlags: Read Aconfig default flag value com.android.systemui.revamped_bouncer_messages = true
1788779393.102 10316 24461 24482 V AconfigFlags: Read Aconfig default flag value com.android.systemui.run_fingerprint_detect_on_dismissible_keyguard = false
1788779393.102 10316 24461 24482 V AconfigFlags: Read Aconfig default flag value com.android.systemui.save_and_restore_magnification_settings_buttons = false
1788779393.102 10316 24461 24482 V AconfigFlags: Read Aconfig default flag value com.android.systemui.scene_container = false
1788779393.102 10316 24461 24482 V AconfigFlags: Read Aconfig default flag value com.android.systemui.screenshare_notification_hiding_bug_fix = true
1788779393.102 10316 24461 24482 V AconfigFlags: Read Aconfig default flag value com.android.systemui.screenshot_action_dismiss_system_windows = false
1788779393.102 10316 24461 24482 V AconfigFlags: Read Aconfig default flag value com.android.systemui.screenshot_private_profile_accessibility_announcement_fix = true
1788779393.102 10316 24461 24482 V AconfigFlags: Read Aconfig default flag value com.android.systemui.screenshot_private_profile_behavior_fix = true
1788779393.102 10316 24461 24482 V AconfigFlags: Read Aconfig default flag value com.android.systemui.screenshot_scroll_crop_view_crash_fix = true
1788779393.102 10316 24461 24482 V AconfigFlags: Read Aconfig default flag value com.android.systemui.screenshot_shelf_ui2 = true
1788779393.102 10316 24461 24482 V AconfigFlags: Read Aconfig default flag value com.android.systemui.shade_collapse_activity_launch_fix = false
1788779393.102 10316 24461 24482 V AconfigFlags: Read Aconfig default flag value com.android.systemui.shaderlib_loading_effect_refactor = false
1788779393.102 10316 24461 24482 V AconfigFlags: Read Aconfig default flag value com.android.systemui.shared.bouncer_area_exclusion = true
1788779393.103 10316 24461 24482 V AconfigFlags: Read Aconfig default flag value com.android.systemui.shared.enable_home_delay = false
1788779393.103 10316 24461 24482 V AconfigFlags: Read Aconfig default flag value com.android.systemui.shared.example_shared_flag = false
1788779393.103 10316 24461 24482 V AconfigFlags: Read Aconfig default flag value com.android.systemui.shared.return_animation_framework_library = false
1788779393.103 10316 24461 24482 V AconfigFlags: Read Aconfig default flag value com.android.systemui.shared.shade_allow_back_gesture = false
1788779393.103 10316 24461 24482 V AconfigFlags: Read Aconfig default flag value com.android.systemui.shared.sidefps_controller_refactor = true
1788779393.103 10316 24461 24482 V AconfigFlags: Read Aconfig default flag value com.android.systemui.slice_broadcast_relay_in_background = false
1788779393.103 10316 24461 24482 V AconfigFlags: Read Aconfig default flag value com.android.systemui.slice_manager_binder_call_background = true
1788779393.103 10316 24461 24482 V AconfigFlags: Read Aconfig default flag value com.android.systemui.smartspace_lockscreen_viewmodel = false
1788779393.103 10316 24461 24482 V AconfigFlags: Read Aconfig default flag value com.android.systemui.smartspace_relocate_to_bottom = false
1788779393.103 10316 24461 24482 V AconfigFlags: Read Aconfig default flag value com.android.systemui.smartspace_remoteviews_rendering = false
1788779393.103 10316 24461 24482 V AconfigFlags: Read Aconfig default flag value com.android.systemui.status_bar_monochrome_icons_fix = true
1788779393.103 10316 24461 24482 V AconfigFlags: Read Aconfig default flag value com.android.systemui.status_bar_screen_sharing_chips = false
1788779393.103 10316 24461 24482 V AconfigFlags: Read Aconfig default flag value com.android.systemui.status_bar_static_inout_indicators = false
1788779393.103 10316 24461 24482 V AconfigFlags: Read Aconfig default flag value com.android.systemui.switch_user_on_bg = true
1788779393.103 10316 24461 24482 V AconfigFlags: Read Aconfig default flag value com.android.systemui.sysui_teamfood = false
1788779393.103 10316 24461 24482 V AconfigFlags: Read Aconfig default flag value com.android.systemui.theme_overlay_controller_wakefulness_deprecation = false
1788779393.103 10316 24461 24482 V AconfigFlags: Read Aconfig default flag value com.android.systemui.translucent_occluding_activity_fix = true
1788779393.103 10316 24461 24482 V AconfigFlags: Read Aconfig default flag value com.android.systemui.truncated_status_bar_icons_fix = true
1788779393.103 10316 24461 24482 V AconfigFlags: Read Aconfig default flag value com.android.systemui.udfps_view_performance = true
1788779393.103 10316 24461 24482 V AconfigFlags: Read Aconfig default flag value com.android.systemui.unfold_animation_background_progress = true
1788779393.103 10316 24461 24482 V AconfigFlags: Read Aconfig default flag value com.android.systemui.update_user_switcher_background = true
1788779393.103 10316 24461 24482 V AconfigFlags: Read Aconfig default flag value com.android.systemui.validate_keyboard_shortcut_helper_icon_uri = false
1788779393.103 10316 24461 24482 V AconfigFlags: Read Aconfig default flag value com.android.systemui.visual_interruptions_refactor = true
1788779393.103 10316 24461 24482 V AconfigFlags: Read Aconfig default flag value com.android.text.flags.complete_font_load_in_system_services_ready = true
1788779393.103 10316 24461 24482 V AconfigFlags: Read Aconfig default flag value com.android.text.flags.deprecate_ui_fonts = true
1788779393.103 10316 24461 24482 V AconfigFlags: Read Aconfig default flag value com.android.text.flags.disable_handwriting_initiator_for_ime = true
1788779393.103 10316 24461 24482 V AconfigFlags: Read Aconfig default flag value com.android.text.flags.escape_clears_focus = true
1788779393.103 10316 24461 24482 V AconfigFlags: Read Aconfig default flag value com.android.text.flags.fix_double_underline = true
1788779393.103 10316 24461 24482 V AconfigFlags: Read Aconfig default flag value com.android.text.flags.fix_font_update_failure = true
1788779393.103 10316 24461 24482 V AconfigFlags: Read Aconfig default flag value com.android.text.flags.fix_line_height_for_locale = true
1788779393.103 10316 24461 24482 V AconfigFlags: Read Aconfig default flag value com.android.text.flags.fix_misaligned_context_menu = true
1788779393.103 10316 24461 24482 V AconfigFlags: Read Aconfig default flag value com.android.text.flags.fix_null_typeface_bolding = false
1788779393.103 10316 24461 24482 V AconfigFlags: Read Aconfig default flag value com.android.text.flags.handwriting_cursor_position = true
1788779393.103 10316 24461 24482 V AconfigFlags: Read Aconfig default flag value com.android.text.flags.handwriting_end_of_line_tap = true
1788779393.103 10316 24461 24482 V AconfigFlags: Read Aconfig default flag value com.android.text.flags.handwriting_gesture_with_transformation = true
1788779393.103 10316 24461 24482 V AconfigFlags: Read Aconfig default flag value com.android.text.flags.handwriting_unsupported_message = true
1788779393.103 10316 24461 24482 V AconfigFlags: Read Aconfig default flag value com.android.text.flags.icu_bidi_migration = true
1788779393.103 10316 24461 24482 V AconfigFlags: Read Aconfig default flag value com.android.text.flags.insert_mode_crash_update_layout_span = true
1788779393.103 10316 24461 24482 V AconfigFlags: Read Aconfig default flag value com.android.text.flags.insert_mode_crash_when_delete = true
1788779393.103 10316 24461 24482 V AconfigFlags: Read Aconfig default flag value com.android.text.flags.insert_mode_highlight_range = true
1788779393.103 10316 24461 24482 V AconfigFlags: Read Aconfig default flag value com.android.text.flags.insert_mode_not_update_selection = false
1788779393.103 10316 24461 24482 V AconfigFlags: Read Aconfig default flag value com.android.text.flags.lazy_variation_instance = true
1788779393.103 10316 24461 24482 V AconfigFlags: Read Aconfig default flag value com.android.text.flags.letter_spacing_justification = true
1788779393.103 10316 24461 24482 V AconfigFlags: Read Aconfig default flag value com.android.text.flags.missing_getter_apis = false
1788779393.103 10316 24461 24482 V AconfigFlags: Read Aconfig default flag value com.android.text.flags.miui_layout_engine = false
1788779393.103 10316 24461 24482 V AconfigFlags: Read Aconfig default flag value com.android.text.flags.miui_layout_engine_second_version = true
1788779393.103 10316 24461 24482 V AconfigFlags: Read Aconfig default flag value com.android.text.flags.new_fonts_fallback_xml = true
1788779393.103 10316 24461 24482 V AconfigFlags: Read Aconfig default flag value com.android.text.flags.no_break_no_hyphenation_span = true
1788779393.103 10316 24461 24482 V AconfigFlags: Read Aconfig default flag value com.android.text.flags.phrase_strict_fallback = true
1788779393.103 10316 24461 24482 V AconfigFlags: Read Aconfig default flag value com.android.text.flags.rust_hyphenator = false
1788779393.103 10316 24461 24482 V AconfigFlags: Read Aconfig default flag value com.android.text.flags.use_bounds_for_width = true
1788779393.103 10316 24461 24482 V AconfigFlags: Read Aconfig default flag value com.android.text.flags.use_optimized_boottime_font_loading = true
1788779393.103 10316 24461 24482 V AconfigFlags: Read Aconfig default flag value com.android.text.flags.vendor_custom_locale_fallback = true
1788779393.104 10316 24461 24482 V AconfigFlags: Read Aconfig default flag value com.android.text.flags.word_style_auto = true
1788779393.104 10316 24461 24482 V AconfigFlags: Read Aconfig default flag value com.android.window.flags.activity_embedding_animation_customization_flag = false
1788779393.104 10316 24461 24482 V AconfigFlags: Read Aconfig default flag value com.android.window.flags.activity_embedding_interactive_divider_flag = true
1788779393.104 10316 24461 24482 V AconfigFlags: Read Aconfig default flag value com.android.window.flags.activity_embedding_overlay_presentation_flag = true
1788779393.104 10316 24461 24482 V AconfigFlags: Read Aconfig default flag value com.android.window.flags.activity_snapshot_by_default = true
1788779393.104 10316 24461 24482 V AconfigFlags: Read Aconfig default flag value com.android.window.flags.activity_window_info_flag = true
1788779393.104 10316 24461 24482 V AconfigFlags: Read Aconfig default flag value com.android.window.flags.allow_disable_activity_record_input_sink = true
1788779393.104 10316 24461 24482 V AconfigFlags: Read Aconfig default flag value com.android.window.flags.allow_hide_scm_button = true
1788779393.104 10316 24461 24482 V AconfigFlags: Read Aconfig default flag value com.android.window.flags.allows_screen_size_decoupled_from_status_bar_and_cutout = true
1788779393.104 10316 24461 24482 V AconfigFlags: Read Aconfig default flag value com.android.window.flags.always_defer_transition_when_apply_wct = true
1788779393.104 10316 24461 24482 V AconfigFlags: Read Aconfig default flag value com.android.window.flags.always_draw_magnification_fullscreen_border = true
1788779393.104 10316 24461 24482 V AconfigFlags: Read Aconfig default flag value com.android.window.flags.always_update_wallpaper_permission = true
1788779393.104 10316 24461 24482 V AconfigFlags: Read Aconfig default flag value com.android.window.flags.app_compat_properties_api = true
1788779393.104 10316 24461 24482 V AconfigFlags: Read Aconfig default flag value com.android.window.flags.app_compat_refactoring = false
1788779393.104 10316 24461 24482 V AconfigFlags: Read Aconfig default flag value com.android.window.flags.bal_dont_bring_existing_background_task_stack_to_fg = true
1788779393.104 10316 24461 24482 V AconfigFlags: Read Aconfig default flag value com.android.window.flags.bal_improve_real_caller_visibility_check = true
1788779393.104 10316 24461 24482 V AconfigFlags: Read Aconfig default flag value com.android.window.flags.bal_improved_metrics = false
1788779393.104 10316 24461 24482 V AconfigFlags: Read Aconfig default flag value com.android.window.flags.bal_require_opt_in_by_pending_intent_creator = true
1788779393.104 10316 24461 24482 V AconfigFlags: Read Aconfig default flag value com.android.window.flags.bal_require_opt_in_same_uid = false
1788779393.104 10316 24461 24482 V AconfigFlags: Read Aconfig default flag value com.android.window.flags.bal_respect_app_switch_state_when_check_bound_by_foreground_uid = true
1788779393.104 10316 24461 24482 V AconfigFlags: Read Aconfig default flag value com.android.window.flags.bal_show_toasts = false
1788779393.104 10316 24461 24482 V AconfigFlags: Read Aconfig default flag value com.android.window.flags.bal_show_toasts_blocked = false
1788779393.104 10316 24461 24482 V AconfigFlags: Read Aconfig default flag value com.android.window.flags.blast_sync_notification_shade_on_display_switch = false
1788779393.104 10316 24461 24482 V AconfigFlags: Read Aconfig default flag value com.android.window.flags.bundle_client_transaction_flag = true
1788779393.104 10316 24461 24482 V AconfigFlags: Read Aconfig default flag value com.android.window.flags.camera_compat_for_freeform = false
1788779393.104 10316 24461 24482 V AconfigFlags: Read Aconfig default flag value com.android.window.flags.close_to_square_config_includes_status_bar = false
1788779393.104 10316 24461 24482 V AconfigFlags: Read Aconfig default flag value com.android.window.flags.configurable_font_scale_default = true
1788779393.104 10316 24461 24482 V AconfigFlags: Read Aconfig default flag value com.android.window.flags.cover_display_opt_in = true
1788779393.104 10316 24461 24482 V AconfigFlags: Read Aconfig default flag value com.android.window.flags.defer_display_updates = true
1788779393.104 10316 24461 24482 V AconfigFlags: Read Aconfig default flag value com.android.window.flags.delay_notification_to_magnification_when_recents_window_to_front_transition = true
1788779393.104 10316 24461 24482 V AconfigFlags: Read Aconfig default flag value com.android.window.flags.delegate_unhandled_drags = true
1788779393.104 10316 24461 24482 V AconfigFlags: Read Aconfig default flag value com.android.window.flags.delete_capture_display = true
1788779393.104 10316 24461 24482 V AconfigFlags: Read Aconfig default flag value com.android.window.flags.density_390_api = true
1788779393.104 10316 24461 24482 V AconfigFlags: Read Aconfig default flag value com.android.window.flags.disable_object_pool = false
1788779393.104 10316 24461 24482 V AconfigFlags: Read Aconfig default flag value com.android.window.flags.disable_thin_letterboxing_policy = true
1788779393.104 10316 24461 24482 V AconfigFlags: Read Aconfig default flag value com.android.window.flags.do_not_check_intersection_when_non_magnifiable_window_transitions = false
1788779393.104 10316 24461 24482 V AconfigFlags: Read Aconfig default flag value com.android.window.flags.draw_snapshot_aspect_ratio_match = false
1788779393.104 10316 24461 24482 V AconfigFlags: Read Aconfig default flag value com.android.window.flags.edge_to_edge_by_default = false
1788779393.104 10316 24461 24482 V AconfigFlags: Read Aconfig default flag value com.android.window.flags.embedded_activity_back_nav_flag = true
1788779393.104 10316 24461 24482 V AconfigFlags: Read Aconfig default flag value com.android.window.flags.enable_additional_windows_above_status_bar = false
1788779393.104 10316 24461 24482 V AconfigFlags: Read Aconfig default flag value com.android.window.flags.enable_app_header_with_task_density = false
1788779393.104 10316 24461 24482 V AconfigFlags: Read Aconfig default flag value com.android.window.flags.enable_buffer_transform_hint_from_display = true
1788779393.104 10316 24461 24482 V AconfigFlags: Read Aconfig default flag value com.android.window.flags.enable_camera_compat_for_desktop_windowing = false
1788779393.104 10316 24461 24482 V AconfigFlags: Read Aconfig default flag value com.android.window.flags.enable_compatui_sysui_launcher = false
1788779393.104 10316 24461 24482 V AconfigFlags: Read Aconfig default flag value com.android.window.flags.enable_desktop_windowing_immersive_handle_hiding = false
1788779393.104 10316 24461 24482 V AconfigFlags: Read Aconfig default flag value com.android.window.flags.enable_desktop_windowing_modals_policy = false
1788779393.104 10316 24461 24482 V AconfigFlags: Read Aconfig default flag value com.android.window.flags.enable_desktop_windowing_mode = false
1788779393.104 10316 24461 24482 V AconfigFlags: Read Aconfig default flag value com.android.window.flags.enable_desktop_windowing_quick_switch = false
1788779393.104 10316 24461 24482 V AconfigFlags: Read Aconfig default flag value com.android.window.flags.enable_desktop_windowing_scvh_cache = false
1788779393.104 10316 24461 24482 V AconfigFlags: Read Aconfig default flag value com.android.window.flags.enable_desktop_windowing_size_constraints = false
1788779393.104 10316 24461 24482 V AconfigFlags: Read Aconfig default flag value com.android.window.flags.enable_desktop_windowing_task_limit = false
1788779393.104 10316 24461 24482 V AconfigFlags: Read Aconfig default flag value com.android.window.flags.enable_desktop_windowing_taskbar_running_apps = false
1788779393.105 10316 24461 24482 V AconfigFlags: Read Aconfig default flag value com.android.window.flags.enable_desktop_windowing_wallpaper_activity = false
1788779393.105 10316 24461 24482 V AconfigFlags: Read Aconfig default flag value com.android.window.flags.enable_scaled_resizing = false
1788779393.105 10316 24461 24482 V AconfigFlags: Read Aconfig default flag value com.android.window.flags.enable_task_stack_observer_in_shell = false
1788779393.105 10316 24461 24482 V AconfigFlags: Read Aconfig default flag value com.android.window.flags.enable_themed_app_headers = false
1788779393.105 10316 24461 24482 V AconfigFlags: Read Aconfig default flag value com.android.window.flags.enable_windowing_dynamic_initial_bounds = false
1788779393.105 10316 24461 24482 V AconfigFlags: Read Aconfig default flag value com.android.window.flags.enable_windowing_edge_drag_resize = false
1788779393.105 10316 24461 24482 V AconfigFlags: Read Aconfig default flag value com.android.window.flags.enable_wm_extensions_for_all_flag = true
1788779393.105 10316 24461 24482 V AconfigFlags: Read Aconfig default flag value com.android.window.flags.enforce_edge_to_edge = true
1788779393.105 10316 24461 24482 V AconfigFlags: Read Aconfig default flag value com.android.window.flags.ensure_wallpaper_in_transitions = false
1788779393.105 10316 24461 24482 V AconfigFlags: Read Aconfig default flag value com.android.window.flags.explicit_refresh_rate_hints = true
1788779393.105 10316 24461 24482 V AconfigFlags: Read Aconfig default flag value com.android.window.flags.fifo_priority_for_major_ui_processes = false
1788779393.105 10316 24461 24482 V AconfigFlags: Read Aconfig default flag value com.android.window.flags.fix_no_container_update_without_resize = true
1788779393.105 10316 24461 24482 V AconfigFlags: Read Aconfig default flag value com.android.window.flags.fix_pip_restore_to_overlay = true
1788779393.105 10316 24461 24482 V AconfigFlags: Read Aconfig default flag value com.android.window.flags.fullscreen_dim_flag = true
1788779393.105 10316 24461 24482 V AconfigFlags: Read Aconfig default flag value com.android.window.flags.get_dimmer_on_closing = false
1788779393.105 10316 24461 24482 V AconfigFlags: Read Aconfig default flag value com.android.window.flags.immersive_app_repositioning = true
1788779393.105 10316 24461 24482 V AconfigFlags: Read Aconfig default flag value com.android.window.flags.insets_control_changed_item = true
1788779393.105 10316 24461 24482 V AconfigFlags: Read Aconfig default flag value com.android.window.flags.insets_control_seq = false
1788779393.105 10316 24461 24482 V AconfigFlags: Read Aconfig default flag value com.android.window.flags.insets_decoupled_configuration = true
1788779393.105 10316 24461 24482 V AconfigFlags: Read Aconfig default flag value com.android.window.flags.introduce_smoother_dimmer = true
1788779393.105 10316 24461 24482 V AconfigFlags: Read Aconfig default flag value com.android.window.flags.keyguard_appear_transition = true
1788779393.105 10316 24461 24482 V AconfigFlags: Read Aconfig default flag value com.android.window.flags.letterbox_background_wallpaper = false
1788779393.105 10316 24461 24482 V AconfigFlags: Read Aconfig default flag value com.android.window.flags.movable_cutout_configuration = true
1788779393.105 10316 24461 24482 V AconfigFlags: Read Aconfig default flag value com.android.window.flags.move_animation_options_to_change = false
1788779393.105 10316 24461 24482 V AconfigFlags: Read Aconfig default flag value com.android.window.flags.multi_crop = true
1788779393.105 10316 24461 24482 V AconfigFlags: Read Aconfig default flag value com.android.window.flags.nav_bar_transparent_by_default = false
1788779393.105 10316 24461 24482 V AconfigFlags: Read Aconfig default flag value com.android.window.flags.no_consecutive_visibility_events = true
1788779393.105 10316 24461 24482 V AconfigFlags: Read Aconfig default flag value com.android.window.flags.no_visibility_event_on_display_state_change = false
1788779393.105 10316 24461 24482 V AconfigFlags: Read Aconfig default flag value com.android.window.flags.offload_color_extraction = false
1788779393.105 10316 24461 24482 V AconfigFlags: Read Aconfig default flag value com.android.window.flags.predictive_back_system_anims = true
1788779393.105 10316 24461 24482 V AconfigFlags: Read Aconfig default flag value com.android.window.flags.rear_display_disable_force_desktop_system_decorations = false
1788779393.105 10316 24461 24482 V AconfigFlags: Read Aconfig default flag value com.android.window.flags.release_snapshot_aggressively = false
1788779393.105 10316 24461 24482 V AconfigFlags: Read Aconfig default flag value com.android.window.flags.remove_prepare_surface_in_placement = true
1788779393.105 10316 24461 24482 V AconfigFlags: Read Aconfig default flag value com.android.window.flags.screen_recording_callbacks = true
1788779393.105 10316 24461 24482 V AconfigFlags: Read Aconfig default flag value com.android.window.flags.sdk_desired_present_time = true
1788779393.105 10316 24461 24482 V AconfigFlags: Read Aconfig default flag value com.android.window.flags.secure_window_state = true
1788779393.105 10316 24461 24482 V AconfigFlags: Read Aconfig default flag value com.android.window.flags.set_sc_properties_in_client = false
1788779393.105 10316 24461 24482 V AconfigFlags: Read Aconfig default flag value com.android.window.flags.skip_sleeping_when_switching_display = false
1788779393.105 10316 24461 24482 V AconfigFlags: Read Aconfig default flag value com.android.window.flags.supports_multi_instance_system_ui = true
1788779393.105 10316 24461 24482 V AconfigFlags: Read Aconfig default flag value com.android.window.flags.surface_control_input_receiver = true
1788779393.105 10316 24461 24482 V AconfigFlags: Read Aconfig default flag value com.android.window.flags.surface_trusted_overlay = true
1788779393.105 10316 24461 24482 V AconfigFlags: Read Aconfig default flag value com.android.window.flags.sync_screen_capture = true
1788779393.105 10316 24461 24482 V AconfigFlags: Read Aconfig default flag value com.android.window.flags.task_fragment_system_organizer_flag = true
1788779393.105 10316 24461 24482 V AconfigFlags: Read Aconfig default flag value com.android.window.flags.transit_ready_tracking = false
1788779393.105 10316 24461 24482 V AconfigFlags: Read Aconfig default flag value com.android.window.flags.trusted_presentation_listener_for_window = true
1788779393.105 10316 24461 24482 V AconfigFlags: Read Aconfig default flag value com.android.window.flags.untrusted_embedding_any_app_permission = false
1788779393.105 10316 24461 24482 V AconfigFlags: Read Aconfig default flag value com.android.window.flags.untrusted_embedding_state_sharing = true
1788779393.105 10316 24461 24482 V AconfigFlags: Read Aconfig default flag value com.android.window.flags.use_window_original_touchable_region_when_magnification_recompute_bounds = false
1788779393.105 10316 24461 24482 V AconfigFlags: Read Aconfig default flag value com.android.window.flags.user_min_aspect_ratio_app_default = true
1788779393.105 10316 24461 24482 V AconfigFlags: Read Aconfig default flag value com.android.window.flags.wait_for_transition_on_display_switch = true
1788779393.106 10316 24461 24482 V AconfigFlags: Read Aconfig default flag value com.android.window.flags.wallpaper_offset_async = true
1788779393.106 10316 24461 24482 V AconfigFlags: Read Aconfig default flag value com.android.window.flags.window_session_relayout_info = true
1788779393.106 10316 24461 24482 V AconfigFlags: Read Aconfig default flag value com.android.window.flags.window_token_config_thread_safe = true
1788779393.106 10316 24461 24482 V AconfigFlags: Read Aconfig default flag value com.android.wm.shell.animate_bubble_size_change = false
1788779393.106 10316 24461 24482 V AconfigFlags: Read Aconfig default flag value com.android.wm.shell.enable_app_pairs = true
1788779393.106 10316 24461 24482 V AconfigFlags: Read Aconfig default flag value com.android.wm.shell.enable_bubble_anything = false
1788779393.106 10316 24461 24482 V AconfigFlags: Read Aconfig default flag value com.android.wm.shell.enable_bubble_bar = false
1788779393.106 10316 24461 24482 V AconfigFlags: Read Aconfig default flag value com.android.wm.shell.enable_bubble_stashing = false
1788779393.106 10316 24461 24482 V AconfigFlags: Read Aconfig default flag value com.android.wm.shell.enable_bubbles_long_press_nav_handle = false
1788779393.106 10316 24461 24482 V AconfigFlags: Read Aconfig default flag value com.android.wm.shell.enable_left_right_split_in_portrait = true
1788779393.106 10316 24461 24482 V AconfigFlags: Read Aconfig default flag value com.android.wm.shell.enable_new_bubble_animations = false
1788779393.106 10316 24461 24482 V AconfigFlags: Read Aconfig default flag value com.android.wm.shell.enable_optional_bubble_overflow = false
1788779393.106 10316 24461 24482 V AconfigFlags: Read Aconfig default flag value com.android.wm.shell.enable_pip2_implementation = false
1788779393.106 10316 24461 24482 V AconfigFlags: Read Aconfig default flag value com.android.wm.shell.enable_pip_umo_experience = false
1788779393.106 10316 24461 24482 V AconfigFlags: Read Aconfig default flag value com.android.wm.shell.enable_retrievable_bubbles = false
1788779393.106 10316 24461 24482 V AconfigFlags: Read Aconfig default flag value com.android.wm.shell.enable_split_contextual = true
1788779393.106 10316 24461 24482 V AconfigFlags: Read Aconfig default flag value com.android.wm.shell.enable_taskbar_navbar_unification = true
1788779393.106 10316 24461 24482 V AconfigFlags: Read Aconfig default flag value com.android.wm.shell.enable_tiny_taskbar = false
1788779393.106 10316 24461 24482 V AconfigFlags: Read Aconfig default flag value com.android.wm.shell.only_reuse_bubbled_task_when_launched_from_bubble = false
1788779393.107 10316 24461 24482 V AconfigFlags: Read Aconfig default flag value com.android.graphics.libgui.flags.bq_extendedallocate = false
1788779393.107 10316 24461 24482 V AconfigFlags: Read Aconfig default flag value com.android.graphics.libgui.flags.bq_setframerate = true
1788779393.107 10316 24461 24482 V AconfigFlags: Read Aconfig default flag value com.android.graphics.libgui.flags.frametimestamps_previousrelease = true
1788779393.107 10316 24461 24482 V AconfigFlags: Read Aconfig default flag value com.android.graphics.libgui.flags.trace_frame_rate_override = false
1788779393.107 10316 24461 24482 V AconfigFlags: Read Aconfig default flag value com.android.media.audioserver.direct_track_reprioritization = true
1788779393.107 10316 24461 24482 V AconfigFlags: Read Aconfig default flag value com.android.media.audioserver.effect_chain_callback_improve = false
1788779393.107 10316 24461 24482 V AconfigFlags: Read Aconfig default flag value com.android.media.audioserver.fdtostring_timeout_fix = true
1788779393.107 10316 24461 24482 V AconfigFlags: Read Aconfig default flag value com.android.media.audioserver.fix_concurrent_playback_behavior_with_bit_perfect_client = false
1788779393.107 10316 24461 24482 V AconfigFlags: Read Aconfig default flag value com.android.media.audioserver.fix_input_sharing_logic = false
1788779393.107 10316 24461 24482 V AconfigFlags: Read Aconfig default flag value com.android.media.audioserver.mutex_priority_inheritance = true
1788779393.108 10316 24461 24482 V AconfigFlags: Read Aconfig default flag value com.android.media.audioserver.use_bt_sco_for_media = false
1788779393.108 10316 24461 24482 V AconfigFlags: Read Aconfig default flag value com.android.media.codec.flags.aidl_hal = true
1788779393.108 10316 24461 24482 V AconfigFlags: Read Aconfig default flag value com.android.media.codec.flags.codec_importance = true
1788779393.108 10316 24461 24482 V AconfigFlags: Read Aconfig default flag value com.android.media.codec.flags.large_audio_frame = true
1788779393.124 10316 24461 24482 W PackageParsing: Ignoring duplicate uses-permissions/uses-permissions-sdk-m: android.permission.INTERNET in package: com.axlebolt.standoff2 at: Binary XML file line #21
1788779393.148 10316 24461 24482 I IconCustomizer: load icon config path M100 63.2218C100 73.8128 100 79.1083 98.1974 84.809C95.9321 91.0327 91.0295 95.9353 84.8058 98.2006C79.7827 99.7891 75.0686 99.9776 66.7731 100H50H33.2269C24.9314 99.9776 20.2173 99.7891 15.1942 98.2006C8.97051 95.9353 4.06795 91.0327 1.80256 84.809C0 79.1083 0 73.8128 0 63.2218V50V36.7782C0 26.1872 0 20.8917 1.80256 15.191C4.06795 8.96731 8.97051 4.06474 15.1942 1.79936C20.2173 0.210897 24.9314 0.0224359 33.2269 0H50H66.7731C75.0686 0.0224359 79.7827 0.210897 84.8058 1.79936C91.0295 4.06474 95.9321 8.96731 98.1974 15.191C100 20.8917 100 26.1872 100 36.7782V50V63.2218Z, valid rect RectF(0.0, 0.0, 100.0, 100.0), isFullMask true
1788779393.148 10316 24461 24482 W IconCustomizer: getCustomizedIconW 184
1788779393.171 10316 24461 24482 I DeviceLevelUtils: platform：mt6781
1788779393.172 10316 24461 24482 I MiSpeedRecord: Connecting to PerfShielder service.
1788779393.177 10316 24461 24482 I Unique  : 2026-09-07 18:09:53.174 I STORAGE GUEST_INFO_RESOLVED package=com.axlebolt.standoff2 label=Standoff 2 icon=true
1788779393.585 10316 24531 24531 D nativeloader: Configuring clns-8 for other apk /data/user/0/com.unique/files/virtual/apk/com.axlebolt.standoff2/203908/base.apk. target_sdk_version=36, uses_libraries=, library_path=/data/user/0/com.unique/files/virtual/apk/com.axlebolt.standoff2/203908/lib/arm64-v8a:/data/user/0/com.unique/files/virtual/apk/com.axlebolt.standoff2/203908/base.apk!/lib/arm64-v8a, permitted_path=/data:/mnt/expand:/data/user/0/com.unique/files/virtual/users/0/data/com.axlebolt.standoff2
1788779393.599 10316 24531 24531 I Unique  : 2026-09-07 18:09:53.598 I PROCESS PROFILE_BOUND profile=fad6fd1e-1616-4574-99c1-901297e8464d androidId=117581e10d0b4957 generation=1
1788779393.602 10316 24531 24531 I Unique  : 2026-09-07 18:09:53.601 I PROCESS BUILD_OVERRIDES_APPLIED applied=1 requested=1
1788779393.604 10316 24531 24531 I Unique  : 2026-09-07 18:09:53.602 I LAUNCH PROFILE_BOUND profileId=fad6fd1e-1616-4574-99c1-901297e8464d generation=1
1788779393.616 10316 24531 24531 I Unique  : 2026-09-07 18:09:53.615 I PROCESS PERMISSION_CACHE_DISABLED disabled=disablePackageNamePermissionCache,disablePermissionCache,disableApplicationInfoCache,disablePackageInfoCache,disableGetPackagesForUidCache failed=android.app.ActivityManager: no disable*Cache()
1788779393.633 10316 24531 24531 I Unique  : 2026-09-07 18:09:53.631 I PROCESS PERMISSIONS_BOUND package=com.axlebolt.standoff2 vuid=0 declared=28 restored=4 runtime=6 installTime=22 selfDefined=2
1788779393.659 10316 24531 24531 I Unique  : 2026-09-07 18:09:53.657 I HOOK SERVICE_HOOKED service=package cache=true singletons=1 managers=1 bound=permissionCheck,getActivityInfo,applicationEnabledSetting,getApplicationInfo,componentEnabledSetting,installedPackages,getInstallerPackageName,getNameForUid,getPackageUid,getPackageInfo,getPackagesForUid,getProviderInfo,getReceiverInfo,getServiceInfo,queryIntent,resolveContentProvider,resolveIntent matched=permissionCheck=checkPermission+checkUidPermission,getActivityInfo,applicationEnabledSetting=getApplicationEnabledSetting+setApplicationEnabledSetting,getApplicationInfo,componentEnabledSetting=getComponentEnabledSetting+setComponentEnabledSetting,installedPackages=getInstalledApplications+getInstalledPackages,getInstallerPackageName,getNameForUid,getPackageUid=getPackageGids+getPackageUid,getPack
1788779393.662 10316 24531 24531 I Unique  : 2026-09-07 18:09:53.660 I LAUNCH VPM_HOOK_INSTALLED package=com.axlebolt.standoff2 bound=permissionCheck,getActivityInfo,applicationEnabledSetting,getApplicationInfo,componentEnabledSetting,installedPackages,getInstallerPackageName,getNameForUid,getPackageUid,getPackageInfo,getPackagesForUid,getProviderInfo,getReceiverInfo,getServiceInfo,queryIntent,resolveContentProvider,resolveIntent
1788779393.703 10316 24531 24531 I Unique  : 2026-09-07 18:09:53.701 I HOOK SERVICE_HOOKED service=activity cache=true singletons=1 managers=0 bound=serviceDispatch,callerIdentity,permissionCheck,getContentProvider,intentSender,runningProcesses,registerReceiver,foregroundService matched=serviceDispatch=bindService+bindServiceInstance+peekService+publishService+startService+stopService+unbindFinished,callerIdentity=broadcastIntent+broadcastIntentWithFeature+getBindingUidProcessState+getContentProviderExternal+getHistoricalProcessExitReasons+getHistoricalProcessStartReasons+getPackageProcessState+getTagForIntentSender+getUidLastIdleElapsedTime+getUidProcessCapabilities+getUidProces
1788779393.706 10316 24531 24531 I Unique  : 2026-09-07 18:09:53.704 I LAUNCH VAM_HOOK_INSTALLED package=com.axlebolt.standoff2 host=com.unique methods=8 matched=serviceDispatch=bindService+bindServiceInstance+peekService+publishService+startService+stopService+unbindFinished,callerIdentity=broadcastIntent+broadcastIntentWithFeature+getBindingUidProcessState+getContentProviderExternal+getHistoricalProcessExitReasons+getHistoricalProcessStartReasons+getPackageProcessState+getTagForIntentSender+getUidLastIdleElapsedTime+getUidProcessCapabilities+getUidProcessState+grantUriPermission+isBackgroundRestricted+isUidActive+moveTaskToFront+revokeUriPermission+sendIntentSender+startActivity+startActivityAsUser+startActivityAsUserWithFeature+startActivityWithFeature,permissionCheck=checkPermission+checkPermissionForDevice,getContentProvider,intentSender=getIntentSender+getIntentSenderWithFeature,runningProcesses=getRunningAppProcesses+getServices,registerReceiver=registerReceiver+registerReceiverWithFeature,foregroundService=setServiceForeground
1788779393.711 10316 24531 24581 V AconfigFlags: Read Aconfig default flag value android.adaptiveauth.enable_adaptive_auth = true
1788779393.711 10316 24531 24581 V AconfigFlags: Read Aconfig default flag value android.adaptiveauth.report_biometric_auth_attempts = true
1788779393.711 10316 24531 24581 V AconfigFlags: Read Aconfig default flag value android.app.activity_embedding = false
1788779393.711 10316 24531 24581 V AconfigFlags: Read Aconfig default flag value android.app.admin.flags.allow_querying_profile_type = true
1788779393.711 10316 24531 24581 V AconfigFlags: Read Aconfig default flag value android.app.admin.flags.allow_screen_brightness_control_on_cope = true
1788779393.711 10316 24531 24581 V AconfigFlags: Read Aconfig default flag value android.app.admin.flags.always_persist_do = true
1788779393.711 10316 24531 24581 V AconfigFlags: Read Aconfig default flag value android.app.admin.flags.assist_content_user_restriction_enabled = true
1788779393.712 10316 24531 24581 V AconfigFlags: Read Aconfig default flag value android.app.admin.flags.backup_connected_apps_settings = false
1788779393.712 10316 24531 24581 V AconfigFlags: Read Aconfig default flag value android.app.admin.flags.backup_service_security_log_event_enabled = true
1788779393.712 10316 24531 24581 V AconfigFlags: Read Aconfig default flag value android.app.admin.flags.coexistence_migration_for_non_emm_management_enabled = true
1788779393.712 10316 24531 24581 V AconfigFlags: Read Aconfig default flag value android.app.admin.flags.copy_account_with_retry_enabled = true
1788779393.712 10316 24531 24581 V AconfigFlags: Read Aconfig default flag value android.app.admin.flags.cross_user_suspension_enabled_ro = false
1788779393.712 10316 24531 24581 V AconfigFlags: Read Aconfig default flag value android.app.admin.flags.dedicated_device_control_api_enabled = true
1788779393.712 10316 24531 24581 V AconfigFlags: Read Aconfig default flag value android.app.admin.flags.dedicated_device_control_enabled = true
1788779393.712 10316 24531 24581 V AconfigFlags: Read Aconfig default flag value android.app.admin.flags.default_sms_personal_app_suspension_fix_enabled = true
1788779393.712 10316 24531 24581 V AconfigFlags: Read Aconfig default flag value android.app.admin.flags.delete_private_space_under_restriction = true
1788779393.712 10316 24531 24581 V AconfigFlags: Read Aconfig default flag value android.app.admin.flags.device_policy_size_tracking_enabled = true
1788779393.712 10316 24531 24581 V AconfigFlags: Read Aconfig default flag value android.app.admin.flags.device_policy_size_tracking_internal_bug_fix_enabled = true
1788779393.712 10316 24531 24581 V AconfigFlags: Read Aconfig default flag value android.app.admin.flags.device_policy_size_tracking_internal_enabled = false
1788779393.712 10316 24531 24581 V AconfigFlags: Read Aconfig default flag value android.app.admin.flags.device_theft_api_enabled = false
1788779393.712 10316 24531 24581 V AconfigFlags: Read Aconfig default flag value android.app.admin.flags.device_theft_impl_enabled = false
1788779393.712 10316 24531 24581 V AconfigFlags: Read Aconfig default flag value android.app.admin.flags.disallow_user_control_bg_usage_fix = true
1788779393.712 10316 24531 24581 V AconfigFlags: Read Aconfig default flag value android.app.admin.flags.disallow_user_control_stopped_state_fix = true
1788779393.712 10316 24531 24581 V AconfigFlags: Read Aconfig default flag value android.app.admin.flags.dmrh_set_app_restrictions = true
1788779393.712 10316 24531 24581 V AconfigFlags: Read Aconfig default flag value android.app.admin.flags.dumpsys_policy_engine_migration_enabled = true
1788779393.712 10316 24531 24581 V AconfigFlags: Read Aconfig default flag value android.app.admin.flags.esim_management_enabled = true
1788779393.712 10316 24531 24581 V AconfigFlags: Read Aconfig default flag value android.app.admin.flags.esim_management_ux_enabled = false
1788779393.712 10316 24531 24581 V AconfigFlags: Read Aconfig default flag value android.app.admin.flags.headless_device_owner_delegate_security_logging_bug_fix = true
1788779393.712 10316 24531 24581 V AconfigFlags: Read Aconfig default flag value android.app.admin.flags.headless_device_owner_provisioning_fix_enabled = true
1788779393.712 10316 24531 24581 V AconfigFlags: Read Aconfig default flag value android.app.admin.flags.headless_device_owner_single_user_enabled = true
1788779393.712 10316 24531 24581 V AconfigFlags: Read Aconfig default flag value android.app.admin.flags.headless_single_min_target_sdk = false
1788779393.712 10316 24531 24581 V AconfigFlags: Read Aconfig default flag value android.app.admin.flags.headless_single_user_bad_device_admin_state_fix = true
1788779393.712 10316 24531 24581 V AconfigFlags: Read Aconfig default flag value android.app.admin.flags.headless_single_user_compatibility_fix = true
1788779393.712 10316 24531 24581 V AconfigFlags: Read Aconfig default flag value android.app.admin.flags.headless_single_user_fixes = true
1788779393.712 10316 24531 24581 V AconfigFlags: Read Aconfig default flag value android.app.admin.flags.hsum_unlock_notification_fix = true
1788779393.712 10316 24531 24581 V AconfigFlags: Read Aconfig default flag value android.app.admin.flags.is_mte_policy_enforced = true
1788779393.712 10316 24531 24581 V AconfigFlags: Read Aconfig default flag value android.app.admin.flags.is_recursive_required_app_merging_enabled = false
1788779393.712 10316 24531 24581 V AconfigFlags: Read Aconfig default flag value android.app.admin.flags.onboarding_bugreport_storage_bug_fix = true
1788779393.712 10316 24531 24581 V AconfigFlags: Read Aconfig default flag value android.app.admin.flags.onboarding_bugreport_v2_enabled = true
1788779393.712 10316 24531 24581 V AconfigFlags: Read Aconfig default flag value android.app.admin.flags.onboarding_consentless_bugreports = true
1788779393.712 10316 24531 24581 V AconfigFlags: Read Aconfig default flag value android.app.admin.flags.permission_migration_for_zero_trust_api_enabled = true
1788779393.712 10316 24531 24581 V AconfigFlags: Read Aconfig default flag value android.app.admin.flags.permission_migration_for_zero_trust_impl_enabled = true
1788779393.712 10316 24531 24581 V AconfigFlags: Read Aconfig default flag value android.app.admin.flags.policy_engine_migration_v2_enabled = true
1788779393.712 10316 24531 24581 V AconfigFlags: Read Aconfig default flag value android.app.admin.flags.power_exemption_bg_usage_fix = true
1788779393.712 10316 24531 24581 V AconfigFlags: Read Aconfig default flag value android.app.admin.flags.provisioning_context_parameter = false
1788779393.712 10316 24531 24581 V AconfigFlags: Read Aconfig default flag value android.app.admin.flags.quiet_mode_credential_bug_fix = true
1788779393.712 10316 24531 24581 V AconfigFlags: Read Aconfig default flag value android.app.admin.flags.security_log_v2_enabled = true
1788779393.712 10316 24531 24581 V AconfigFlags: Read Aconfig default flag value android.app.admin.flags.unmanaged_mode_migration = false
1788779393.713 10316 24531 24581 V AconfigFlags: Read Aconfig default flag value android.app.api_rich_ongoing = false
1788779393.713 10316 24531 24581 V AconfigFlags: Read Aconfig default flag value android.app.api_tvextender = true
1788779393.713 10316 24531 24581 V AconfigFlags: Read Aconfig default flag value android.app.app_restrictions_api = true
1788779393.713 10316 24531 24581 V AconfigFlags: Read Aconfig default flag value android.app.app_start_info = true
1788779393.713 10316 24531 24581 V AconfigFlags: Read Aconfig default flag value android.app.app_start_info_timestamps = true
1788779393.713 10316 24531 24581 V AconfigFlags: Read Aconfig default flag value android.app.bic_client = true
1788779393.713 10316 24531 24581 V AconfigFlags: Read Aconfig default flag value android.app.category_voicemail = true
1788779393.713 10316 24531 24581 V AconfigFlags: Read Aconfig default flag value android.app.check_autogroup_before_post = false
1788779393.713 10316 24531 24581 V AconfigFlags: Read Aconfig default flag value android.app.clean_up_spans_and_new_lines = false
1788779393.713 10316 24531 24581 V AconfigFlags: Read Aconfig default flag value android.app.clear_dns_cache_on_network_rules_update = true
1788779393.713 10316 24531 24581 V AconfigFlags: Read Aconfig default flag value android.app.compact_heads_up_notification = false
1788779393.713 10316 24531 24581 V AconfigFlags: Read Aconfig default flag value android.app.compact_heads_up_notification_reply = false
1788779393.713 10316 24531 24581 V AconfigFlags: Read Aconfig default flag value android.app.contextualsearch.flags.enable_service = true
1788779393.713 10316 24531 24581 V AconfigFlags: Read Aconfig default flag value android.app.contextualsearch.flags.enable_token_refresh = false
1788779393.713 10316 24531 24581 V AconfigFlags: Read Aconfig default flag value android.app.enable_fgs_timeout_crash_behavior = true
1788779393.713 10316 24531 24581 V AconfigFlags: Read Aconfig default flag value android.app.enable_night_mode_binder_cache = true
1788779393.713 10316 24531 24581 V AconfigFlags: Read Aconfig default flag value android.app.enable_pip_ui_state_callback_on_entering = true
1788779393.713 10316 24531 24581 V AconfigFlags: Read Aconfig default flag value android.app.evenly_divided_call_style_action_layout = true
1788779393.713 10316 24531 24581 V AconfigFlags: Read Aconfig default flag value android.app.gate_fgs_timeout_anr_behavior = false
1788779393.713 10316 24531 24581 V AconfigFlags: Read Aconfig default flag value android.app.get_binding_uid_importance = true
1788779393.713 10316 24531 24581 V AconfigFlags: Read Aconfig default flag value android.app.introduce_new_service_ontimeout_callback = true
1788779393.713 10316 24531 24581 V AconfigFlags: Read Aconfig default flag value android.app.job.backup_jobs_exemption = false
1788779393.713 10316 24531 24581 V AconfigFlags: Read Aconfig default flag value android.app.job.enforce_minimum_time_windows = false
1788779393.713 10316 24531 24581 V AconfigFlags: Read Aconfig default flag value android.app.job.job_debug_info_apis = true
1788779393.713 10316 24531 24581 V AconfigFlags: Read Aconfig default flag value android.app.keyguard_private_notifications = true
1788779393.713 10316 24531 24581 V AconfigFlags: Read Aconfig default flag value android.app.lifetime_extension_refactor = false
1788779393.713 10316 24531 24581 V AconfigFlags: Read Aconfig default flag value android.app.modes_api = true
1788779393.713 10316 24531 24581 V AconfigFlags: Read Aconfig default flag value android.app.modes_ui = false
1788779393.713 10316 24531 24581 V AconfigFlags: Read Aconfig default flag value android.app.notification_channel_vibration_effect_api = true
1788779393.713 10316 24531 24581 V AconfigFlags: Read Aconfig default flag value android.app.notification_expansion_optional = false
1788779393.713 10316 24531 24581 V AconfigFlags: Read Aconfig default flag value android.app.notifications_use_app_icon = false
1788779393.713 10316 24531 24581 V AconfigFlags: Read Aconfig default flag value android.app.notifications_use_app_icon_in_row = false
1788779393.713 10316 24531 24581 V AconfigFlags: Read Aconfig default flag value android.app.notifications_use_monochrome_app_icon = false
1788779393.713 10316 24531 24581 V AconfigFlags: Read Aconfig default flag value android.app.ondeviceintelligence.flags.enable_on_device_intelligence = true
1788779393.713 10316 24531 24581 V AconfigFlags: Read Aconfig default flag value android.app.pinner_service_client_api = true
1788779393.713 10316 24531 24581 V AconfigFlags: Read Aconfig default flag value android.app.redact_sensitive_content_notifications_on_lockscreen = false
1788779393.713 10316 24531 24581 V AconfigFlags: Read Aconfig default flag value android.app.remove_remote_views = false
1788779393.713 10316 24531 24581 V AconfigFlags: Read Aconfig default flag value android.app.restrict_audio_attributes_alarm = false
1788779393.713 10316 24531 24581 V AconfigFlags: Read Aconfig default flag value android.app.restrict_audio_attributes_call = false
1788779393.713 10316 24531 24581 V AconfigFlags: Read Aconfig default flag value android.app.restrict_audio_attributes_media = false
1788779393.714 10316 24531 24581 V AconfigFlags: Read Aconfig default flag value android.app.secure_allowlist_token = true
1788779393.714 10316 24531 24581 V AconfigFlags: Read Aconfig default flag value android.app.skip_bg_mem_trim_on_fg_app = false
1788779393.714 10316 24531 24581 V AconfigFlags: Read Aconfig default flag value android.app.smartspace.flags.access_smartspace = true
1788779393.714 10316 24531 24581 V AconfigFlags: Read Aconfig default flag value android.app.smartspace.flags.remote_views = true
1788779393.714 10316 24531 24581 V AconfigFlags: Read Aconfig default flag value android.app.sort_section_by_time = false
1788779393.714 10316 24531 24581 V AconfigFlags: Read Aconfig default flag value android.app.system_terms_of_address_enabled = true
1788779393.714 10316 24531 24581 V AconfigFlags: Read Aconfig default flag value android.app.uid_importance_listener_for_uids = false
1788779393.714 10316 24531 24581 V AconfigFlags: Read Aconfig default flag value android.app.update_ranking_time = false
1788779393.714 10316 24531 24581 V AconfigFlags: Read Aconfig default flag value android.app.usage.disable_idle_check = false
1788779393.714 10316 24531 24581 V AconfigFlags: Read Aconfig default flag value android.app.usage.filter_based_event_query_api = true
1788779393.714 10316 24531 24581 V AconfigFlags: Read Aconfig default flag value android.app.usage.get_app_bytes_by_data_type_api = true
1788779393.714 10316 24531 24581 V AconfigFlags: Read Aconfig default flag value android.app.usage.report_usage_stats_permission = true
1788779393.714 10316 24531 24581 V AconfigFlags: Read Aconfig default flag value android.app.usage.use_dedicated_handler_thread = true
1788779393.714 10316 24531 24581 V AconfigFlags: Read Aconfig default flag value android.app.usage.use_parceled_list = true
1788779393.714 10316 24531 24581 V AconfigFlags: Read Aconfig default flag value android.app.usage.user_interaction_type_api = true
1788779393.714 10316 24531 24581 V AconfigFlags: Read Aconfig default flag value android.app.use_app_info_not_launched = false
1788779393.714 10316 24531 24581 V AconfigFlags: Read Aconfig default flag value android.app.visit_person_uri = false
1788779393.714 10316 24531 24581 V AconfigFlags: Read Aconfig default flag value android.app.wearable.enable_data_request_observer_api = true
1788779393.714 10316 24531 24581 V AconfigFlags: Read Aconfig default flag value android.app.wearable.enable_hotword_wearable_sensing_api = true
1788779393.714 10316 24531 24581 V AconfigFlags: Read Aconfig default flag value android.app.wearable.enable_provide_wearable_connection_api = true
1788779393.714 10316 24531 24581 V AconfigFlags: Read Aconfig default flag value android.app.wearable.enable_restart_wss_process = true
1788779393.714 10316 24531 24581 V AconfigFlags: Read Aconfig default flag value android.app.wearable.enable_unsupported_operation_status_code = true
1788779393.714 10316 24531 24581 V AconfigFlags: Read Aconfig default flag value android.appwidget.flags.draw_data_parcel = true
1788779393.714 10316 24531 24581 V AconfigFlags: Read Aconfig default flag value android.appwidget.flags.generated_previews = true
1788779393.714 10316 24531 24581 V AconfigFlags: Read Aconfig default flag value android.appwidget.flags.remote_adapter_conversion = false
1788779393.714 10316 24531 24581 V AconfigFlags: Read Aconfig default flag value android.appwidget.flags.remove_app_widget_service_io_from_critical_path = true
1788779393.714 10316 24531 24581 V AconfigFlags: Read Aconfig default flag value android.appwidget.flags.support_resume_restore_after_reboot = false
1788779393.714 10316 24531 24581 V AconfigFlags: Read Aconfig default flag value android.appwidget.flags.throttle_widget_updates = false
1788779393.714 10316 24531 24581 V AconfigFlags: Read Aconfig default flag value android.car.feature.android_vic_vehicle_properties = true
1788779393.714 10316 24531 24581 V AconfigFlags: Read Aconfig default flag value android.car.feature.area_id_config_access = true
1788779393.714 10316 24531 24581 V AconfigFlags: Read Aconfig default flag value android.car.feature.batched_subscriptions = true
1788779393.714 10316 24531 24581 V AconfigFlags: Read Aconfig default flag value android.car.feature.car_app_card = true
1788779393.714 10316 24531 24581 V AconfigFlags: Read Aconfig default flag value android.car.feature.car_audio_dynamic_devices = true
1788779393.714 10316 24531 24581 V AconfigFlags: Read Aconfig default flag value android.car.feature.car_audio_fade_manager_configuration = true
1788779393.714 10316 24531 24581 V AconfigFlags: Read Aconfig default flag value android.car.feature.car_audio_min_max_activation_volume = true
1788779393.714 10316 24531 24581 V AconfigFlags: Read Aconfig default flag value android.car.feature.car_audio_mute_ambiguity = true
1788779393.714 10316 24531 24581 V AconfigFlags: Read Aconfig default flag value android.car.feature.car_dump_to_proto = true
1788779393.714 10316 24531 24581 V AconfigFlags: Read Aconfig default flag value android.car.feature.car_evs_query_service_status = true
1788779393.715 10316 24531 24581 V AconfigFlags: Read Aconfig default flag value android.car.feature.car_evs_stream_management = true
1788779393.715 10316 24531 24581 V AconfigFlags: Read Aconfig default flag value android.car.feature.car_night_global_setting = true
1788779393.715 10316 24531 24581 V AconfigFlags: Read Aconfig default flag value android.car.feature.car_power_cancel_shell_command = false
1788779393.715 10316 24531 24581 V AconfigFlags: Read Aconfig default flag value android.car.feature.car_power_policy_refactoring = true
1788779393.715 10316 24531 24581 V AconfigFlags: Read Aconfig default flag value android.car.feature.car_property_detailed_error_codes = true
1788779393.715 10316 24531 24581 V AconfigFlags: Read Aconfig default flag value android.car.feature.car_property_value_property_status = true
1788779393.715 10316 24531 24581 V AconfigFlags: Read Aconfig default flag value android.car.feature.car_watchdog_memory_profiling = true
1788779393.715 10316 24531 24581 V AconfigFlags: Read Aconfig default flag value android.car.feature.cluster_health_monitoring = true
1788779393.715 10316 24531 24581 V AconfigFlags: Read Aconfig default flag value android.car.feature.display_compatibility = true
1788779393.715 10316 24531 24581 V AconfigFlags: Read Aconfig default flag value android.car.feature.per_display_max_brightness = true
1788779393.715 10316 24531 24581 V AconfigFlags: Read Aconfig default flag value android.car.feature.persist_ap_settings = true
1788779393.715 10316 24531 24581 V AconfigFlags: Read Aconfig default flag value android.car.feature.projection_query_bt_profile_inhibit = true
1788779393.715 10316 24531 24581 V AconfigFlags: Read Aconfig default flag value android.car.feature.serverless_remote_access = true
1788779393.715 10316 24531 24581 V AconfigFlags: Read Aconfig default flag value android.car.feature.stop_process_before_suspend_to_disk = false
1788779393.715 10316 24531 24581 V AconfigFlags: Read Aconfig default flag value android.car.feature.subscription_with_resolution = true
1788779393.715 10316 24531 24581 V AconfigFlags: Read Aconfig default flag value android.car.feature.switch_user_ignoring_uxr = true
1788779393.715 10316 24531 24581 V AconfigFlags: Read Aconfig default flag value android.car.feature.variable_update_rate = true
1788779393.715 10316 24531 24581 V AconfigFlags: Read Aconfig default flag value android.chre.flags.abort_if_no_context_hub_found = false
1788779393.715 10316 24531 24581 V AconfigFlags: Read Aconfig default flag value android.chre.flags.bug_fix_reduce_lock_holding_period = true
1788779393.715 10316 24531 24581 V AconfigFlags: Read Aconfig default flag value android.chre.flags.context_hub_callback_uuid_enabled = true
1788779393.715 10316 24531 24581 V AconfigFlags: Read Aconfig default flag value android.chre.flags.flag_log_nanoapp_load_metrics = true
1788779393.715 10316 24531 24581 V AconfigFlags: Read Aconfig default flag value android.chre.flags.metrics_reporter_in_the_daemon = true
1788779393.715 10316 24531 24581 V AconfigFlags: Read Aconfig default flag value android.chre.flags.reconnect_host_endpoints_after_hal_restart = false
1788779393.715 10316 24531 24581 V AconfigFlags: Read Aconfig default flag value android.chre.flags.reduce_lock_holding_period = false
1788779393.715 10316 24531 24531 I Unique  : 2026-09-07 18:09:53.713 I HOOK SERVICE_HOOKED service=activity_task cache=true singletons=1 managers=0 bound=activityStart matched=activityStart=startActivities+startActivity+startActivityAndWait+startActivityAsCaller+startActivityAsUser+startActivityFromGameSession+startActivityIntentSender+startActivityWithConfig
1788779393.715 10316 24531 24581 V AconfigFlags: Read Aconfig default flag value android.chre.flags.reliable_message = true
1788779393.715 10316 24531 24581 V AconfigFlags: Read Aconfig default flag value android.chre.flags.reliable_message_duplicate_detection_service = false
1788779393.715 10316 24531 24581 V AconfigFlags: Read Aconfig default flag value android.chre.flags.reliable_message_implementation = true
1788779393.715 10316 24531 24581 V AconfigFlags: Read Aconfig default flag value android.chre.flags.reliable_message_retry_support_service = false
1788779393.715 10316 24531 24581 V AconfigFlags: Read Aconfig default flag value android.chre.flags.reliable_message_test_mode_behavior = false
1788779393.715 10316 24531 24581 V AconfigFlags: Read Aconfig default flag value android.chre.flags.remove_ap_wakeup_metric_report_limit = true
1788779393.715 10316 24531 24581 V AconfigFlags: Read Aconfig default flag value android.chre.flags.wait_for_preloaded_nanoapp_start = false
1788779393.715 10316 24531 24581 V AconfigFlags: Read Aconfig default flag value android.companion.association_tag = false
1788779393.715 10316 24531 24581 V AconfigFlags: Read Aconfig default flag value android.companion.companion_transport_apis = false
1788779393.715 10316 24531 24581 V AconfigFlags: Read Aconfig default flag value android.companion.device_presence = false
1788779393.715 10316 24531 24581 V AconfigFlags: Read Aconfig default flag value android.companion.new_association_builder = true
1788779393.715 10316 24531 24581 V AconfigFlags: Read Aconfig default flag value android.companion.ongoing_perm_sync = false
1788779393.715 10316 24531 24581 V AconfigFlags: Read Aconfig default flag value android.companion.perm_sync_user_consent = true
1788779393.715 10316 24531 24581 V AconfigFlags: Read Aconfig default flag value android.companion.unpair_associated_device = false
1788779393.715 10316 24531 24581 V AconfigFlags: Read Aconfig default flag value android.companion.virtual.flags.consistent_display_flags = true
1788779393.715 10316 24531 24581 V AconfigFlags: Read Aconfig default flag value android.companion.virtual.flags.cross_device_clipboard = true
1788779393.716 10316 24531 24581 V AconfigFlags: Read Aconfig default flag value android.companion.virtual.flags.dynamic_policy = true
1788779393.716 10316 24531 24581 V AconfigFlags: Read Aconfig default flag value android.companion.virtual.flags.enable_native_vdm = true
1788779393.716 10316 24531 24581 V AconfigFlags: Read Aconfig default flag value android.companion.virtual.flags.express_metrics = true
1788779393.716 10316 24531 24581 V AconfigFlags: Read Aconfig default flag value android.companion.virtual.flags.impulse_velocity_strategy_for_touch_navigation = true
1788779393.716 10316 24531 24581 V AconfigFlags: Read Aconfig default flag value android.companion.virtual.flags.interactive_screen_mirror = true
1788779393.716 10316 24531 24581 V AconfigFlags: Read Aconfig default flag value android.companion.virtual.flags.intercept_intents_before_applying_policy = true
1788779393.716 10316 24531 24581 V AconfigFlags: Read Aconfig default flag value android.companion.virtual.flags.persistent_device_id_api = true
1788779393.716 10316 24531 24581 V AconfigFlags: Read Aconfig default flag value android.companion.virtual.flags.stream_camera = false
1788779393.716 10316 24531 24581 V AconfigFlags: Read Aconfig default flag value android.companion.virtual.flags.stream_permissions = true
1788779393.716 10316 24531 24581 V AconfigFlags: Read Aconfig default flag value android.companion.virtual.flags.vdm_custom_home = true
1788779393.716 10316 24531 24581 V AconfigFlags: Read Aconfig default flag value android.companion.virtual.flags.vdm_custom_ime = true
1788779393.716 10316 24531 24581 V AconfigFlags: Read Aconfig default flag value android.companion.virtual.flags.vdm_public_apis = true
1788779393.716 10316 24531 24581 V AconfigFlags: Read Aconfig default flag value android.companion.virtual.flags.virtual_camera = true
1788779393.716 10316 24531 24581 V AconfigFlags: Read Aconfig default flag value android.companion.virtual.flags.virtual_stylus = true
1788779393.716 10316 24531 24581 V AconfigFlags: Read Aconfig default flag value android.companion.virtualdevice.flags.camera_device_awareness = true
1788779393.716 10316 24531 24581 V AconfigFlags: Read Aconfig default flag value android.companion.virtualdevice.flags.device_aware_drm = true
1788779393.716 10316 24531 24581 V AconfigFlags: Read Aconfig default flag value android.companion.virtualdevice.flags.device_aware_record_audio_permission = true
1788779393.716 10316 24531 24581 V AconfigFlags: Read Aconfig default flag value android.companion.virtualdevice.flags.intent_interception_action_matching_fix = true
1788779393.716 10316 24531 24581 V AconfigFlags: Read Aconfig default flag value android.companion.virtualdevice.flags.metrics_collection = true
1788779393.716 10316 24531 24581 V AconfigFlags: Read Aconfig default flag value android.companion.virtualdevice.flags.virtual_camera_service_discovery = true
1788779393.716 10316 24531 24581 V AconfigFlags: Read Aconfig default flag value android.companion.virtualdevice.flags.virtual_display_multi_window_mode_support = true
1788779393.716 10316 24531 24581 V AconfigFlags: Read Aconfig default flag value android.content.flags.enable_bind_package_isolated_process = true
1788779393.716 10316 24531 24581 V AconfigFlags: Read Aconfig default flag value android.content.pm.allow_sdk_sandbox_query_intent_activities = true
1788779393.716 10316 24531 24581 V AconfigFlags: Read Aconfig default flag value android.content.pm.archiving = true
1788779393.716 10316 24531 24581 V AconfigFlags: Read Aconfig default flag value android.content.pm.asl_in_apk_app_metadata_source = true
1788779393.716 10316 24531 24581 V AconfigFlags: Read Aconfig default flag value android.content.pm.component_state_changed_metrics = true
1788779393.716 10316 24531 24581 V AconfigFlags: Read Aconfig default flag value android.content.pm.disallow_sdk_libs_to_be_apps = false
1788779393.716 10316 24531 24581 V AconfigFlags: Read Aconfig default flag value android.content.pm.emergency_install_permission = true
1788779393.716 10316 24531 24581 V AconfigFlags: Read Aconfig default flag value android.content.pm.enable_rust_runtime = true
1788779393.716 10316 24531 24581 V AconfigFlags: Read Aconfig default flag value android.content.pm.encode_app_intent = true
1788779393.716 10316 24531 24581 V AconfigFlags: Read Aconfig default flag value android.content.pm.fix_duplicated_flags = true
1788779393.716 10316 24531 24581 V AconfigFlags: Read Aconfig default flag value android.content.pm.fix_system_apps_first_install_time = true
1788779393.716 10316 24531 24581 V AconfigFlags: Read Aconfig default flag value android.content.pm.force_multi_arch_native_libs_match = true
1788779393.717 10316 24531 24581 V AconfigFlags: Read Aconfig default flag value android.content.pm.get_package_info = true
1788779393.717 10316 24531 24531 I Unique  : 2026-09-07 18:09:53.715 I LAUNCH ATM_HOOK_INSTALLED package=com.axlebolt.standoff2 host=com.unique matched=activityStart=startActivities+startActivity+startActivityAndWait+startActivityAsCaller+startActivityAsUser+startActivityFromGameSession+startActivityIntentSender+startActivityWithConfig
1788779393.717 10316 24531 24581 V AconfigFlags: Read Aconfig default flag value android.content.pm.get_package_info_with_fd = false
1788779393.717 10316 24531 24581 V AconfigFlags: Read Aconfig default flag value android.content.pm.get_package_storage_stats = true
1788779393.717 10316 24531 24581 V AconfigFlags: Read Aconfig default flag value android.content.pm.get_resolved_apk_path = true
1788779393.717 10316 24531 24581 V AconfigFlags: Read Aconfig default flag value android.content.pm.improve_home_app_behavior = true
1788779393.717 10316 24531 24581 V AconfigFlags: Read Aconfig default flag value android.content.pm.improve_install_dont_kill = true
1788779393.717 10316 24531 24581 V AconfigFlags: Read Aconfig default flag value android.content.pm.improve_install_freeze = false
1788779393.717 10316 24531 24581 V AconfigFlags: Read Aconfig default flag value android.content.pm.introduce_media_processing_type = true
1788779393.717 10316 24531 24581 V AconfigFlags: Read Aconfig default flag value android.content.pm.lightweight_invisible_label_detection = true
1788779393.717 10316 24531 24581 V AconfigFlags: Read Aconfig default flag value android.content.pm.min_target_sdk_24 = true
1788779393.717 10316 24531 24581 V AconfigFlags: Read Aconfig default flag value android.content.pm.nullable_data_dir = true
1788779393.717 10316 24531 24581 V AconfigFlags: Read Aconfig default flag value android.content.pm.package_restart_query_disabled_by_default = false
1788779393.717 10316 24531 24581 V AconfigFlags: Read Aconfig default flag value android.content.pm.provide_info_of_apk_in_apex = true
1788779393.717 10316 24531 24581 V AconfigFlags: Read Aconfig default flag value android.content.pm.quarantined_enabled = false
1788779393.717 10316 24531 24581 V AconfigFlags: Read Aconfig default flag value android.content.pm.read_install_info = true
1788779393.717 10316 24531 24581 V AconfigFlags: Read Aconfig default flag value android.content.pm.recoverability_detection = true
1788779393.717 10316 24531 24581 V AconfigFlags: Read Aconfig default flag value android.content.pm.relative_reference_intent_filters = true
1788779393.717 10316 24531 24581 V AconfigFlags: Read Aconfig default flag value android.content.pm.restrict_nonpreloads_system_shareduids = true
1788779393.717 10316 24531 24581 V AconfigFlags: Read Aconfig default flag value android.content.pm.rollback_lifetime = true
1788779393.717 10316 24531 24581 V AconfigFlags: Read Aconfig default flag value android.content.pm.sdk_lib_independence = false
1788779393.717 10316 24531 24581 V AconfigFlags: Read Aconfig default flag value android.content.pm.set_pre_verified_domains = true
1788779393.717 10316 24531 24581 V AconfigFlags: Read Aconfig default flag value android.content.pm.stay_stopped = true
1788779393.717 10316 24531 24581 V AconfigFlags: Read Aconfig default flag value android.content.pm.use_art_service_v2 = true
1788779393.718 10316 24531 24581 V AconfigFlags: Read Aconfig default flag value android.content.pm.use_pia_v2 = false
1788779393.718 10316 24531 24581 V AconfigFlags: Read Aconfig default flag value android.content.pm.wait_application_killed = false
1788779393.718 10316 24531 24581 V AconfigFlags: Read Aconfig default flag value android.content.res.asset_file_descriptor_frro = true
1788779393.718 10316 24531 24581 V AconfigFlags: Read Aconfig default flag value android.content.res.default_locale = true
1788779393.718 10316 24531 24581 V AconfigFlags: Read Aconfig default flag value android.content.res.font_scale_converter_public = true
1788779393.718 10316 24531 24581 V AconfigFlags: Read Aconfig default flag value android.content.res.manifest_flagging = true
1788779393.718 10316 24531 24581 V AconfigFlags: Read Aconfig default flag value android.content.res.nine_patch_frro = true
1788779393.718 10316 24531 24581 V AconfigFlags: Read Aconfig default flag value android.content.res.register_resource_paths = false
1788779393.718 10316 24531 24581 V AconfigFlags: Read Aconfig default flag value android.crashrecovery.flags.allow_rescue_party_flag_resets = false
1788779393.718 10316 24531 24581 V AconfigFlags: Read Aconfig default flag value android.crashrecovery.flags.enable_crashrecovery = false
1788779393.718 10316 24531 24581 V AconfigFlags: Read Aconfig default flag value android.crashrecovery.flags.recoverability_detection = true
1788779393.718 10316 24531 24581 V AconfigFlags: Read Aconfig default flag value android.crashrecovery.flags.reenable_settings_resets = false
1788779393.718 10316 24531 24581 V AconfigFlags: Read Aconfig default flag value android.credentials.flags.clear_credentials_fix_enabled = true
1788779393.718 10316 24531 24581 V AconfigFlags: Read Aconfig default flag value android.credentials.flags.clear_session_enabled = true
1788779393.718 10316 24531 24581 V AconfigFlags: Read Aconfig default flag value android.credentials.flags.configurable_selector_ui_enabled = true
1788779393.718 10316 24531 24581 V AconfigFlags: Read Aconfig default flag value android.credentials.flags.credman_biometric_api_enabled = true
1788779393.718 10316 24531 24581 V AconfigFlags: Read Aconfig default flag value android.credentials.flags.hybrid_filter_opt_fix_enabled = true
1788779393.718 10316 24531 24581 V AconfigFlags: Read Aconfig default flag value android.credentials.flags.instant_apps_enabled = true
1788779393.718 10316 24531 24581 V AconfigFlags: Read Aconfig default flag value android.credentials.flags.new_framework_metrics = false
1788779393.718 10316 24531 24581 V AconfigFlags: Read Aconfig default flag value android.credentials.flags.new_settings_intents = true
1788779393.718 10316 24531 24581 V AconfigFlags: Read Aconfig default flag value android.credentials.flags.new_settings_ui = true
1788779393.718 10316 24531 24581 V AconfigFlags: Read Aconfig default flag value android.credentials.flags.selector_ui_improvements_enabled = true
1788779393.718 10316 24531 24581 V AconfigFlags: Read Aconfig default flag value android.credentials.flags.settings_activity_enabled = true
1788779393.718 10316 24531 24581 V AconfigFlags: Read Aconfig default flag value android.credentials.flags.wear_credential_manager_enabled = false
1788779393.718 10316 24531 24581 V AconfigFlags: Read Aconfig default flag value android.database.sqlite.oneway_finalizer_close_fixed = true
1788779393.718 10316 24531 24581 V AconfigFlags: Read Aconfig default flag value android.database.sqlite.simple_sql_comment_scanner = true
1788779393.718 10316 24531 24581 V AconfigFlags: Read Aconfig default flag value android.database.sqlite.sqlite_allow_temp_tables = true
1788779393.718 10316 24531 24581 V AconfigFlags: Read Aconfig default flag value android.database.sqlite.sqlite_apis_35 = true
1788779393.718 10316 24531 24581 V AconfigFlags: Read Aconfig default flag value android.hardware.biometrics.add_key_agreement_crypto_object = false
1788779393.718 10316 24531 24581 V AconfigFlags: Read Aconfig default flag value android.hardware.biometrics.custom_biometric_prompt = true
1788779393.718 10316 24531 24581 V AconfigFlags: Read Aconfig default flag value android.hardware.biometrics.get_op_id_crypto_object = true
1788779393.719 10316 24531 24581 V AconfigFlags: Read Aconfig default flag value android.hardware.biometrics.last_authentication_time = true
1788779393.719 10316 24531 24581 V AconfigFlags: Read Aconfig default flag value android.hardware.biometrics.mandatory_biometrics = false
1788779393.719 10316 24531 24581 V AconfigFlags: Read Aconfig default flag value android.hardware.devicestate.feature.flags.device_state_property_api = true
1788779393.719 10316 24531 24581 V AconfigFlags: Read Aconfig default flag value android.hardware.flags.overlayproperties_class_api = true
1788779393.719 10316 24531 24581 V AconfigFlags: Read Aconfig default flag value android.hardware.radio.hd_radio_improved = true
1788779393.719 10316 24531 24581 V AconfigFlags: Read Aconfig default flag value android.hardware.usb.flags.enable_input_power_limited_warning = true
1788779393.719 10316 24531 24581 V AconfigFlags: Read Aconfig default flag value android.hardware.usb.flags.enable_interface_name_device_filter = false
1788779393.719 10316 24531 24581 V AconfigFlags: Read Aconfig default flag value android.hardware.usb.flags.enable_is_mode_change_supported_api = true
1788779393.719 10316 24531 24581 V AconfigFlags: Read Aconfig default flag value android.hardware.usb.flags.enable_is_pd_compliant_api = true
1788779393.719 10316 24531 24581 V AconfigFlags: Read Aconfig default flag value android.hardware.usb.flags.enable_report_usb_data_compliance_warning = true
1788779393.719 10316 24531 24581 V AconfigFlags: Read Aconfig default flag value android.hardware.usb.flags.enable_usb_data_compliance_warning = true
1788779393.719 10316 24531 24581 V AconfigFlags: Read Aconfig default flag value android.hardware.usb.flags.enable_usb_data_signal_staking = true
1788779393.719 10316 24531 24581 V AconfigFlags: Read Aconfig default flag value android.hardware.usb.flags.enable_usb_sysfs_midi_identification = false
1788779393.719 10316 24531 24581 V AconfigFlags: Read Aconfig default flag value android.location.flags.enable_location_bypass = false
1788779393.719 10316 24531 24581 V AconfigFlags: Read Aconfig default flag value android.location.flags.fix_service_watcher = true
1788779393.719 10316 24531 24581 V AconfigFlags: Read Aconfig default flag value android.location.flags.geoid_heights_via_altitude_hal = true
1788779393.719 10316 24531 24581 V AconfigFlags: Read Aconfig default flag value android.location.flags.gnss_api_measurement_request_work_source = true
1788779393.719 10316 24531 24581 V AconfigFlags: Read Aconfig default flag value android.location.flags.gnss_api_navic_l1 = true
1788779393.719 10316 24531 24581 V AconfigFlags: Read Aconfig default flag value android.location.flags.gnss_call_stop_before_set_position_mode = false
1788779393.719 10316 24531 24581 V AconfigFlags: Read Aconfig default flag value android.location.flags.gnss_configuration_from_resource = true
1788779393.719 10316 24531 24581 V AconfigFlags: Read Aconfig default flag value android.location.flags.location_bypass = true
1788779393.719 10316 24531 24581 V AconfigFlags: Read Aconfig default flag value android.location.flags.location_validation = true
1788779393.719 10316 24531 24581 V AconfigFlags: Read Aconfig default flag value android.location.flags.new_geocoder = true
1788779393.719 10316 24531 24581 V AconfigFlags: Read Aconfig default flag value android.location.flags.release_supl_connection_on_timeout = true
1788779393.719 10316 24531 24581 V AconfigFlags: Read Aconfig default flag value android.location.flags.replace_future_elapsed_realtime_jni = true
1788779393.719 10316 24531 24581 V AconfigFlags: Read Aconfig default flag value android.location.flags.subscriptions_changed_listener_thread = false
1788779393.719 10316 24531 24581 V AconfigFlags: Read Aconfig default flag value android.location.flags.update_is_in_emergency_before_on_register = true
1788779393.719 10316 24531 24581 V AconfigFlags: Read Aconfig default flag value android.media.audio.auto_public_volume_api_hardening = false
1788779393.719 10316 24531 24581 V AconfigFlags: Read Aconfig default flag value android.media.audio.automatic_bt_device_type = true
1788779393.719 10316 24531 24581 V AconfigFlags: Read Aconfig default flag value android.media.audio.feature_spatial_audio_headtracking_low_latency = false
1788779393.719 10316 24531 24581 V AconfigFlags: Read Aconfig default flag value android.media.audio.focus_exclusive_with_recording = true
1788779393.719 10316 24531 24581 V AconfigFlags: Read Aconfig default flag value android.media.audio.focus_freeze_test_api = true
1788779393.719 10316 24531 24581 V AconfigFlags: Read Aconfig default flag value android.media.audio.foreground_audio_control = false
1788779393.719 10316 24531 24581 V AconfigFlags: Read Aconfig default flag value android.media.audio.loudness_configurator_api = true
1788779393.719 10316 24531 24581 V AconfigFlags: Read Aconfig default flag value android.media.audio.mtk_audio_manager_api = false
1788779393.719 10316 24531 24581 V AconfigFlags: Read Aconfig default flag value android.media.audio.mute_background_audio = false
1788779393.719 10316 24531 24581 V AconfigFlags: Read Aconfig default flag value android.media.audio.ro_foreground_audio_control = true
1788779393.719 10316 24531 24581 V AconfigFlags: Read Aconfig default flag value android.media.audio.ro_volume_ringer_api_hardening = false
1788779393.719 10316 24531 24581 V AconfigFlags: Read Aconfig default flag value android.media.audio.sco_managed_by_audio = false
1788779393.719 10316 24531 24581 V AconfigFlags: Read Aconfig default flag value android.media.audio.supported_device_types_api = true
1788779393.720 10316 24531 24581 V AconfigFlags: Read Aconfig default flag value android.media.audio.volume_ringer_api_hardening = false
1788779393.720 10316 24531 24581 V AconfigFlags: Read Aconfig default flag value android.media.audiopolicy.audio_mix_ownership = true
1788779393.720 10316 24531 24581 V AconfigFlags: Read Aconfig default flag value android.media.audiopolicy.audio_mix_policy_ordering = false
1788779393.720 10316 24531 24581 V AconfigFlags: Read Aconfig default flag value android.media.audiopolicy.audio_mix_test_api = true
1788779393.720 10316 24531 24581 V AconfigFlags: Read Aconfig default flag value android.media.audiopolicy.audio_policy_update_mixing_rules_api = true
1788779393.720 10316 24531 24581 V AconfigFlags: Read Aconfig default flag value android.media.audiopolicy.enable_fade_manager_configuration = true
1788779393.720 10316 24531 24581 V AconfigFlags: Read Aconfig default flag value android.media.audiopolicy.multi_zone_audio = false
1788779393.720 10316 24531 24581 V AconfigFlags: Read Aconfig default flag value android.media.audiopolicy.record_audio_device_aware_permission = true
1788779393.720 10316 24531 24581 V AconfigFlags: Read Aconfig default flag value android.media.codec.aidl_hal_input_surface = false
1788779393.720 10316 24531 24581 V AconfigFlags: Read Aconfig default flag value android.media.codec.dynamic_color_aspects = true
1788779393.720 10316 24531 24581 V AconfigFlags: Read Aconfig default flag value android.media.codec.hlg_editing = true
1788779393.720 10316 24531 24581 V AconfigFlags: Read Aconfig default flag value android.media.codec.in_process_sw_audio_codec = false
1788779393.720 10316 24531 24581 V AconfigFlags: Read Aconfig default flag value android.media.codec.in_process_sw_audio_codec_support = false
1788779393.720 10316 24531 24581 V AconfigFlags: Read Aconfig default flag value android.media.codec.input_surface_throttle = true
1788779393.720 10316 24531 24581 V AconfigFlags: Read Aconfig default flag value android.media.codec.large_audio_frame_finish = true
1788779393.720 10316 24531 24581 V AconfigFlags: Read Aconfig default flag value android.media.codec.native_capabilites = false
1788779393.720 10316 24531 24581 V AconfigFlags: Read Aconfig default flag value android.media.codec.null_output_surface = true
1788779393.720 10316 24531 24581 V AconfigFlags: Read Aconfig default flag value android.media.codec.null_output_surface_support = true
1788779393.720 10316 24531 24581 V AconfigFlags: Read Aconfig default flag value android.media.codec.region_of_interest = true
1788779393.720 10316 24531 24581 V AconfigFlags: Read Aconfig default flag value android.media.codec.region_of_interest_support = true
1788779393.720 10316 24531 24581 V AconfigFlags: Read Aconfig default flag value android.media.codec.set_callback_stall = false
1788779393.720 10316 24531 24581 V AconfigFlags: Read Aconfig default flag value android.media.codec.set_state_early = true
1788779393.720 10316 24531 24581 V AconfigFlags: Read Aconfig default flag value android.media.codec.stop_hal_before_surface = true
1788779393.720 10316 24531 24581 V AconfigFlags: Read Aconfig default flag value android.media.codec.teamfood = false
1788779393.720 10316 24531 24581 V AconfigFlags: Read Aconfig default flag value android.media.midi.virtual_ump = true
1788779393.720 10316 24531 24581 V AconfigFlags: Read Aconfig default flag value android.media.soundtrigger.sound_trigger_generic_model_api = false
1788779393.720 10316 24531 24581 V AconfigFlags: Read Aconfig default flag value android.media.tv.flags.broadcast_visibility_types = false
1788779393.720 10316 24531 24581 V AconfigFlags: Read Aconfig default flag value android.media.tv.flags.enable_ad_service_fw = false
1788779393.720 10316 24531 24581 V AconfigFlags: Read Aconfig default flag value android.media.tv.flags.tiaf_v_apis = false
1788779393.720 10316 24531 24581 V AconfigFlags: Read Aconfig default flag value android.multiuser.add_ui_for_sounds_from_background_users = false
1788779393.720 10316 24531 24581 V AconfigFlags: Read Aconfig default flag value android.multiuser.allow_main_user_to_access_blocked_number_provider = false
1788779393.720 10316 24531 24581 V AconfigFlags: Read Aconfig default flag value android.multiuser.allow_resolver_sheet_for_private_space = true
1788779393.720 10316 24531 24581 V AconfigFlags: Read Aconfig default flag value android.multiuser.avatar_sync = true
1788779393.720 10316 24531 24581 V AconfigFlags: Read Aconfig default flag value android.multiuser.bind_wallpaper_service_on_its_own_thread_during_a_user_switch = true
1788779393.720 10316 24531 24581 V AconfigFlags: Read Aconfig default flag value android.multiuser.block_private_space_creation = true
1788779393.720 10316 24531 24581 V AconfigFlags: Read Aconfig default flag value android.multiuser.delete_private_space_from_reset = true
1788779393.720 10316 24531 24581 V AconfigFlags: Read Aconfig default flag value android.multiuser.disable_private_space_items_on_home = true
1788779393.721 10316 24531 24581 V AconfigFlags: Read Aconfig default flag value android.multiuser.enable_biometrics_to_unlock_private_space = true
1788779393.721 10316 24531 24581 V AconfigFlags: Read Aconfig default flag value android.multiuser.enable_hiding_profiles = true
1788779393.721 10316 24531 24581 V AconfigFlags: Read Aconfig default flag value android.multiuser.enable_launcher_apps_hidden_profile_checks = true
1788779393.721 10316 24531 24581 V AconfigFlags: Read Aconfig default flag value android.multiuser.enable_permission_to_access_hidden_profiles = true
1788779393.721 10316 24531 24581 V AconfigFlags: Read Aconfig default flag value android.multiuser.enable_private_space_autolock_on_restarts = true
1788779393.721 10316 24531 24581 V AconfigFlags: Read Aconfig default flag value android.multiuser.enable_private_space_features = true
1788779393.721 10316 24531 24581 V AconfigFlags: Read Aconfig default flag value android.multiuser.enable_private_space_intent_redirection = true
1788779393.721 10316 24531 24581 V AconfigFlags: Read Aconfig default flag value android.multiuser.enable_ps_sensitive_notifications_toggle = true
1788779393.721 10316 24531 24581 V AconfigFlags: Read Aconfig default flag value android.multiuser.enable_system_user_only_for_services_and_providers = true
1788779393.721 10316 24531 24581 V AconfigFlags: Read Aconfig default flag value android.multiuser.fix_avatar_concurrent_file_write = false
1788779393.721 10316 24531 24581 V AconfigFlags: Read Aconfig default flag value android.multiuser.fix_avatar_picker_read_back_order = true
1788779393.721 10316 24531 24581 V AconfigFlags: Read Aconfig default flag value android.multiuser.fix_avatar_picker_selected_read_back = true
1788779393.721 10316 24531 24581 V AconfigFlags: Read Aconfig default flag value android.multiuser.handle_interleaved_settings_for_private_space = true
1788779393.721 10316 24531 24581 V AconfigFlags: Read Aconfig default flag value android.multiuser.move_quiet_mode_operations_to_separate_thread = true
1788779393.721 10316 24531 24581 V AconfigFlags: Read Aconfig default flag value android.multiuser.new_multiuser_settings_ux = false
1788779393.721 10316 24531 24581 V AconfigFlags: Read Aconfig default flag value android.multiuser.reorder_wallpaper_during_user_switch = true
1788779393.721 10316 24531 24581 V AconfigFlags: Read Aconfig default flag value android.multiuser.restrict_quiet_mode_credential_bug_fix_to_managed_profiles = true
1788779393.721 10316 24531 24581 V AconfigFlags: Read Aconfig default flag value android.multiuser.save_global_and_guest_restrictions_on_system_user_xml = false
1788779393.721 10316 24531 24581 V AconfigFlags: Read Aconfig default flag value android.multiuser.save_global_and_guest_restrictions_on_system_user_xml_read_only = false
1788779393.721 10316 24531 24581 V AconfigFlags: Read Aconfig default flag value android.multiuser.schedule_stop_of_background_user = false
1788779393.721 10316 24531 24581 V AconfigFlags: Read Aconfig default flag value android.multiuser.set_power_mode_during_user_switch = true
1788779393.721 10316 24531 24581 V AconfigFlags: Read Aconfig default flag value android.multiuser.show_set_screen_lock_dialog = true
1788779393.721 10316 24531 24581 V AconfigFlags: Read Aconfig default flag value android.multiuser.start_user_before_scheduled_alarms = false
1788779393.721 10316 24531 24581 V AconfigFlags: Read Aconfig default flag value android.multiuser.support_autolock_for_private_space = true
1788779393.721 10316 24531 24581 V AconfigFlags: Read Aconfig default flag value android.multiuser.support_communal_profile = false
1788779393.721 10316 24531 24581 V AconfigFlags: Read Aconfig default flag value android.multiuser.support_communal_profile_nextgen = false
1788779393.721 10316 24531 24581 V AconfigFlags: Read Aconfig default flag value android.multiuser.use_all_cpus_during_user_switch = true
1788779393.721 10316 24531 24581 V AconfigFlags: Read Aconfig default flag value android.multiuser.use_private_space_icon_in_biometric_prompt = true
1788779393.721 10316 24531 24581 V AconfigFlags: Read Aconfig default flag value android.net.platform.flags.ipsec_transform_state = false
1788779393.721 10316 24531 24581 V AconfigFlags: Read Aconfig default flag value android.net.platform.flags.powered_off_finding_platform = true
1788779393.721 10316 24531 24581 V AconfigFlags: Read Aconfig default flag value android.net.platform.flags.register_nsd_offload_engine = false
1788779393.721 10316 24531 24581 V AconfigFlags: Read Aconfig default flag value android.net.vcn.allow_disable_ipsec_loss_detector = true
1788779393.721 10316 24531 24581 V AconfigFlags: Read Aconfig default flag value android.net.vcn.enforce_main_user = true
1788779393.721 10316 24531 24581 V AconfigFlags: Read Aconfig default flag value android.net.vcn.evaluate_ipsec_loss_on_lp_nc_change = true
1788779393.721 10316 24531 24581 V AconfigFlags: Read Aconfig default flag value android.net.vcn.handle_seq_num_leap = true
1788779393.721 10316 24531 24581 V AconfigFlags: Read Aconfig default flag value android.net.vcn.network_metric_monitor = true
1788779393.722 10316 24531 24581 V AconfigFlags: Read Aconfig default flag value android.net.vcn.safe_mode_config = true
1788779393.722 10316 24531 24581 V AconfigFlags: Read Aconfig default flag value android.net.vcn.safe_mode_timeout_config = true
1788779393.722 10316 24531 24581 V AconfigFlags: Read Aconfig default flag value android.net.vcn.validate_network_on_ipsec_loss = true
1788779393.722 10316 24531 24581 V AconfigFlags: Read Aconfig default flag value android.net.wifi.flags.get_device_cross_akm_roaming_support = true
1788779393.722 10316 24531 24581 V AconfigFlags: Read Aconfig default flag value android.net.wifi.flags.network_provider_battery_charging_status = true
1788779393.722 10316 24531 24581 V AconfigFlags: Read Aconfig default flag value android.nfc.enable_nfc_beam = false
1788779393.722 10316 24531 24581 V AconfigFlags: Read Aconfig default flag value android.nfc.enable_nfc_charging = false
1788779393.722 10316 24531 24581 V AconfigFlags: Read Aconfig default flag value android.nfc.enable_nfc_mainline = true
1788779393.722 10316 24531 24581 V AconfigFlags: Read Aconfig default flag value android.nfc.enable_nfc_reader_option = true
1788779393.722 10316 24531 24581 V AconfigFlags: Read Aconfig default flag value android.nfc.enable_nfc_set_discovery_tech = true
1788779393.722 10316 24531 24581 V AconfigFlags: Read Aconfig default flag value android.nfc.enable_nfc_user_restriction = true
1788779393.722 10316 24531 24581 V AconfigFlags: Read Aconfig default flag value android.nfc.enable_tag_detection_broadcasts = false
1788779393.722 10316 24531 24581 V AconfigFlags: Read Aconfig default flag value android.nfc.nfc_observe_mode = true
1788779393.722 10316 24531 24581 V AconfigFlags: Read Aconfig default flag value android.nfc.nfc_observe_mode_st_shim = true
1788779393.722 10316 24531 24581 V AconfigFlags: Read Aconfig default flag value android.nfc.nfc_oem_extension = false
1788779393.722 10316 24531 24581 V AconfigFlags: Read Aconfig default flag value android.nfc.nfc_read_polling_loop = true
1788779393.722 10316 24531 24581 V AconfigFlags: Read Aconfig default flag value android.nfc.nfc_read_polling_loop_st_shim = true
1788779393.722 10316 24531 24581 V AconfigFlags: Read Aconfig default flag value android.nfc.nfc_set_default_disc_tech = false
1788779393.722 10316 24531 24581 V AconfigFlags: Read Aconfig default flag value android.nfc.nfc_state_change = false
1788779393.722 10316 24531 24581 V AconfigFlags: Read Aconfig default flag value android.nfc.nfc_vendor_cmd = true
1788779393.722 10316 24531 24581 V AconfigFlags: Read Aconfig default flag value android.os.adpf_fmq_eager_send = false
1788779393.722 10316 24531 24581 V AconfigFlags: Read Aconfig default flag value android.os.adpf_gpu_report_actual_work_duration = true
1788779393.723 10316 24531 24581 V AconfigFlags: Read Aconfig default flag value android.os.adpf_hwui_gpu = false
1788779393.723 10316 24531 24581 V AconfigFlags: Read Aconfig default flag value android.os.adpf_measure_during_input_event_boost = false
1788779393.723 10316 24531 24581 V AconfigFlags: Read Aconfig default flag value android.os.adpf_obtainview_boost = false
1788779393.723 10316 24531 24581 V AconfigFlags: Read Aconfig default flag value android.os.adpf_platform_power_efficiency = false
1788779393.723 10316 24531 24581 V AconfigFlags: Read Aconfig default flag value android.os.adpf_prefer_power_efficiency = true
1788779393.723 10316 24531 24581 V AconfigFlags: Read Aconfig default flag value android.os.adpf_use_fmq_channel = true
1788779393.723 10316 24531 24581 V AconfigFlags: Read Aconfig default flag value android.os.adpf_use_fmq_channel_fixed = false
1788779393.723 10316 24531 24581 V AconfigFlags: Read Aconfig default flag value android.os.allow_private_profile = true
1788779393.723 10316 24531 24581 V AconfigFlags: Read Aconfig default flag value android.os.allow_thermal_headroom_thresholds = true
1788779393.723 10316 24531 24581 V AconfigFlags: Read Aconfig default flag value android.os.android_os_build_vanilla_ice_cream = false
1788779393.723 10316 24531 24581 V AconfigFlags: Read Aconfig default flag value android.os.battery_part_status_api = true
1788779393.723 10316 24531 24581 V AconfigFlags: Read Aconfig default flag value android.os.battery_saver_supported_check_api = false
1788779393.723 10316 24531 24581 V AconfigFlags: Read Aconfig default flag value android.os.battery_service_support_current_adb_command = false
1788779393.723 10316 24531 24581 V AconfigFlags: Read Aconfig default flag value android.os.bugreport_mode_max_value = true
1788779393.723 10316 24531 24581 V AconfigFlags: Read Aconfig default flag value android.os.disallow_cellular_null_ciphers_restriction = false
1788779393.723 10316 24531 24581 V AconfigFlags: Read Aconfig default flag value android.os.message_queue_tail_tracking = true
1788779393.723 10316 24531 24581 V AconfigFlags: Read Aconfig default flag value android.os.microsoft.flags.ltw_enabled = true
1788779393.723 10316 24531 24581 V AconfigFlags: Read Aconfig default flag value android.os.ordered_broadcast_multiple_permissions = false
1788779393.723 10316 24531 24581 V AconfigFlags: Read Aconfig default flag value android.os.perfetto_sdk_tracing = false
1788779393.723 10316 24531 24581 V AconfigFlags: Read Aconfig default flag value android.os.remove_app_profiler_pss_collection = true
1788779393.723 10316 24531 24581 V AconfigFlags: Read Aconfig default flag value android.os.security_state_service = true
1788779393.723 10316 24531 24581 V AconfigFlags: Read Aconfig default flag value android.os.state_of_health_public = false
1788779393.723 10316 24531 24581 V AconfigFlags: Read Aconfig default flag value android.os.storage_lifetime_api = true
1788779393.723 10316 24531 24581 V AconfigFlags: Read Aconfig default flag value android.os.strict_mode_restricted_network = false
1788779393.723 10316 24531 24581 V AconfigFlags: Read Aconfig default flag value android.os.telemetry_apis_framework_initialization = true
1788779393.723 10316 24531 24581 V AconfigFlags: Read Aconfig default flag value android.os.vibrator.adaptive_haptics_enabled = true
1788779393.723 10316 24531 24581 V AconfigFlags: Read Aconfig default flag value android.os.vibrator.haptic_feedback_vibration_oem_customization_enabled = true
1788779393.723 10316 24531 24581 V AconfigFlags: Read Aconfig default flag value android.os.vibrator.keyboard_category_enabled = true
1788779393.723 10316 24531 24581 V AconfigFlags: Read Aconfig default flag value android.os.vibrator.use_vibrator_haptic_feedback = false
1788779393.723 10316 24531 24581 V AconfigFlags: Read Aconfig default flag value android.permission.flags.apex_signature_permission_allowlist_enabled = true
1788779393.723 10316 24531 24581 V AconfigFlags: Read Aconfig default flag value android.permission.flags.device_aware_app_op_new_schema_enabled = false
1788779393.724 10316 24531 24581 V AconfigFlags: Read Aconfig default flag value android.permission.flags.device_aware_permission_apis_enabled = true
1788779393.724 10316 24531 24581 V AconfigFlags: Read Aconfig default flag value android.permission.flags.device_aware_permissions_enabled = true
1788779393.724 10316 24531 24581 V AconfigFlags: Read Aconfig default flag value android.permission.flags.device_id_in_op_proxy_info_enabled = false
1788779393.724 10316 24531 24581 V AconfigFlags: Read Aconfig default flag value android.permission.flags.enhanced_confirmation_mode_apis_enabled = true
1788779393.724 10316 24531 24581 V AconfigFlags: Read Aconfig default flag value android.permission.flags.factory_reset_prep_permission_apis = true
1788779393.724 10316 24531 24581 V AconfigFlags: Read Aconfig default flag value android.permission.flags.finish_running_ops_for_killed_packages = true
1788779393.724 10316 24531 24581 V AconfigFlags: Read Aconfig default flag value android.permission.flags.get_emergency_role_holder_api_enabled = true
1788779393.724 10316 24531 24581 V AconfigFlags: Read Aconfig default flag value android.permission.flags.ignore_process_text = false
1788779393.724 10316 24531 24581 V AconfigFlags: Read Aconfig default flag value android.permission.flags.op_enable_mobile_data_by_user = true
1788779393.724 10316 24531 24581 V AconfigFlags: Read Aconfig default flag value android.permission.flags.retail_demo_role_enabled = true
1788779393.724 10316 24531 24581 V AconfigFlags: Read Aconfig default flag value android.permission.flags.runtime_permission_appops_mapping_enabled = true
1788779393.724 10316 24531 24581 V AconfigFlags: Read Aconfig default flag value android.permission.flags.sensitive_content_improvements = true
1788779393.724 10316 24531 24581 V AconfigFlags: Read Aconfig default flag value android.permission.flags.sensitive_content_metrics_bugfix = true
1788779393.724 10316 24531 24581 V AconfigFlags: Read Aconfig default flag value android.permission.flags.sensitive_content_recents_screenshot_bugfix = true
1788779393.724 10316 24531 24581 V AconfigFlags: Read Aconfig default flag value android.permission.flags.sensitive_notification_app_protection = true
1788779393.724 10316 24531 24581 V AconfigFlags: Read Aconfig default flag value android.permission.flags.server_side_attribution_registration = true
1788779393.724 10316 24531 24581 V AconfigFlags: Read Aconfig default flag value android.permission.flags.set_next_attribution_source = false
1788779393.724 10316 24531 24581 V AconfigFlags: Read Aconfig default flag value android.permission.flags.should_register_attribution_source = true
1788779393.724 10316 24531 24581 V AconfigFlags: Read Aconfig default flag value android.permission.flags.signature_permission_allowlist_enabled = true
1788779393.724 10316 24531 24581 V AconfigFlags: Read Aconfig default flag value android.permission.flags.system_server_role_controller_enabled = true
1788779393.724 10316 24531 24581 V AconfigFlags: Read Aconfig default flag value android.permission.flags.voice_activation_permission_apis = false
1788779393.724 10316 24531 24581 V AconfigFlags: Read Aconfig default flag value android.permission.flags.wallet_role_enabled = true
1788779393.724 10316 24531 24581 V AconfigFlags: Read Aconfig default flag value android.provider.a11y_standalone_gesture_enabled = false
1788779393.724 10316 24531 24581 V AconfigFlags: Read Aconfig default flag value android.provider.backup_tasks_settings_screen = false
1788779393.724 10316 24531 24581 V AconfigFlags: Read Aconfig default flag value android.provider.system_settings_default = true
1788779393.724 10316 24531 24581 V AconfigFlags: Read Aconfig default flag value android.provider.user_keys = true
1788779393.724 10316 24531 24581 V AconfigFlags: Read Aconfig default flag value android.security.asm_opt_system_into_enforcement = false
1788779393.724 10316 24531 24581 V AconfigFlags: Read Aconfig default flag value android.security.asm_restrictions_enabled = true
1788779393.724 10316 24531 24581 V AconfigFlags: Read Aconfig default flag value android.security.asm_toasts_enabled = false
1788779393.724 10316 24531 24581 V AconfigFlags: Read Aconfig default flag value android.security.binary_transparency_sepolicy_hash = true
1788779393.724 10316 24531 24581 V AconfigFlags: Read Aconfig default flag value android.security.block_null_action_intents = false
1788779393.724 10316 24531 24581 V AconfigFlags: Read Aconfig default flag value android.security.certificate_transparency_configuration = false
1788779393.724 10316 24531 24581 V AconfigFlags: Read Aconfig default flag value android.security.content_uri_permission_apis = true
1788779393.724 10316 24531 24581 V AconfigFlags: Read Aconfig default flag value android.security.deprecate_fsv_sig = true
1788779393.724 10316 24531 24581 V AconfigFlags: Read Aconfig default flag value android.security.dump_attestation_verifications = true
1788779393.724 10316 24531 24581 V AconfigFlags: Read Aconfig default flag value android.security.enforce_intent_filter_match = true
1788779393.724 10316 24531 24581 V AconfigFlags: Read Aconfig default flag value android.security.extend_ecm_to_all_settings = true
1788779393.725 10316 24531 24581 V AconfigFlags: Read Aconfig default flag value android.security.extend_vb_chain_to_updated_apk = true
1788779393.725 10316 24531 24581 V AconfigFlags: Read Aconfig default flag value android.security.fix_unlocked_device_required_keys_v2 = true
1788779393.725 10316 24531 24581 V AconfigFlags: Read Aconfig default flag value android.security.flag.deprecate_fsverity_init = true
1788779393.725 10316 24531 24581 V AconfigFlags: Read Aconfig default flag value android.security.frp_enforcement = true
1788779393.725 10316 24531 24581 V AconfigFlags: Read Aconfig default flag value android.security.fsverity_api = true
1788779393.725 10316 24531 24581 V AconfigFlags: Read Aconfig default flag value android.security.keyinfo_unlocked_device_required = false
1788779393.725 10316 24531 24581 V AconfigFlags: Read Aconfig default flag value android.security.keystore2.database_loop_timeout = false
1788779393.725 10316 24531 24581 V AconfigFlags: Read Aconfig default flag value android.security.keystore2.disable_legacy_keystore_put_v2 = false
1788779393.725 10316 24531 24581 V AconfigFlags: Read Aconfig default flag value android.security.keystore2.import_previously_emulated_keys = false
1788779393.725 10316 24531 24581 V AconfigFlags: Read Aconfig default flag value android.security.keystore2.wal_db_journalmode_v3 = false
1788779393.725 10316 24531 24581 V AconfigFlags: Read Aconfig default flag value android.security.mgf1_digest_setter_v2 = true
1788779393.725 10316 24531 24581 V AconfigFlags: Read Aconfig default flag value android.security.report_primary_auth_attempts = true
1788779393.725 10316 24531 24581 V AconfigFlags: Read Aconfig default flag value android.security.significant_places = false
1788779393.725 10316 24531 24581 V AconfigFlags: Read Aconfig default flag value android.security.unlocked_storage_api = false
1788779393.725 10316 24531 24581 V AconfigFlags: Read Aconfig default flag value android.server.app.disable_game_mode_when_app_top = true
1788779393.725 10316 24531 24581 V AconfigFlags: Read Aconfig default flag value android.server.app.game_default_frame_rate = true
1788779393.725 10316 24531 24581 V AconfigFlags: Read Aconfig default flag value android.server.remove_text_service = false
1788779393.725 10316 24531 24581 V AconfigFlags: Read Aconfig default flag value android.server.telemetry_apis_service = true
1788779393.725 10316 24531 24581 V AconfigFlags: Read Aconfig default flag value android.service.appprediction.flags.service_features_api = false
1788779393.725 10316 24531 24581 V AconfigFlags: Read Aconfig default flag value android.service.autofill.add_last_focused_id_to_client_state = false
1788779393.725 10316 24531 24581 V AconfigFlags: Read Aconfig default flag value android.service.autofill.add_session_id_to_client_state = false
1788779393.725 10316 24531 24581 V AconfigFlags: Read Aconfig default flag value android.service.autofill.autofill_credman_dev_integration = true
1788779393.725 10316 24531 24581 V AconfigFlags: Read Aconfig default flag value android.service.autofill.autofill_credman_integration = true
1788779393.725 10316 24531 24581 V AconfigFlags: Read Aconfig default flag value android.service.autofill.autofill_credman_integration_phase2 = false
1788779393.725 10316 24531 24581 V AconfigFlags: Read Aconfig default flag value android.service.autofill.fill_fields_from_current_session_only = false
1788779393.725 10316 24531 24581 V AconfigFlags: Read Aconfig default flag value android.service.autofill.include_invisible_view_group_in_assist_structure = false
1788779393.725 10316 24531 24581 V AconfigFlags: Read Aconfig default flag value android.service.autofill.relayout = false
1788779393.725 10316 24531 24581 V AconfigFlags: Read Aconfig default flag value android.service.autofill.remote_fill_service_use_weak_reference = true
1788779393.725 10316 24531 24581 V AconfigFlags: Read Aconfig default flag value android.service.autofill.test = false
1788779393.725 10316 24531 24581 V AconfigFlags: Read Aconfig default flag value android.service.chooser.chooser_album_text = true
1788779393.725 10316 24531 24581 V AconfigFlags: Read Aconfig default flag value android.service.chooser.chooser_payload_toggling = true
1788779393.725 10316 24531 24581 V AconfigFlags: Read Aconfig default flag value android.service.chooser.enable_chooser_result = true
1788779393.725 10316 24531 24581 V AconfigFlags: Read Aconfig default flag value android.service.chooser.enable_sharesheet_metadata_extra = true
1788779393.725 10316 24531 24581 V AconfigFlags: Read Aconfig default flag value android.service.chooser.fix_resolver_memory_leak = true
1788779393.725 10316 24531 24581 V AconfigFlags: Read Aconfig default flag value android.service.controls.flags.home_panel_dream = true
1788779393.726 10316 24531 24581 V AconfigFlags: Read Aconfig default flag value android.service.dreams.dismiss_dream_on_keyguard_dismiss = true
1788779393.726 10316 24531 24581 V AconfigFlags: Read Aconfig default flag value android.service.dreams.dream_handles_being_obscured = false
1788779393.726 10316 24531 24581 V AconfigFlags: Read Aconfig default flag value android.service.dreams.dream_handles_confirm_keys = false
1788779393.726 10316 24531 24581 V AconfigFlags: Read Aconfig default flag value android.service.dreams.dream_overlay_host = false
1788779393.726 10316 24531 24581 V AconfigFlags: Read Aconfig default flag value android.service.dreams.dream_wake_redirect = false
1788779393.726 10316 24531 24581 V AconfigFlags: Read Aconfig default flag value android.service.notification.callstyle_callback_api = true
1788779393.726 10316 24531 24581 V AconfigFlags: Read Aconfig default flag value android.service.notification.ranking_update_ashmem = true
1788779393.726 10316 24531 24581 V AconfigFlags: Read Aconfig default flag value android.service.notification.redact_sensitive_notifications_big_text_style = true
1788779393.726 10316 24531 24581 V AconfigFlags: Read Aconfig default flag value android.service.notification.redact_sensitive_notifications_from_untrusted_listeners = true
1788779393.726 10316 24531 24581 V AconfigFlags: Read Aconfig default flag value android.service.voice.flags.allow_foreground_activities_in_on_show = true
1788779393.726 10316 24531 24581 V AconfigFlags: Read Aconfig default flag value android.service.voice.flags.allow_hotword_bump_egress = true
1788779393.726 10316 24531 24581 V AconfigFlags: Read Aconfig default flag value android.service.voice.flags.allow_training_data_egress_from_hds = false
1788779393.726 10316 24531 24581 V AconfigFlags: Read Aconfig default flag value android.speech.flags.multilang_extra_launch = true
1788779393.726 10316 24531 24581 V AconfigFlags: Read Aconfig default flag value android.tracing.perfetto_ime = false
1788779393.726 10316 24531 24581 V AconfigFlags: Read Aconfig default flag value android.tracing.perfetto_ime_tracing = false
1788779393.726 10316 24531 24581 V AconfigFlags: Read Aconfig default flag value android.tracing.perfetto_protolog_tracing = false
1788779393.726 10316 24531 24581 V AconfigFlags: Read Aconfig default flag value android.tracing.perfetto_transition_tracing = false
1788779393.726 10316 24531 24581 V AconfigFlags: Read Aconfig default flag value android.tracing.perfetto_view_capture_tracing = false
1788779393.726 10316 24531 24581 V AconfigFlags: Read Aconfig default flag value android.uprobestats.flags.enable_uprobestats = false
1788779393.726 10316 24531 24581 V AconfigFlags: Read Aconfig default flag value android.view.accessibility.a11y_overlay_callbacks = false
1788779393.726 10316 24531 24581 V AconfigFlags: Read Aconfig default flag value android.view.accessibility.a11y_qs_shortcut = true
1788779393.726 10316 24531 24581 V AconfigFlags: Read Aconfig default flag value android.view.accessibility.add_type_window_control = false
1788779393.726 10316 24531 24581 V AconfigFlags: Read Aconfig default flag value android.view.accessibility.allow_shortcut_chooser_on_lockscreen = false
1788779393.726 10316 24531 24581 V AconfigFlags: Read Aconfig default flag value android.view.accessibility.braille_display_hid = true
1788779393.726 10316 24531 24581 V AconfigFlags: Read Aconfig default flag value android.view.accessibility.cleanup_accessibility_warning_dialog = false
1788779393.726 10316 24531 24581 V AconfigFlags: Read Aconfig default flag value android.view.accessibility.collection_info_item_counts = true
1788779393.726 10316 24531 24581 V AconfigFlags: Read Aconfig default flag value android.view.accessibility.copy_events_for_gesture_detection = false
1788779393.726 10316 24531 24581 V AconfigFlags: Read Aconfig default flag value android.view.accessibility.enable_system_pinch_zoom_gesture = false
1788779393.726 10316 24531 24581 V AconfigFlags: Read Aconfig default flag value android.view.accessibility.fix_merged_content_change_event_v2 = true
1788779393.726 10316 24531 24581 V AconfigFlags: Read Aconfig default flag value android.view.accessibility.flash_notification_system_api = true
1788779393.726 10316 24531 24581 V AconfigFlags: Read Aconfig default flag value android.view.accessibility.force_invert_color = false
1788779393.726 10316 24531 24581 V AconfigFlags: Read Aconfig default flag value android.view.accessibility.granular_scrolling = true
1788779393.726 10316 24531 24581 V AconfigFlags: Read Aconfig default flag value android.view.accessibility.migrate_enable_shortcuts = false
1788779393.726 10316 24531 24581 V AconfigFlags: Read Aconfig default flag value android.view.accessibility.motion_event_observing = true
1788779393.726 10316 24531 24581 V AconfigFlags: Read Aconfig default flag value android.view.accessibility.prevent_leaking_viewrootimpl = false
1788779393.726 10316 24531 24581 V AconfigFlags: Read Aconfig default flag value android.view.accessibility.reduce_window_content_changed_event_throttle = false
1788779393.727 10316 24531 24531 I Unique  : 2026-09-07 18:09:53.725 I HOOK SERVICE_HOOKED service=permissionmgr cache=true singletons=1 managers=1 bound=shouldShowRequestPermissionRationale matched=shouldShowRequestPermissionRationale
1788779393.727 10316 24531 24581 V AconfigFlags: Read Aconfig default flag value android.view.accessibility.restore_a11y_shortcut_target_service = true
1788779393.727 10316 24531 24581 V AconfigFlags: Read Aconfig default flag value android.view.accessibility.skip_accessibility_warning_dialog_for_trusted_services = true
1788779393.727 10316 24531 24581 V AconfigFlags: Read Aconfig default flag value android.view.accessibility.support_system_pinch_zoom_opt_out_apis = false
1788779393.727 10316 24531 24581 V AconfigFlags: Read Aconfig default flag value android.view.accessibility.update_always_on_a11y_service = false
1788779393.727 10316 24531 24581 V AconfigFlags: Read Aconfig default flag value android.view.contentcapture.flags.run_on_background_thread_enabled = true
1788779393.727 10316 24531 24581 V AconfigFlags: Read Aconfig default flag value android.view.contentprotection.flags.blocklist_update_enabled = true
1788779393.727 10316 24531 24581 V AconfigFlags: Read Aconfig default flag value android.view.contentprotection.flags.create_accessibility_overlay_app_op_enabled = true
1788779393.727 10316 24531 24581 V AconfigFlags: Read Aconfig default flag value android.view.contentprotection.flags.manage_device_policy_enabled = true
1788779393.727 10316 24531 24581 V AconfigFlags: Read Aconfig default flag value android.view.contentprotection.flags.parse_groups_config_enabled = true
1788779393.727 10316 24531 24581 V AconfigFlags: Read Aconfig default flag value android.view.contentprotection.flags.rapid_clear_notifications_by_listener_app_op_enabled = true
1788779393.727 10316 24531 24581 V AconfigFlags: Read Aconfig default flag value android.view.contentprotection.flags.setting_ui_enabled = true
1788779393.727 10316 24531 24581 V AconfigFlags: Read Aconfig default flag value android.view.flags.add_schandle_to_vri_surface = true
1788779393.727 10316 24531 24581 V AconfigFlags: Read Aconfig default flag value android.view.flags.customizable_window_headers = true
1788779393.727 10316 24531 24581 V AconfigFlags: Read Aconfig default flag value android.view.flags.enable_arrow_icon_on_hover_when_clickable = true
1788779393.727 10316 24531 24581 V AconfigFlags: Read Aconfig default flag value android.view.flags.enable_invalidate_check_thread = false
1788779393.727 10316 24531 24581 V AconfigFlags: Read Aconfig default flag value android.view.flags.enable_surface_native_alloc_registration_ro = true
1788779393.727 10316 24531 24581 V AconfigFlags: Read Aconfig default flag value android.view.flags.enable_use_measure_cache_during_force_layout = false
1788779393.727 10316 24531 24581 V AconfigFlags: Read Aconfig default flag value android.view.flags.enable_vector_cursor_a11y_settings = false
1788779393.727 10316 24531 24581 V AconfigFlags: Read Aconfig default flag value android.view.flags.enable_vector_cursors = true
1788779393.727 10316 24531 24581 V AconfigFlags: Read Aconfig default flag value android.view.flags.expected_presentation_time_api = false
1788779393.727 10316 24531 24581 V AconfigFlags: Read Aconfig default flag value android.view.flags.expected_presentation_time_read_only = false
1788779393.728 10316 24531 24531 I Unique  : 2026-09-07 18:09:53.727 I HOOK PERMISSION_MANAGER_HOOKED matched=shouldShowRequestPermissionRationale
1788779393.728 10316 24531 24581 V AconfigFlags: Read Aconfig default flag value android.view.flags.scroll_feedback_api = true
1788779393.728 10316 24531 24581 V AconfigFlags: Read Aconfig default flag value android.view.flags.sensitive_content_app_protection = true
1788779393.728 10316 24531 24581 V AconfigFlags: Read Aconfig default flag value android.view.flags.sensitive_content_app_protection_api = true
1788779393.728 10316 24531 24581 V AconfigFlags: Read Aconfig default flag value android.view.flags.sensitive_content_premature_protection_removed_fix = true
1788779393.728 10316 24531 24581 V AconfigFlags: Read Aconfig default flag value android.view.flags.set_frame_rate_callback = false
1788779393.728 10316 24531 24581 V AconfigFlags: Read Aconfig default flag value android.view.flags.toolkit_frame_rate_by_size_read_only = false
1788779393.728 10316 24531 24581 V AconfigFlags: Read Aconfig default flag value android.view.flags.toolkit_frame_rate_default_normal_read_only = false
1788779393.728 10316 24531 24581 V AconfigFlags: Read Aconfig default flag value android.view.flags.toolkit_frame_rate_function_enabling_read_only = false
1788779393.728 10316 24531 24581 V AconfigFlags: Read Aconfig default flag value android.view.flags.toolkit_frame_rate_small_uses_percent_read_only = false
1788779393.728 10316 24531 24581 V AconfigFlags: Read Aconfig default flag value android.view.flags.toolkit_frame_rate_typing_read_only = false
1788779393.728 10316 24531 24581 V AconfigFlags: Read Aconfig default flag value android.view.flags.toolkit_frame_rate_velocity_mapping_read_only = false
1788779393.728 10316 24531 24581 V AconfigFlags: Read Aconfig default flag value android.view.flags.toolkit_frame_rate_view_enabling_read_only = false
1788779393.728 10316 24531 24581 V AconfigFlags: Read Aconfig default flag value android.view.flags.toolkit_metrics_for_frame_rate_decision = false
1788779393.728 10316 24531 24581 V AconfigFlags: Read Aconfig default flag value android.view.flags.toolkit_set_frame_rate = false
1788779393.728 10316 24531 24581 V AconfigFlags: Read Aconfig default flag value android.view.flags.toolkit_set_frame_rate_read_only = true
1788779393.728 10316 24531 24581 V AconfigFlags: Read Aconfig default flag value android.view.flags.use_view_based_rotary_encoder_scroll_haptics = true
1788779393.728 10316 24531 24581 V AconfigFlags: Read Aconfig default flag value android.view.flags.view_velocity_api = true
1788779393.728 10316 24531 24581 V AconfigFlags: Read Aconfig default flag value android.view.inputmethod.compatchange_for_zerojankproxy = true
1788779393.728 10316 24531 24581 V AconfigFlags: Read Aconfig default flag value android.view.inputmethod.concurrent_input_methods = false
1788779393.728 10316 24531 24581 V AconfigFlags: Read Aconfig default flag value android.view.inputmethod.connectionless_handwriting = true
1788779393.728 10316 24531 24581 V AconfigFlags: Read Aconfig default flag value android.view.inputmethod.ctrl_shift_shortcut = false
1788779393.728 10316 24531 24581 V AconfigFlags: Read Aconfig default flag value android.view.inputmethod.defer_show_soft_input_until_session_creation = true
1788779393.728 10316 24531 24581 V AconfigFlags: Read Aconfig default flag value android.view.inputmethod.editorinfo_handwriting_enabled = true
1788779393.728 10316 24531 24581 V AconfigFlags: Read Aconfig default flag value android.view.inputmethod.home_screen_handwriting_delegator = true
1788779393.728 10316 24531 24581 V AconfigFlags: Read Aconfig default flag value android.view.inputmethod.ime_switcher_revamp = false
1788779393.729 10316 24531 24581 V AconfigFlags: Read Aconfig default flag value android.view.inputmethod.imm_userhandle_hostsidetests = false
1788779393.729 10316 24531 24581 V AconfigFlags: Read Aconfig default flag value android.view.inputmethod.initiation_without_input_connection = true
1788779393.729 10316 24531 24581 V AconfigFlags: Read Aconfig default flag value android.view.inputmethod.predictive_back_ime = false
1788779393.729 10316 24531 24581 V AconfigFlags: Read Aconfig default flag value android.view.inputmethod.refactor_insets_controller = false
1788779393.729 10316 24531 24581 V AconfigFlags: Read Aconfig default flag value android.view.inputmethod.use_handwriting_listener_for_tooltype = true
1788779393.729 10316 24531 24581 V AconfigFlags: Read Aconfig default flag value android.view.inputmethod.use_input_method_info_safe_list = true
1788779393.729 10316 24531 24581 V AconfigFlags: Read Aconfig default flag value android.view.inputmethod.use_zero_jank_proxy = true
1788779393.729 10316 24531 24581 V AconfigFlags: Read Aconfig default flag value android.webkit.update_service_ipc_wrapper = false
1788779393.729 10316 24531 24581 V AconfigFlags: Read Aconfig default flag value android.webkit.update_service_v2 = true
1788779393.729 10316 24531 24581 V AconfigFlags: Read Aconfig default flag value android.widget.flags.big_picture_style_discard_empty_icon_bitmap_drawables = true
1788779393.729 10316 24531 24581 V AconfigFlags: Read Aconfig default flag value android.widget.flags.call_style_set_data_async = true
1788779393.729 10316 24531 24581 V AconfigFlags: Read Aconfig default flag value android.widget.flags.conversation_style_set_avatar_async = true
1788779393.729 10316 24531 24581 V AconfigFlags: Read Aconfig default flag value android.widget.flags.enable_platform_widget_differential_motion_fling = true
1788779393.729 10316 24531 24581 V AconfigFlags: Read Aconfig default flag value android.widget.flags.messaging_child_request_layout = false
1788779393.729 10316 24531 24581 V AconfigFlags: Read Aconfig default flag value android.widget.flags.notif_linearlayout_optimized = true
1788779393.729 10316 24531 24581 V AconfigFlags: Read Aconfig default flag value android.widget.flags.toast_no_weakref = true
1788779393.729 10316 24531 24581 V AconfigFlags: Read Aconfig default flag value com.android.aconfig_new_storage.enable_aconfig_storage_daemon = false
1788779393.729 10316 24531 24581 V AconfigFlags: Read Aconfig default flag value com.android.deviceaswebcam.flags.high_quality_toggle = true
1788779393.729 10316 24531 24581 V AconfigFlags: Read Aconfig default flag value com.android.egg.flags.flag_flag = true
1788779393.729 10316 24531 24581 V AconfigFlags: Read Aconfig default flag value com.android.frameworks.sensorservice.flags.dynamic_sensor_hal_reconnect_handling = true
1788779393.729 10316 24531 24581 V AconfigFlags: Read Aconfig default flag value com.android.frameworks.sensorservice.flags.sensor_device_on_dynamic_sensor_disconnected = false
1788779393.729 10316 24531 24581 V AconfigFlags: Read Aconfig default flag value com.android.frameworks.sensorservice.flags.sensor_event_connection_send_event_require_nonnull_scratch = false
1788779393.729 10316 24531 24581 V AconfigFlags: Read Aconfig default flag value com.android.frameworks.sensorservice.flags.sensor_service_clear_dynamic_sensor_data_at_the_end = false
1788779393.729 10316 24531 24581 V AconfigFlags: Read Aconfig default flag value com.android.graphics.flags.exact_compute_bounds = false
1788779393.729 10316 24531 24581 V AconfigFlags: Read Aconfig default flag value com.android.graphics.flags.icon_load_drawable_return_null_when_uri_decode_fails = false
1788779393.729 10316 24531 24581 V AconfigFlags: Read Aconfig default flag value com.android.graphics.flags.ok_lab_colorspace = false
1788779393.729 10316 24531 24581 V AconfigFlags: Read Aconfig default flag value com.android.graphics.flags.yuv_image_compress_to_ultra_hdr = false
1788779393.729 10316 24531 24581 V AconfigFlags: Read Aconfig default flag value com.android.graphics.hwui.flags.animate_hdr_transitions = true
1788779393.729 10316 24531 24581 V AconfigFlags: Read Aconfig default flag value com.android.graphics.hwui.flags.clip_shader = true
1788779393.729 10316 24531 24581 V AconfigFlags: Read Aconfig default flag value com.android.graphics.hwui.flags.clip_surfaceviews = false
1788779393.729 10316 24531 24581 V AconfigFlags: Read Aconfig default flag value com.android.graphics.hwui.flags.draw_region = false
1788779393.729 10316 24531 24581 V AconfigFlags: Read Aconfig default flag value com.android.graphics.hwui.flags.gainmap_animations = true
1788779393.729 10316 24531 24581 V AconfigFlags: Read Aconfig default flag value com.android.graphics.hwui.flags.gainmap_constructor_with_metadata = true
1788779393.729 10316 24531 24581 V AconfigFlags: Read Aconfig default flag value com.android.graphics.hwui.flags.hdr_10bit_plus = false
1788779393.729 10316 24531 24581 V AconfigFlags: Read Aconfig default flag value com.android.graphics.hwui.flags.high_contrast_text_luminance = true
1788779393.729 10316 24531 24581 V AconfigFlags: Read Aconfig default flag value com.android.graphics.hwui.flags.high_contrast_text_small_text_rect = false
1788779393.730 10316 24531 24581 V AconfigFlags: Read Aconfig default flag value com.android.graphics.hwui.flags.initialize_gl_always = false
1788779393.730 10316 24531 24581 V AconfigFlags: Read Aconfig default flag value com.android.graphics.hwui.flags.limited_hdr = true
1788779393.730 10316 24531 24581 V AconfigFlags: Read Aconfig default flag value com.android.graphics.hwui.flags.matrix_44 = true
1788779393.730 10316 24531 24581 V AconfigFlags: Read Aconfig default flag value com.android.graphics.hwui.flags.requested_formats_v = true
1788779393.730 10316 24531 24581 V AconfigFlags: Read Aconfig default flag value com.android.graphics.libgui.flags.bq_extendedallocate = false
1788779393.730 10316 24531 24581 V AconfigFlags: Read Aconfig default flag value com.android.graphics.libgui.flags.bq_setframerate = true
1788779393.730 10316 24531 24581 V AconfigFlags: Read Aconfig default flag value com.android.graphics.libgui.flags.frametimestamps_previousrelease = true
1788779393.730 10316 24531 24581 V AconfigFlags: Read Aconfig default flag value com.android.graphics.libgui.flags.trace_frame_rate_override = false
1788779393.730 10316 24531 24581 V AconfigFlags: Read Aconfig default flag value com.android.graphics.surfaceflinger.flags.add_sf_skipped_frames_to_trace = true
1788779393.730 10316 24531 24581 V AconfigFlags: Read Aconfig default flag value com.android.graphics.surfaceflinger.flags.adpf_gpu_sf = true
1788779393.730 10316 24531 24581 V AconfigFlags: Read Aconfig default flag value com.android.graphics.surfaceflinger.flags.allow_n_vsyncs_in_targeter = false
1788779393.730 10316 24531 24581 V AconfigFlags: Read Aconfig default flag value com.android.graphics.surfaceflinger.flags.cache_when_source_crop_layer_only_moved = false
1788779393.730 10316 24531 24581 V AconfigFlags: Read Aconfig default flag value com.android.graphics.surfaceflinger.flags.ce_fence_promise = true
1788779393.730 10316 24531 24581 V AconfigFlags: Read Aconfig default flag value com.android.graphics.surfaceflinger.flags.commit_not_composited = false
1788779393.730 10316 24531 24581 V AconfigFlags: Read Aconfig default flag value com.android.graphics.surfaceflinger.flags.connected_display = true
1788779393.730 10316 24531 24581 V AconfigFlags: Read Aconfig default flag value com.android.graphics.surfaceflinger.flags.deprecate_vsync_sf = false
1788779393.730 10316 24531 24581 V AconfigFlags: Read Aconfig default flag value com.android.graphics.surfaceflinger.flags.detached_mirror = true
1788779393.730 10316 24531 24581 V AconfigFlags: Read Aconfig default flag value com.android.graphics.surfaceflinger.flags.display_protected = true
1788779393.730 10316 24531 24581 V AconfigFlags: Read Aconfig default flag value com.android.graphics.surfaceflinger.flags.dont_skip_on_early_ro = true
1788779393.730 10316 24531 24581 V AconfigFlags: Read Aconfig default flag value com.android.graphics.surfaceflinger.flags.enable_fro_dependent_features = true
1788779393.730 10316 24531 24581 V AconfigFlags: Read Aconfig default flag value com.android.graphics.surfaceflinger.flags.enable_layer_command_batching = true
1788779393.730 10316 24531 24581 V AconfigFlags: Read Aconfig default flag value com.android.graphics.surfaceflinger.flags.enable_small_area_detection = true
1788779393.730 10316 24531 24581 V AconfigFlags: Read Aconfig default flag value com.android.graphics.surfaceflinger.flags.flush_buffer_slots_to_uncache = false
1788779393.730 10316 24531 24581 V AconfigFlags: Read Aconfig default flag value com.android.graphics.surfaceflinger.flags.force_compile_graphite_renderengine = false
1788779393.730 10316 24531 24581 V AconfigFlags: Read Aconfig default flag value com.android.graphics.surfaceflinger.flags.fp16_client_target = false
1788779393.730 10316 24531 24581 V AconfigFlags: Read Aconfig default flag value com.android.graphics.surfaceflinger.flags.frame_rate_category_mrr = false
1788779393.730 10316 24531 24581 V AconfigFlags: Read Aconfig default flag value com.android.graphics.surfaceflinger.flags.game_default_frame_rate = true
1788779393.730 10316 24531 24581 V AconfigFlags: Read Aconfig default flag value com.android.graphics.surfaceflinger.flags.graphite_renderengine = false
1788779393.731 10316 24531 24581 V AconfigFlags: Read Aconfig default flag value com.android.graphics.surfaceflinger.flags.hdcp_level_hal = false
1788779393.731 10316 24531 24581 V AconfigFlags: Read Aconfig default flag value com.android.graphics.surfaceflinger.flags.hotplug2 = true
1788779393.731 10316 24531 24581 V AconfigFlags: Read Aconfig default flag value com.android.graphics.surfaceflinger.flags.latch_unsignaled_with_auto_refresh_changed = true
1788779393.731 10316 24531 24581 V AconfigFlags: Read Aconfig default flag value com.android.graphics.surfaceflinger.flags.local_tonemap_screenshots = false
1788779393.731 10316 24531 24581 V AconfigFlags: Read Aconfig default flag value com.android.graphics.surfaceflinger.flags.misc1 = true
1788779393.731 10316 24531 24581 V AconfigFlags: Read Aconfig default flag value com.android.graphics.surfaceflinger.flags.multithreaded_present = true
1788779393.731 10316 24531 24581 V AconfigFlags: Read Aconfig default flag value com.android.graphics.surfaceflinger.flags.override_trusted_overlay = true
1788779393.731 10316 24531 24581 V AconfigFlags: Read Aconfig default flag value com.android.graphics.surfaceflinger.flags.protected_if_client = true
1788779393.731 10316 24531 24581 V AconfigFlags: Read Aconfig default flag value com.android.graphics.surfaceflinger.flags.refresh_rate_overlay_on_external_display = false
1788779393.731 10316 24531 24581 V AconfigFlags: Read Aconfig default flag value com.android.graphics.surfaceflinger.flags.renderable_buffer_usage = false
1788779393.731 10316 24531 24581 V AconfigFlags: Read Aconfig default flag value com.android.graphics.surfaceflinger.flags.restore_blur_step = true
1788779393.731 10316 24531 24581 V AconfigFlags: Read Aconfig default flag value com.android.graphics.surfaceflinger.flags.screenshot_fence_preservation = true
1788779393.731 10316 24531 24581 V AconfigFlags: Read Aconfig default flag value com.android.graphics.surfaceflinger.flags.single_hop_screenshot = true
1788779393.731 10316 24531 24581 V AconfigFlags: Read Aconfig default flag value com.android.graphics.surfaceflinger.flags.use_known_refresh_rate_for_fps_consistency = false
1788779393.731 10316 24531 24581 V AconfigFlags: Read Aconfig default flag value com.android.graphics.surfaceflinger.flags.vrr_bugfix_24q4 = false
1788779393.731 10316 24531 24581 V AconfigFlags: Read Aconfig default flag value com.android.graphics.surfaceflinger.flags.vrr_config = true
1788779393.731 10316 24531 24581 V AconfigFlags: Read Aconfig default flag value com.android.graphics.surfaceflinger.flags.vulkan_renderengine = false
1788779393.731 10316 24531 24581 V AconfigFlags: Read Aconfig default flag value com.android.hardware.input.emoji_and_screenshot_keycodes_available = true
1788779393.731 10316 24531 24581 V AconfigFlags: Read Aconfig default flag value com.android.hardware.input.keyboard_a11y_bounce_keys_flag = true
1788779393.731 10316 24531 24581 V AconfigFlags: Read Aconfig default flag value com.android.hardware.input.keyboard_a11y_slow_keys_flag = true
1788779393.731 10316 24531 24581 V AconfigFlags: Read Aconfig default flag value com.android.hardware.input.keyboard_a11y_sticky_keys_flag = true
1788779393.731 10316 24531 24581 V AconfigFlags: Read Aconfig default flag value com.android.hardware.input.keyboard_layout_preview_flag = true
1788779393.731 10316 24531 24581 V AconfigFlags: Read Aconfig default flag value com.android.hardware.input.pointer_coords_is_resampled_api = true
1788779393.731 10316 24531 24581 V AconfigFlags: Read Aconfig default flag value com.android.hardware.input.touchpad_tap_dragging = true
1788779393.731 10316 24531 24581 V AconfigFlags: Read Aconfig default flag value com.android.hardware.libsensor.flags.sensor_event_queue_report_sensor_usage_in_tracing = false
1788779393.731 10316 24531 24581 V AconfigFlags: Read Aconfig default flag value com.android.hardware.libsensor.flags.sensormanager_ping_binder = true
1788779393.731 10316 24531 24581 V AconfigFlags: Read Aconfig default flag value com.android.icu.icu74 = false
1788779393.731 10316 24531 24581 V AconfigFlags: Read Aconfig default flag value com.android.icu.icu_v_api = true
1788779393.731 10316 24531 24581 V AconfigFlags: Read Aconfig default flag value com.android.input.flags.a11y_crash_on_inconsistent_event_stream = false
1788779393.731 10316 24531 24581 V AconfigFlags: Read Aconfig default flag value com.android.input.flags.device_associations = false
1788779393.731 10316 24531 24581 V AconfigFlags: Read Aconfig default flag value com.android.input.flags.disable_reject_touch_on_stylus_hover = false
1788779393.731 10316 24531 24581 V AconfigFlags: Read Aconfig default flag value com.android.input.flags.enable_gestures_library_timer_provider = true
1788779393.731 10316 24531 24581 V AconfigFlags: Read Aconfig default flag value com.android.input.flags.enable_inbound_event_verification = false
1788779393.731 10316 24531 24581 V AconfigFlags: Read Aconfig default flag value com.android.input.flags.enable_input_event_tracing = true
1788779393.731 10316 24531 24581 V AconfigFlags: Read Aconfig default flag value com.android.input.flags.enable_input_filter_rust_impl = true
1788779393.732 10316 24531 24581 V AconfigFlags: Read Aconfig default flag value com.android.input.flags.enable_keyboard_classifier = false
1788779393.732 10316 24531 24581 V AconfigFlags: Read Aconfig default flag value com.android.input.flags.enable_multi_device_input = true
1788779393.732 10316 24531 24581 V AconfigFlags: Read Aconfig default flag value com.android.input.flags.enable_multi_device_same_window_stream = false
1788779393.732 10316 24531 24581 V AconfigFlags: Read Aconfig default flag value com.android.input.flags.enable_new_mouse_pointer_ballistics = true
1788779393.732 10316 24531 24581 V AconfigFlags: Read Aconfig default flag value com.android.input.flags.enable_outbound_event_verification = false
1788779393.732 10316 24531 24581 V AconfigFlags: Read Aconfig default flag value com.android.input.flags.enable_prediction_pruning_via_jerk_thresholding = true
1788779393.732 10316 24531 24581 V AconfigFlags: Read Aconfig default flag value com.android.input.flags.enable_touchpad_fling_stop = false
1788779393.732 10316 24531 24581 V AconfigFlags: Read Aconfig default flag value com.android.input.flags.enable_touchpad_typing_palm_rejection = true
1788779393.732 10316 24531 24581 V AconfigFlags: Read Aconfig default flag value com.android.input.flags.enable_v2_touchpad_typing_palm_rejection = false
1788779393.732 10316 24531 24581 V AconfigFlags: Read Aconfig default flag value com.android.input.flags.hide_pointer_indicators_for_secure_windows = false
1788779393.732 10316 24531 24581 V AconfigFlags: Read Aconfig default flag value com.android.input.flags.input_device_view_behavior_api = true
1788779393.732 10316 24531 24581 V AconfigFlags: Read Aconfig default flag value com.android.input.flags.override_key_behavior_permission_apis = true
1788779393.732 10316 24531 24581 V AconfigFlags: Read Aconfig default flag value com.android.input.flags.rate_limit_user_activity_poke_in_dispatcher = false
1788779393.732 10316 24531 24581 V AconfigFlags: Read Aconfig default flag value com.android.input.flags.remove_pointer_event_tracking_in_wm = true
1788779393.732 10316 24531 24581 V AconfigFlags: Read Aconfig default flag value com.android.input.flags.report_palms_to_gestures_library = false
1788779393.732 10316 24531 24581 V AconfigFlags: Read Aconfig default flag value com.android.internal.camera.flags.analytics_24q3 = true
1788779393.732 10316 24531 24581 V AconfigFlags: Read Aconfig default flag value com.android.internal.camera.flags.cache_permission_services = true
1788779393.732 10316 24531 24581 V AconfigFlags: Read Aconfig default flag value com.android.internal.camera.flags.calculate_perf_override_during_session_support = true
1788779393.732 10316 24531 24581 V AconfigFlags: Read Aconfig default flag value com.android.internal.camera.flags.camera_ae_mode_low_light_boost = true
1788779393.732 10316 24531 24581 V AconfigFlags: Read Aconfig default flag value com.android.internal.camera.flags.camera_device_setup = true
1788779393.732 10316 24531 24581 V AconfigFlags: Read Aconfig default flag value com.android.internal.camera.flags.camera_extensions_characteristics_get = true
1788779393.732 10316 24531 24581 V AconfigFlags: Read Aconfig default flag value com.android.internal.camera.flags.camera_hsum_permission = true
1788779393.732 10316 24531 24581 V AconfigFlags: Read Aconfig default flag value com.android.internal.camera.flags.camera_manual_flash_strength_control = true
1788779393.732 10316 24531 24581 V AconfigFlags: Read Aconfig default flag value com.android.internal.camera.flags.camera_privacy_allowlist = true
1788779393.732 10316 24531 24581 V AconfigFlags: Read Aconfig default flag value com.android.internal.camera.flags.check_session_support_before_session_char = true
1788779393.732 10316 24531 24581 V AconfigFlags: Read Aconfig default flag value com.android.internal.camera.flags.concert_mode = true
1788779393.732 10316 24531 24581 V AconfigFlags: Read Aconfig default flag value com.android.internal.camera.flags.concert_mode_api = false
1788779393.732 10316 24531 24581 V AconfigFlags: Read Aconfig default flag value com.android.internal.camera.flags.delay_lazy_hal_instantiation = true
1788779393.732 10316 24531 24581 V AconfigFlags: Read Aconfig default flag value com.android.internal.camera.flags.extension_10_bit = true
1788779393.732 10316 24531 24581 V AconfigFlags: Read Aconfig default flag value com.android.internal.camera.flags.feature_combination_query = true
1788779393.732 10316 24531 24581 V AconfigFlags: Read Aconfig default flag value com.android.internal.camera.flags.inject_session_params = true
1788779393.732 10316 24531 24581 V AconfigFlags: Read Aconfig default flag value com.android.internal.camera.flags.lazy_aidl_wait_for_service = true
1788779393.732 10316 24531 24581 V AconfigFlags: Read Aconfig default flag value com.android.internal.camera.flags.log_ultrawide_usage = true
1788779393.732 10316 24531 24581 V AconfigFlags: Read Aconfig default flag value com.android.internal.camera.flags.log_zoom_override_usage = true
1788779393.732 10316 24531 24581 V AconfigFlags: Read Aconfig default flag value com.android.internal.camera.flags.multi_res_raw_reprocessing = false
1788779393.733 10316 24531 24581 V AconfigFlags: Read Aconfig default flag value com.android.internal.camera.flags.multiresolution_imagereader_usage_config = true
1788779393.733 10316 24531 24581 V AconfigFlags: Read Aconfig default flag value com.android.internal.camera.flags.realtime_priority_bump = true
1788779393.733 10316 24531 24581 V AconfigFlags: Read Aconfig default flag value com.android.internal.camera.flags.return_buffers_outside_locks = true
1788779393.733 10316 24531 24581 V AconfigFlags: Read Aconfig default flag value com.android.internal.camera.flags.session_hal_buf_manager = false
1788779393.733 10316 24531 24581 V AconfigFlags: Read Aconfig default flag value com.android.internal.camera.flags.single_thread_executor = true
1788779393.733 10316 24531 24581 V AconfigFlags: Read Aconfig default flag value com.android.internal.camera.flags.surface_ipc = true
1788779393.733 10316 24531 24581 V AconfigFlags: Read Aconfig default flag value com.android.internal.camera.flags.surface_leak_fix = true
1788779393.733 10316 24531 24581 V AconfigFlags: Read Aconfig default flag value com.android.internal.camera.flags.use_ro_board_api_level_for_vndk_version = true
1788779393.733 10316 24531 24581 V AconfigFlags: Read Aconfig default flag value com.android.internal.camera.flags.use_system_api_for_vndk_version = true
1788779393.733 10316 24531 24581 V AconfigFlags: Read Aconfig default flag value com.android.internal.camera.flags.watch_foreground_changes = true
1788779393.733 10316 24531 24581 V AconfigFlags: Read Aconfig default flag value com.android.internal.compat.flags.skip_old_and_disabled_compat_logging = true
1788779393.733 10316 24531 24581 V AconfigFlags: Read Aconfig default flag value com.android.internal.foldables.flags.fold_grace_period_enabled = true
1788779393.733 10316 24531 24581 V AconfigFlags: Read Aconfig default flag value com.android.internal.foldables.flags.fold_lock_setting_enabled = true
1788779393.733 10316 24531 24581 V AconfigFlags: Read Aconfig default flag value com.android.internal.os.enable_apache_http_legacy_preload = true
1788779393.733 10316 24531 24581 V AconfigFlags: Read Aconfig default flag value com.android.internal.pm.pkg.component.flags.enable_per_process_use_embedded_dex_attr = true
1788779393.733 10316 24531 24581 V AconfigFlags: Read Aconfig default flag value com.android.internal.telephony.flags.add_anomaly_when_notify_config_changed_with_invalid_phone = true
1788779393.733 10316 24531 24581 V AconfigFlags: Read Aconfig default flag value com.android.internal.telephony.flags.add_rat_related_suggested_action_to_ims_registration = false
1788779393.733 10316 24531 24581 V AconfigFlags: Read Aconfig default flag value com.android.internal.telephony.flags.allow_mmtel_in_non_vops = true
1788779393.733 10316 24531 24581 V AconfigFlags: Read Aconfig default flag value com.android.internal.telephony.flags.answer_audio_only_when_answering_via_mmi_code = true
1788779393.733 10316 24531 24581 V AconfigFlags: Read Aconfig default flag value com.android.internal.telephony.flags.ap_domain_selection_enabled = false
1788779393.733 10316 24531 24581 V AconfigFlags: Read Aconfig default flag value com.android.internal.telephony.flags.apn_setting_field_support_flag = true
1788779393.733 10316 24531 24581 V AconfigFlags: Read Aconfig default flag value com.android.internal.telephony.flags.auto_data_switch_allow_roaming = true
1788779393.733 10316 24531 24581 V AconfigFlags: Read Aconfig default flag value com.android.internal.telephony.flags.auto_data_switch_uses_data_enabled = true
1788779393.733 10316 24531 24581 V AconfigFlags: Read Aconfig default flag value com.android.internal.telephony.flags.backup_and_restore_for_enable_2g = true
1788779393.733 10316 24531 24581 V AconfigFlags: Read Aconfig default flag value com.android.internal.telephony.flags.call_extra_for_non_hold_supported_carriers = true
1788779393.733 10316 24531 24581 V AconfigFlags: Read Aconfig default flag value com.android.internal.telephony.flags.carrier_enabled_satellite_flag = true
1788779393.733 10316 24531 24581 V AconfigFlags: Read Aconfig default flag value com.android.internal.telephony.flags.carrier_restriction_rules_enhancement = true
1788779393.733 10316 24531 24581 V AconfigFlags: Read Aconfig default flag value com.android.internal.telephony.flags.carrier_restriction_status = false
1788779393.733 10316 24531 24581 V AconfigFlags: Read Aconfig default flag value com.android.internal.telephony.flags.change_method_of_obtaining_ims_registration_radio_tech = true
1788779393.733 10316 24531 24581 V AconfigFlags: Read Aconfig default flag value com.android.internal.telephony.flags.cleanup_open_logical_channel_record_on_dispose = true
1788779393.733 10316 24531 24581 V AconfigFlags: Read Aconfig default flag value com.android.internal.telephony.flags.clear_cached_ims_phone_number_when_device_lost_ims_registration = false
1788779393.733 10316 24531 24581 V AconfigFlags: Read Aconfig default flag value com.android.internal.telephony.flags.combine_ril_death_handle = true
1788779393.733 10316 24531 24581 V AconfigFlags: Read Aconfig default flag value com.android.internal.telephony.flags.conference_hold_unhold_changed_to_send_message = true
1788779393.733 10316 24531 24581 V AconfigFlags: Read Aconfig default flag value com.android.internal.telephony.flags.data_call_session_stats_captures_cross_sim_calling = true
1788779393.733 10316 24531 24581 V AconfigFlags: Read Aconfig default flag value com.android.internal.telephony.flags.data_only_cellular_service = true
1788779393.734 10316 24531 24581 V AconfigFlags: Read Aconfig default flag value com.android.internal.telephony.flags.data_only_service_allow_emergency_call_only = true
1788779393.734 10316 24531 24581 V AconfigFlags: Read Aconfig default flag value com.android.internal.telephony.flags.data_rat_metric_enabled = true
1788779393.734 10316 24531 24581 V AconfigFlags: Read Aconfig default flag value com.android.internal.telephony.flags.dismiss_network_selection_notification_on_sim_disable = true
1788779393.734 10316 24531 24581 V AconfigFlags: Read Aconfig default flag value com.android.internal.telephony.flags.do_not_override_precise_label = true
1788779393.734 10316 24531 24581 V AconfigFlags: Read Aconfig default flag value com.android.internal.telephony.flags.domain_selection_metrics_enabled = false
1788779393.734 10316 24531 24581 V AconfigFlags: Read Aconfig default flag value com.android.internal.telephony.flags.dsrs_diagnostics_enabled = true
1788779393.734 10316 24531 24581 V AconfigFlags: Read Aconfig default flag value com.android.internal.telephony.flags.emergency_registration_state = false
1788779393.734 10316 24531 24581 V AconfigFlags: Read Aconfig default flag value com.android.internal.telephony.flags.enable_aead_algorithms = true
1788779393.734 10316 24531 24581 V AconfigFlags: Read Aconfig default flag value com.android.internal.telephony.flags.enable_carrier_config_n1_control_attempt2 = false
1788779393.734 10316 24531 24581 V AconfigFlags: Read Aconfig default flag value com.android.internal.telephony.flags.enable_identifier_disclosure_transparency = true
1788779393.734 10316 24531 24581 V AconfigFlags: Read Aconfig default flag value com.android.internal.telephony.flags.enable_identifier_disclosure_transparency_unsol_events = true
1788779393.734 10316 24531 24581 V AconfigFlags: Read Aconfig default flag value com.android.internal.telephony.flags.enable_modem_cipher_transparency = true
1788779393.734 10316 24531 24581 V AconfigFlags: Read Aconfig default flag value com.android.internal.telephony.flags.enable_modem_cipher_transparency_unsol_events = true
1788779393.734 10316 24531 24581 V AconfigFlags: Read Aconfig default flag value com.android.internal.telephony.flags.enable_multiple_sa_proposals = true
1788779393.734 10316 24531 24581 V AconfigFlags: Read Aconfig default flag value com.android.internal.telephony.flags.enable_sip_subscribe_retry = true
1788779393.734 10316 24531 24581 V AconfigFlags: Read Aconfig default flag value com.android.internal.telephony.flags.enable_telephony_analytics = true
1788779393.734 10316 24531 24581 V AconfigFlags: Read Aconfig default flag value com.android.internal.telephony.flags.enable_wps_check_api_flag = true
1788779393.734 10316 24531 24581 V AconfigFlags: Read Aconfig default flag value com.android.internal.telephony.flags.enforce_subscription_user_filter = false
1788779393.734 10316 24531 24581 V AconfigFlags: Read Aconfig default flag value com.android.internal.telephony.flags.enforce_telephony_feature_mapping = true
1788779393.734 10316 24531 24581 V AconfigFlags: Read Aconfig default flag value com.android.internal.telephony.flags.enforce_telephony_feature_mapping_for_public_apis = false
1788779393.734 10316 24531 24581 V AconfigFlags: Read Aconfig default flag value com.android.internal.telephony.flags.ensure_access_to_call_settings_is_restricted = false
1788779393.734 10316 24531 24581 V AconfigFlags: Read Aconfig default flag value com.android.internal.telephony.flags.esim_available_memory = true
1788779393.734 10316 24531 24581 V AconfigFlags: Read Aconfig default flag value com.android.internal.telephony.flags.esim_bootstrap_provisioning_flag = true
1788779393.734 10316 24531 24581 V AconfigFlags: Read Aconfig default flag value com.android.internal.telephony.flags.fix_crash_on_getting_config_when_phone_is_gone = true
1788779393.734 10316 24531 24581 V AconfigFlags: Read Aconfig default flag value com.android.internal.telephony.flags.force_iwlan_mms = true
1788779393.734 10316 24531 24581 V AconfigFlags: Read Aconfig default flag value com.android.internal.telephony.flags.hide_prefer_3g_item = true
1788779393.734 10316 24531 24581 V AconfigFlags: Read Aconfig default flag value com.android.internal.telephony.flags.hide_preinstalled_carrier_app_at_most_once = true
1788779393.734 10316 24531 24581 V AconfigFlags: Read Aconfig default flag value com.android.internal.telephony.flags.hide_roaming_icon = true
1788779393.734 10316 24531 24581 V AconfigFlags: Read Aconfig default flag value com.android.internal.telephony.flags.ignore_already_terminated_incoming_call_before_registering_listener = true
1788779393.734 10316 24531 24581 V AconfigFlags: Read Aconfig default flag value com.android.internal.telephony.flags.ignore_existing_networks_for_internet_allowed_checking = true
1788779393.734 10316 24531 24581 V AconfigFlags: Read Aconfig default flag value com.android.internal.telephony.flags.imsi_key_retry_download_on_phone_unlock = true
1788779393.735 10316 24531 24581 V AconfigFlags: Read Aconfig default flag value com.android.internal.telephony.flags.keep_empty_requests_network = true
1788779393.735 10316 24531 24581 V AconfigFlags: Read Aconfig default flag value com.android.internal.telephony.flags.log_mms_sms_database_access_info = true
1788779393.735 10316 24531 24581 V AconfigFlags: Read Aconfig default flag value com.android.internal.telephony.flags.metered_embb_urlcc = true
1788779393.735 10316 24531 24581 V AconfigFlags: Read Aconfig default flag value com.android.internal.telephony.flags.minimal_telephony_cdm_check = false
1788779393.735 10316 24531 24581 V AconfigFlags: Read Aconfig default flag value com.android.internal.telephony.flags.minimal_telephony_managers_conditional_on_features = true
1788779393.735 10316 24531 24581 V AconfigFlags: Read Aconfig default flag value com.android.internal.telephony.flags.mms_disabled_error = true
1788779393.735 10316 24531 24581 V AconfigFlags: Read Aconfig default flag value com.android.internal.telephony.flags.mms_get_apn_from_pdsc = false
1788779393.735 10316 24531 24581 V AconfigFlags: Read Aconfig default flag value com.android.internal.telephony.flags.network_registration_info_reject_cause = true
1788779393.735 10316 24531 24581 V AconfigFlags: Read Aconfig default flag value com.android.internal.telephony.flags.network_validation = true
1788779393.735 10316 24531 24581 V AconfigFlags: Read Aconfig default flag value com.android.internal.telephony.flags.notify_data_activity_changed_with_slot = true
1788779393.735 10316 24531 24581 V AconfigFlags: Read Aconfig default flag value com.android.internal.telephony.flags.notify_initial_ims_provisioning_status = true
1788779393.735 10316 24531 24581 V AconfigFlags: Read Aconfig default flag value com.android.internal.telephony.flags.oem_enabled_satellite_flag = true
1788779393.735 10316 24531 24581 V AconfigFlags: Read Aconfig default flag value com.android.internal.telephony.flags.prevent_invocation_repeat_of_ril_call_when_device_does_not_support_voice = true
1788779393.735 10316 24531 24581 V AconfigFlags: Read Aconfig default flag value com.android.internal.telephony.flags.prevent_system_server_and_phone_deadlock = true
1788779393.735 10316 24531 24581 V AconfigFlags: Read Aconfig default flag value com.android.internal.telephony.flags.reconnect_qualified_network = true
1788779393.735 10316 24531 24581 V AconfigFlags: Read Aconfig default flag value com.android.internal.telephony.flags.refine_preferred_data_profile_selection = true
1788779393.735 10316 24531 24581 V AconfigFlags: Read Aconfig default flag value com.android.internal.telephony.flags.relax_ho_teardown = true
1788779393.735 10316 24531 24581 V AconfigFlags: Read Aconfig default flag value com.android.internal.telephony.flags.remove_country_code_from_local_singapore_calls = true
1788779393.735 10316 24531 24581 V AconfigFlags: Read Aconfig default flag value com.android.internal.telephony.flags.reorganize_roaming_notification = true
1788779393.735 10316 24531 24581 V AconfigFlags: Read Aconfig default flag value com.android.internal.telephony.flags.reset_mobile_network_settings = true
1788779393.735 10316 24531 24581 V AconfigFlags: Read Aconfig default flag value com.android.internal.telephony.flags.reset_primary_sim_default_values = false
1788779393.735 10316 24531 24581 V AconfigFlags: Read Aconfig default flag value com.android.internal.telephony.flags.roaming_notification_for_single_data_network = true
1788779393.735 10316 24531 24581 V AconfigFlags: Read Aconfig default flag value com.android.internal.telephony.flags.safer_get_phone_number = false
1788779393.735 10316 24531 24581 V AconfigFlags: Read Aconfig default flag value com.android.internal.telephony.flags.satellite_internet = true
1788779393.735 10316 24531 24581 V AconfigFlags: Read Aconfig default flag value com.android.internal.telephony.flags.satellite_persistent_logging = false
1788779393.735 10316 24531 24581 V AconfigFlags: Read Aconfig default flag value com.android.internal.telephony.flags.set_carrier_restriction_status = false
1788779393.735 10316 24531 24581 V AconfigFlags: Read Aconfig default flag value com.android.internal.telephony.flags.set_no_reply_timer_for_cfnry = true
1788779393.735 10316 24531 24581 V AconfigFlags: Read Aconfig default flag value com.android.internal.telephony.flags.set_number_of_sim_for_ims_enable = true
1788779393.735 10316 24531 24581 V AconfigFlags: Read Aconfig default flag value com.android.internal.telephony.flags.show_call_fail_notification_for_2g_toggle = true
1788779393.735 10316 24531 24581 V AconfigFlags: Read Aconfig default flag value com.android.internal.telephony.flags.show_call_id_and_call_waiting_in_additional_settings_menu = true
1788779393.735 10316 24531 24581 V AconfigFlags: Read Aconfig default flag value com.android.internal.telephony.flags.simultaneous_calling_indications = true
1788779393.735 10316 24531 24581 V AconfigFlags: Read Aconfig default flag value com.android.internal.telephony.flags.slicing_additional_error_codes = true
1788779393.735 10316 24531 24581 V AconfigFlags: Read Aconfig default flag value com.android.internal.telephony.flags.sms_domain_selection_enabled = true
1788779393.735 10316 24531 24581 V AconfigFlags: Read Aconfig default flag value com.android.internal.telephony.flags.stop_spamming_emergency_notification = false
1788779393.735 10316 24531 24581 V AconfigFlags: Read Aconfig default flag value com.android.internal.telephony.flags.subscription_user_association_query = false
1788779393.735 10316 24531 24581 V AconfigFlags: Read Aconfig default flag value com.android.internal.telephony.flags.support_nr_sa_rrc_idle = true
1788779393.735 10316 24531 24581 V AconfigFlags: Read Aconfig default flag value com.android.internal.telephony.flags.support_psim_to_esim_conversion = true
1788779393.736 10316 24531 24581 V AconfigFlags: Read Aconfig default flag value com.android.internal.telephony.flags.terminate_active_video_call_when_accepting_second_video_call_as_audio_only = true
1788779393.736 10316 24531 24581 V AconfigFlags: Read Aconfig default flag value com.android.internal.telephony.flags.unregister_sms_broadcast_receiver_from_cat_service = false
1788779393.736 10316 24531 24581 V AconfigFlags: Read Aconfig default flag value com.android.internal.telephony.flags.unthrottle_check_transport = true
1788779393.736 10316 24531 24581 V AconfigFlags: Read Aconfig default flag value com.android.internal.telephony.flags.update_ims_service_by_gathering_provisioning_changes = true
1788779393.736 10316 24531 24581 V AconfigFlags: Read Aconfig default flag value com.android.internal.telephony.flags.update_roaming_state_to_set_wfc_mode = true
1788779393.736 10316 24531 24581 V AconfigFlags: Read Aconfig default flag value com.android.internal.telephony.flags.use_alarm_callback = true
1788779393.736 10316 24531 24581 V AconfigFlags: Read Aconfig default flag value com.android.internal.telephony.flags.use_aosp_domain_selection_service = false
1788779393.736 10316 24531 24531 I Unique  : 2026-09-07 18:09:53.733 I HOOK SERVICE_HOOKED service=appops cache=true singletons=0 managers=2 bound=appOpIdentity matched=appOpIdentity=checkAudioOperation+checkOperation+checkOperationForDevice+checkOperationRaw+checkOperationRawForDevice+checkPackage+collectNoteOpCallsForValidation+extractAsyncOps+finishOperation+finishOperationForDevice+getHistoricalOps+getHistoricalOpsFromDiskRaw+getOpsForPackage+getPackagesForOpsForDevice+isOperationActive+isProxying+noteOperation+noteOperationForDevice+noteProxyOperation+notePr
1788779393.736 10316 24531 24581 V AconfigFlags: Read Aconfig default flag value com.android.internal.telephony.flags.use_oem_domain_selection_service = true
1788779393.736 10316 24531 24581 V AconfigFlags: Read Aconfig default flag value com.android.internal.telephony.flags.use_relaxed_id_match = true
1788779393.736 10316 24531 24581 V AconfigFlags: Read Aconfig default flag value com.android.internal.telephony.flags.vonr_enabled_metric = true
1788779393.736 10316 24531 24581 V AconfigFlags: Read Aconfig default flag value com.android.internal.telephony.flags.work_profile_api_split = false
1788779393.736 10316 24531 24581 V AconfigFlags: Read Aconfig default flag value com.android.managedprovisioning.flags.is_cosmic_ray_enabled = false
1788779393.736 10316 24531 24581 V AconfigFlags: Read Aconfig default flag value com.android.media.aaudio.sample_rate_conversion = true
1788779393.736 10316 24531 24581 V AconfigFlags: Read Aconfig default flag value com.android.media.aaudio.start_stop_client_from_command_thread = false
1788779393.736 10316 24531 24581 V AconfigFlags: Read Aconfig default flag value com.android.media.audio.abs_volume_index_fix = false
1788779393.736 10316 24531 24581 V AconfigFlags: Read Aconfig default flag value com.android.media.audio.alarm_min_volume_zero = true
1788779393.736 10316 24531 24581 V AconfigFlags: Read Aconfig default flag value com.android.media.audio.as_device_connection_failure = false
1788779393.736 10316 24531 24581 V AconfigFlags: Read Aconfig default flag value com.android.media.audio.audioserver_permissions = false
1788779393.736 10316 24531 24581 V AconfigFlags: Read Aconfig default flag value com.android.media.audio.bluetooth_mac_address_anonymization = true
1788779393.736 10316 24531 24581 V AconfigFlags: Read Aconfig default flag value com.android.media.audio.disable_prescale_absolute_volume = true
1788779393.736 10316 24531 24581 V AconfigFlags: Read Aconfig default flag value com.android.media.audio.dsa_over_bt_le_audio = true
1788779393.736 10316 24531 24581 V AconfigFlags: Read Aconfig default flag value com.android.media.audio.music_fx_edge_to_edge = true
1788779393.736 10316 24531 24581 V AconfigFlags: Read Aconfig default flag value com.android.media.audio.port_to_piid_simplification = false
1788779393.736 10316 24531 24581 V AconfigFlags: Read Aconfig default flag value com.android.media.audio.replace_stream_bt_sco = false
1788779393.736 10316 24531 24581 V AconfigFlags: Read Aconfig default flag value com.android.media.audio.ringer_mode_affects_alarm = true
1788779393.736 10316 24531 24581 V AconfigFlags: Read Aconfig default flag value com.android.media.audio.set_stream_volume_order = true
1788779393.736 10316 24531 24581 V AconfigFlags: Read Aconfig default flag value com.android.media.audio.spatializer_offload = false
1788779393.736 10316 24531 24581 V AconfigFlags: Read Aconfig default flag value com.android.media.audio.spatializer_upmix = false
1788779393.736 10316 24531 24581 V AconfigFlags: Read Aconfig default flag value com.android.media.audio.stereo_spatialization = false
1788779393.736 10316 24531 24581 V AconfigFlags: Read Aconfig default flag value com.android.media.audio.vgs_vss_sync_mute_order = true
1788779393.736 10316 24531 24581 V AconfigFlags: Read Aconfig default flag value com.android.media.audio.volume_refactoring = false
1788779393.736 10316 24531 24581 V AconfigFlags: Read Aconfig default flag value com.android.media.audioclient.audiosystem_service_acquisition = false
1788779393.736 10316 24531 24581 V AconfigFlags: Read Aconfig default flag value com.android.media.audioserver.direct_track_reprioritization = true
1788779393.736 10316 24531 24581 V AconfigFlags: Read Aconfig default flag value com.android.media.audioserver.effect_chain_callback_improve = false
1788779393.736 10316 24531 24581 V AconfigFlags: Read Aconfig default flag value com.android.media.audioserver.fdtostring_timeout_fix = true
1788779393.737 10316 24531 24581 V AconfigFlags: Read Aconfig default flag value com.android.media.audioserver.fix_concurrent_playback_behavior_with_bit_perfect_client = false
1788779393.737 10316 24531 24581 V AconfigFlags: Read Aconfig default flag value com.android.media.audioserver.fix_input_sharing_logic = false
1788779393.737 10316 24531 24581 V AconfigFlags: Read Aconfig default flag value com.android.media.audioserver.mutex_priority_inheritance = true
1788779393.737 10316 24531 24581 V AconfigFlags: Read Aconfig default flag value com.android.media.audioserver.use_bt_sco_for_media = false
1788779393.737 10316 24531 24581 V AconfigFlags: Read Aconfig default flag value com.android.media.codec.flags.aidl_hal = true
1788779393.737 10316 24531 24581 V AconfigFlags: Read Aconfig default flag value com.android.media.codec.flags.codec_importance = true
1788779393.737 10316 24531 24581 V AconfigFlags: Read Aconfig default flag value com.android.media.codec.flags.large_audio_frame = true
1788779393.737 10316 24531 24581 V AconfigFlags: Read Aconfig default flag value com.android.media.editing.flags.add_media_metrics_editing = true
1788779393.737 10316 24531 24581 V AconfigFlags: Read Aconfig default flag value com.android.media.flags.adjust_volume_for_foreground_app_playing_audio_without_media_session = true
1788779393.737 10316 24531 24581 V AconfigFlags: Read Aconfig default flag value com.android.media.flags.enable_audio_policies_device_and_bluetooth_controller = true
1788779393.737 10316 24531 24581 V AconfigFlags: Read Aconfig default flag value com.android.media.flags.enable_built_in_speaker_route_suitability_statuses = true
1788779393.737 10316 24531 24581 V AconfigFlags: Read Aconfig default flag value com.android.media.flags.enable_cross_user_routing_in_media_router2 = true
1788779393.737 10316 24531 24581 V AconfigFlags: Read Aconfig default flag value com.android.media.flags.enable_full_scan_with_media_content_control = true
1788779393.737 10316 24531 24581 V AconfigFlags: Read Aconfig default flag value com.android.media.flags.enable_get_transferable_routes = true
1788779393.737 10316 24531 24581 V AconfigFlags: Read Aconfig default flag value com.android.media.flags.enable_mr2_service_non_main_bg_thread = true
1788779393.737 10316 24531 24581 V AconfigFlags: Read Aconfig default flag value com.android.media.flags.enable_new_media_route_2_info_types = true
1788779393.737 10316 24531 24581 V AconfigFlags: Read Aconfig default flag value com.android.media.flags.enable_notifying_activity_manager_with_media_session_status_change = false
1788779393.737 10316 24531 24581 V AconfigFlags: Read Aconfig default flag value com.android.media.flags.enable_null_session_in_media_browser_service = true
1788779393.737 10316 24531 24581 V AconfigFlags: Read Aconfig default flag value com.android.media.flags.enable_prevention_of_keep_alive_route_providers = true
1788779393.737 10316 24531 24581 V AconfigFlags: Read Aconfig default flag value com.android.media.flags.enable_prevention_of_manager_scans_when_no_apps_scan = true
1788779393.737 10316 24531 24581 V AconfigFlags: Read Aconfig default flag value com.android.media.flags.enable_privileged_routing_for_media_routing_control = true
1788779393.737 10316 24531 24581 V AconfigFlags: Read Aconfig default flag value com.android.media.flags.enable_rlp_callbacks_in_media_router2 = true
1788779393.737 10316 24531 24581 V AconfigFlags: Read Aconfig default flag value com.android.media.flags.enable_screen_off_scanning = true
1788779393.737 10316 24531 24581 V AconfigFlags: Read Aconfig default flag value com.android.media.flags.enable_use_of_bluetooth_device_get_alias_for_mr2info_get_name = true
1788779393.737 10316 24531 24581 V AconfigFlags: Read Aconfig default flag value com.android.media.flags.enable_waiting_state_for_system_session_creation_request = true
1788779393.737 10316 24531 24581 V AconfigFlags: Read Aconfig default flag value com.android.media.flags.fallback_to_default_handling_when_media_session_has_fixed_volume_handling = true
1788779393.737 10316 24531 24581 V AconfigFlags: Read Aconfig default flag value com.android.media.performance.flags.media_description_ashmem_bitmap = true
1788779393.737 10316 24531 24581 V AconfigFlags: Read Aconfig default flag value com.android.media.playback.flags.mediametadataretriever_default_rgba8888 = true
1788779393.737 10316 24531 24581 V AconfigFlags: Read Aconfig default flag value com.android.media.projection.flags.limit_manage_media_projection = false
1788779393.737 10316 24531 24581 V AconfigFlags: Read Aconfig default flag value com.android.net.thread.platform.flags.thread_enabled_platform = false
1788779393.737 10316 24531 24581 V AconfigFlags: Read Aconfig default flag value com.android.net.thread.platform.flags.thread_user_restriction_enabled = false
1788779393.737 10316 24531 24581 V AconfigFlags: Read Aconfig default flag value com.android.nfc.flags.auto_disable_observe_mode = false
1788779393.737 10316 24531 24581 V AconfigFlags: Read Aconfig default flag value com.android.nfc.flags.reduce_state_transition = true
1788779393.738 10316 24531 24581 V AconfigFlags: Read Aconfig default flag value com.android.nfc.flags.statsd_ce_events_flag = true
1788779393.738 10316 24531 24581 V AconfigFlags: Read Aconfig default flag value com.android.nfc.flags.test_flag = false
1788779393.738 10316 24531 24581 V AconfigFlags: Read Aconfig default flag value com.android.nfc.nci.flags.t5t_no_getsysinfo = false
1788779393.738 10316 24531 24581 V AconfigFlags: Read Aconfig default flag value com.android.providers.contactkeys.flags.contactkeys_strip_fix = true
1788779393.738 10316 24531 24581 V AconfigFlags: Read Aconfig default flag value com.android.providers.settings.ignore_xml_for_read_only_flags = true
1788779393.738 10316 24531 24581 V AconfigFlags: Read Aconfig default flag value com.android.providers.settings.load_aconfig_defaults = true
1788779393.738 10316 24531 24581 V AconfigFlags: Read Aconfig default flag value com.android.providers.settings.load_apex_aconfig_protobufs = true
1788779393.738 10316 24531 24581 V AconfigFlags: Read Aconfig default flag value com.android.providers.settings.stage_all_aconfig_flags = true
1788779393.738 10316 24531 24581 V AconfigFlags: Read Aconfig default flag value com.android.providers.settings.storage_test_mission_1 = false
1788779393.738 10316 24531 24581 V AconfigFlags: Read Aconfig default flag value com.android.providers.settings.support_overrides = false
1788779393.738 10316 24531 24581 V AconfigFlags: Read Aconfig default flag value com.android.server.accessibility.add_window_token_without_lock = false
1788779393.738 10316 24531 24581 V AconfigFlags: Read Aconfig default flag value com.android.server.accessibility.cleanup_a11y_overlays = false
1788779393.738 10316 24531 24581 V AconfigFlags: Read Aconfig default flag value com.android.server.accessibility.clear_default_from_a11y_shortcut_target_service_restore = true
1788779393.738 10316 24531 24581 V AconfigFlags: Read Aconfig default flag value com.android.server.accessibility.compute_window_changes_on_a11y_v2 = true
1788779393.738 10316 24531 24581 V AconfigFlags: Read Aconfig default flag value com.android.server.accessibility.deprecate_package_list_observer = false
1788779393.738 10316 24531 24581 V AconfigFlags: Read Aconfig default flag value com.android.server.accessibility.disable_continuous_shortcut_on_force_stop = false
1788779393.738 10316 24531 24581 V AconfigFlags: Read Aconfig default flag value com.android.server.accessibility.do_not_reset_key_event_state = true
1788779393.738 10316 24531 24531 I Unique  : 2026-09-07 18:09:53.736 I HOOK APPOPS_HOOKED package=com.axlebolt.standoff2 host=com.unique matched=appOpIdentity=checkAudioOperation+checkOperation+checkOperationForDevice+checkOperationRaw+checkOperationRawForDevice+checkPackage+collectNoteOpCallsForValidation+extractAsyncOps+finishOperation+finishOperationForDevice+getHistoricalOps+getHistoricalOpsFromDiskRaw+getOpsForPackage+getPackagesForOpsForDevice+isOperationActive+isProxying+noteOperation+noteOperationForDevice+noteProxyOperation+notePr
1788779393.738 10316 24531 24581 V AconfigFlags: Read Aconfig default flag value com.android.server.accessibility.enable_a11y_checker_logging = false
1788779393.738 10316 24531 24581 V AconfigFlags: Read Aconfig default flag value com.android.server.accessibility.enable_color_correction_saturation = false
1788779393.738 10316 24531 24581 V AconfigFlags: Read Aconfig default flag value com.android.server.accessibility.enable_hardware_shortcut_disables_warning = false
1788779393.738 10316 24531 24581 V AconfigFlags: Read Aconfig default flag value com.android.server.accessibility.enable_magnification_joystick = false
1788779393.738 10316 24531 24581 V AconfigFlags: Read Aconfig default flag value com.android.server.accessibility.enable_magnification_multiple_finger_multiple_tap_gesture = false
1788779393.738 10316 24531 24581 V AconfigFlags: Read Aconfig default flag value com.android.server.accessibility.enable_magnification_one_finger_panning_gesture = false
1788779393.738 10316 24531 24581 V AconfigFlags: Read Aconfig default flag value com.android.server.accessibility.fix_drag_pointer_when_ending_drag = false
1788779393.738 10316 24531 24581 V AconfigFlags: Read Aconfig default flag value com.android.server.accessibility.focus_click_point_window_bounds_from_a11y_window_info = false
1788779393.738 10316 24531 24581 V AconfigFlags: Read Aconfig default flag value com.android.server.accessibility.fullscreen_fling_gesture = false
1788779393.738 10316 24531 24581 V AconfigFlags: Read Aconfig default flag value com.android.server.accessibility.handle_multi_device_input = false
1788779393.738 10316 24531 24581 V AconfigFlags: Read Aconfig default flag value com.android.server.accessibility.manager_avoid_receiver_timeout = true
1788779393.738 10316 24531 24581 V AconfigFlags: Read Aconfig default flag value com.android.server.accessibility.manager_package_monitor_logic_fix = true
1788779393.738 10316 24531 24581 V AconfigFlags: Read Aconfig default flag value com.android.server.accessibility.pinch_zoom_zero_min_span = true
1788779393.738 10316 24531 24581 V AconfigFlags: Read Aconfig default flag value com.android.server.accessibility.proxy_use_apps_on_virtual_device_listener = true
1788779393.738 10316 24531 24581 V AconfigFlags: Read Aconfig default flag value com.android.server.accessibility.remove_on_window_infos_changed_handler = false
1788779393.738 10316 24531 24581 V AconfigFlags: Read Aconfig default flag value com.android.server.accessibility.reset_hover_event_timer_on_action_up = false
1788779393.739 10316 24531 24581 V AconfigFlags: Read Aconfig default flag value com.android.server.accessibility.resettable_dynamic_properties = false
1788779393.739 10316 24531 24581 V AconfigFlags: Read Aconfig default flag value com.android.server.accessibility.scan_packages_without_lock = true
1788779393.739 10316 24531 24581 V AconfigFlags: Read Aconfig default flag value com.android.server.accessibility.send_a11y_events_based_on_state = false
1788779393.739 10316 24531 24581 V AconfigFlags: Read Aconfig default flag value com.android.server.accessibility.send_hover_events_based_on_event_stream = true
1788779393.739 10316 24531 24581 V AconfigFlags: Read Aconfig default flag value com.android.server.accessibility.skip_package_change_before_user_switch = false
1788779393.739 10316 24531 24581 V AconfigFlags: Read Aconfig default flag value com.android.server.alarm.start_user_before_scheduled_alarms = false
1788779393.739 10316 24531 24581 V AconfigFlags: Read Aconfig default flag value com.android.server.alarm.use_frozen_state_to_drop_listener_alarms = true
1788779393.739 10316 24531 24581 V AconfigFlags: Read Aconfig default flag value com.android.server.am.avoid_repeated_bcast_re_enqueues = true
1788779393.739 10316 24531 24581 V AconfigFlags: Read Aconfig default flag value com.android.server.am.avoid_resolving_type = true
1788779393.739 10316 24531 24581 V AconfigFlags: Read Aconfig default flag value com.android.server.am.batching_oom_adj = false
1788779393.739 10316 24531 24581 V AconfigFlags: Read Aconfig default flag value com.android.server.am.bfgs_managed_network_access = false
1788779393.739 10316 24531 24581 V AconfigFlags: Read Aconfig default flag value com.android.server.am.defer_outgoing_broadcasts = false
1788779393.739 10316 24531 24581 V AconfigFlags: Read Aconfig default flag value com.android.server.am.fgs_abuse_detection = false
1788779393.739 10316 24531 24581 V AconfigFlags: Read Aconfig default flag value com.android.server.am.fgs_boot_completed = true
1788779393.739 10316 24531 24581 V AconfigFlags: Read Aconfig default flag value com.android.server.am.fgs_disable_saw = true
1788779393.739 10316 24531 24581 V AconfigFlags: Read Aconfig default flag value com.android.server.am.follow_up_oomadj_updates = false
1788779393.739 10316 24531 24581 V AconfigFlags: Read Aconfig default flag value com.android.server.am.log_excessive_binder_proxies = false
1788779393.739 10316 24531 24581 V AconfigFlags: Read Aconfig default flag value com.android.server.am.migrate_full_oomadj_updates = true
1788779393.739 10316 24531 24581 V AconfigFlags: Read Aconfig default flag value com.android.server.am.new_fgs_restriction_logic = true
1788779393.739 10316 24531 24581 V AconfigFlags: Read Aconfig default flag value com.android.server.am.oomadjuster_correctness_rewrite = true
1788779393.739 10316 24531 24581 V AconfigFlags: Read Aconfig default flag value com.android.server.am.service_binding_oom_adj_policy = true
1788779393.739 10316 24531 24581 V AconfigFlags: Read Aconfig default flag value com.android.server.am.simplify_process_traversal = true
1788779393.739 10316 24531 24581 V AconfigFlags: Read Aconfig default flag value com.android.server.am.skip_unimportant_connections = false
1788779393.739 10316 24531 24581 V AconfigFlags: Read Aconfig default flag value com.android.server.am.trace_receiver_registration = true
1788779393.739 10316 24531 24581 V AconfigFlags: Read Aconfig default flag value com.android.server.am.use_permission_manager_for_broadcast_delivery_check = true
1788779393.739 10316 24531 24581 V AconfigFlags: Read Aconfig default flag value com.android.server.appop.flags.enable_jingyue = false
1788779393.739 10316 24531 24581 V AconfigFlags: Read Aconfig default flag value com.android.server.backup.enable_clear_pipe_after_restore_file = true
1788779393.739 10316 24531 24581 V AconfigFlags: Read Aconfig default flag value com.android.server.backup.enable_increase_datatypes_for_agent_logging = true
1788779393.739 10316 24531 24581 V AconfigFlags: Read Aconfig default flag value com.android.server.backup.enable_increased_bmm_logging_for_restore_at_install = false
1788779393.739 10316 24531 24581 V AconfigFlags: Read Aconfig default flag value com.android.server.backup.enable_max_size_writes_to_pipes = true
1788779393.739 10316 24531 24581 V AconfigFlags: Read Aconfig default flag value com.android.server.backup.enable_metrics_system_backup_agents = true
1788779393.739 10316 24531 24581 V AconfigFlags: Read Aconfig default flag value com.android.server.backup.enable_skipping_restore_launched_apps = false
1788779393.740 10316 24531 24581 V AconfigFlags: Read Aconfig default flag value com.android.server.backup.enable_v_to_u_restore_for_system_components_in_allowlist = false
1788779393.740 10316 24531 24581 V AconfigFlags: Read Aconfig default flag value com.android.server.biometrics.face_vhal_feature = false
1788779393.740 10316 24531 24581 V AconfigFlags: Read Aconfig default flag value com.android.server.biometrics.use_vhal_for_testing = false
1788779393.740 10316 24531 24581 V AconfigFlags: Read Aconfig default flag value com.android.server.companion.virtual.dump_history = true
1788779393.740 10316 24531 24581 V AconfigFlags: Read Aconfig default flag value com.android.server.connectivity.replace_vpn_profile_store = false
1788779393.740 10316 24531 24581 V AconfigFlags: Read Aconfig default flag value com.android.server.contextualsearch.flags.enable_exclude_persistent_ui = false
1788779393.740 10316 24531 24581 V AconfigFlags: Read Aconfig default flag value com.android.server.deviceidle.disable_wakelocks_in_light_idle = false
1788779393.740 10316 24531 24581 V AconfigFlags: Read Aconfig default flag value com.android.server.deviceidle.remove_idle_location = false
1788779393.740 10316 24531 24581 V AconfigFlags: Read Aconfig default flag value com.android.server.display.feature.flags.always_rotate_display_device = true
1788779393.740 10316 24531 24581 V AconfigFlags: Read Aconfig default flag value com.android.server.display.feature.flags.auto_brightness_modes = true
1788779393.740 10316 24531 24581 V AconfigFlags: Read Aconfig default flag value com.android.server.display.feature.flags.back_up_smooth_display_and_force_peak_refresh_rate = true
1788779393.740 10316 24531 24581 V AconfigFlags: Read Aconfig default flag value com.android.server.display.feature.flags.brightness_int_range_user_perception = false
1788779393.740 10316 24531 24581 V AconfigFlags: Read Aconfig default flag value com.android.server.display.feature.flags.brightness_wear_bedtime_mode_clamper = true
1788779393.740 10316 24531 24581 V AconfigFlags: Read Aconfig default flag value com.android.server.display.feature.flags.enable_adaptive_tone_improvements_1 = true
1788779393.740 10316 24531 24581 V AconfigFlags: Read Aconfig default flag value com.android.server.display.feature.flags.enable_adaptive_tone_improvements_2 = true
1788779393.740 10316 24531 24581 V AconfigFlags: Read Aconfig default flag value com.android.server.display.feature.flags.enable_connected_display_error_handling = true
1788779393.740 10316 24531 24581 V AconfigFlags: Read Aconfig default flag value com.android.server.display.feature.flags.enable_connected_display_management = false
1788779393.740 10316 24531 24581 V AconfigFlags: Read Aconfig default flag value com.android.server.display.feature.flags.enable_display_offload = true
1788779393.740 10316 24531 24581 V AconfigFlags: Read Aconfig default flag value com.android.server.display.feature.flags.enable_display_resolution_range_voting = false
1788779393.740 10316 24531 24581 V AconfigFlags: Read Aconfig default flag value com.android.server.display.feature.flags.enable_displays_refresh_rates_synchronization = false
1788779393.740 10316 24531 24581 V AconfigFlags: Read Aconfig default flag value com.android.server.display.feature.flags.enable_hdr_clamper = true
1788779393.740 10316 24531 24581 V AconfigFlags: Read Aconfig default flag value com.android.server.display.feature.flags.enable_mode_limit_for_external_display = true
1788779393.740 10316 24531 24581 V AconfigFlags: Read Aconfig default flag value com.android.server.display.feature.flags.enable_nbm_controller = false
1788779393.740 10316 24531 24581 V AconfigFlags: Read Aconfig default flag value com.android.server.display.feature.flags.enable_peak_refresh_rate_physical_limit = true
1788779393.740 10316 24531 24581 V AconfigFlags: Read Aconfig default flag value com.android.server.display.feature.flags.enable_pixel_anisotropy_correction = true
1788779393.740 10316 24531 24581 V AconfigFlags: Read Aconfig default flag value com.android.server.display.feature.flags.enable_port_in_display_layout = true
1788779393.740 10316 24531 24581 V AconfigFlags: Read Aconfig default flag value com.android.server.display.feature.flags.enable_power_throttling_clamper = false
1788779393.741 10316 24531 24581 V AconfigFlags: Read Aconfig default flag value com.android.server.display.feature.flags.enable_restrict_display_modes = true
1788779393.741 10316 24531 24581 V AconfigFlags: Read Aconfig default flag value com.android.server.display.feature.flags.enable_synthetic_60hz_modes = false
1788779393.741 10316 24531 24581 V AconfigFlags: Read Aconfig default flag value com.android.server.display.feature.flags.enable_user_preferred_mode_vote = false
1788779393.741 10316 24531 24581 V AconfigFlags: Read Aconfig default flag value com.android.server.display.feature.flags.enable_vsync_low_light_vote = true
1788779393.741 10316 24531 24581 V AconfigFlags: Read Aconfig default flag value com.android.server.display.feature.flags.enable_vsync_low_power_vote = true
1788779393.741 10316 24531 24581 V AconfigFlags: Read Aconfig default flag value com.android.server.display.feature.flags.even_dimmer = false
1788779393.741 10316 24531 24581 V AconfigFlags: Read Aconfig default flag value com.android.server.display.feature.flags.fast_hdr_transitions = true
1788779393.741 10316 24531 24581 V AconfigFlags: Read Aconfig default flag value com.android.server.display.feature.flags.idle_screen_refresh_rate_timeout = true
1788779393.741 10316 24531 24581 V AconfigFlags: Read Aconfig default flag value com.android.server.display.feature.flags.ignore_app_preferred_refresh_rate_request = true
1788779393.741 10316 24531 24581 V AconfigFlags: Read Aconfig default flag value com.android.server.display.feature.flags.offload_controls_doze_auto_brightness = false
1788779393.741 10316 24531 24581 V AconfigFlags: Read Aconfig default flag value com.android.server.display.feature.flags.offload_doze_override_holds_wakelock = false
1788779393.741 10316 24531 24581 V AconfigFlags: Read Aconfig default flag value com.android.server.display.feature.flags.refactor_display_power_controller = false
1788779393.741 10316 24531 24581 V AconfigFlags: Read Aconfig default flag value com.android.server.display.feature.flags.refresh_rate_voting_telemetry = true
1788779393.741 10316 24531 24581 V AconfigFlags: Read Aconfig default flag value com.android.server.display.feature.flags.resolution_backup_restore = true
1788779393.741 10316 24531 24581 V AconfigFlags: Read Aconfig default flag value com.android.server.display.feature.flags.sensor_based_brightness_throttling = true
1788779393.741 10316 24531 24581 V AconfigFlags: Read Aconfig default flag value com.android.server.display.feature.flags.use_fusion_prox_sensor = false
1788779393.741 10316 24531 24581 V AconfigFlags: Read Aconfig default flag value com.android.server.dreams.use_battery_changed_broadcast = true
1788779393.741 10316 24531 24581 V AconfigFlags: Read Aconfig default flag value com.android.server.feature.flags.enable_read_dropbox_permission = true
1788779393.741 10316 24531 24581 V AconfigFlags: Read Aconfig default flag value com.android.server.flags.disable_system_compaction = true
1788779393.741 10316 24531 24581 V AconfigFlags: Read Aconfig default flag value com.android.server.flags.enable_odp_feature_guard = true
1788779393.742 10316 24531 24581 V AconfigFlags: Read Aconfig default flag value com.android.server.flags.new_bugreport_keyboard_shortcut = true
1788779393.742 10316 24531 24581 V AconfigFlags: Read Aconfig default flag value com.android.server.flags.pin_webview = true
1788779393.742 10316 24531 24581 V AconfigFlags: Read Aconfig default flag value com.android.server.flags.pkg_targeted_battery_changed_not_sticky = true
1788779393.742 10316 24531 24581 V AconfigFlags: Read Aconfig default flag value com.android.server.flags.skip_home_art_pins = false
1788779393.742 10316 24531 24581 V AconfigFlags: Read Aconfig default flag value com.android.server.job.batch_active_bucket_jobs = false
1788779393.742 10316 24531 24581 V AconfigFlags: Read Aconfig default flag value com.android.server.job.batch_connectivity_jobs_per_network = false
1788779393.742 10316 24531 24581 V AconfigFlags: Read Aconfig default flag value com.android.server.job.count_quota_fix = true
1788779393.742 10316 24531 24581 V AconfigFlags: Read Aconfig default flag value com.android.server.job.do_not_force_rush_execution_at_boot = false
1788779393.742 10316 24531 24581 V AconfigFlags: Read Aconfig default flag value com.android.server.job.relax_prefetch_connectivity_constraint_only_on_charger = true
1788779393.742 10316 24531 24581 V AconfigFlags: Read Aconfig default flag value com.android.server.job.thermal_restrictions_to_fgs_jobs = false
1788779393.742 10316 24531 24581 V AconfigFlags: Read Aconfig default flag value com.android.server.net.network_blocked_for_top_sleeping_and_above = true
1788779393.742 10316 24531 24581 V AconfigFlags: Read Aconfig default flag value com.android.server.net.use_different_delays_for_background_chain = false
1788779393.742 10316 24531 24581 V AconfigFlags: Read Aconfig default flag value com.android.server.net.use_metered_firewall_chains = true
1788779393.742 10316 24531 24581 V AconfigFlags: Read Aconfig default flag value com.android.server.notification.all_notifs_need_ttl = false
1788779393.742 10316 24531 24581 V AconfigFlags: Read Aconfig default flag value com.android.server.notification.autogroup_summary_icon_update = true
1788779393.742 10316 24531 24581 V AconfigFlags: Read Aconfig default flag value com.android.server.notification.cross_app_polite_notifications = false
1788779393.742 10316 24531 24581 V AconfigFlags: Read Aconfig default flag value com.android.server.notification.exit_invalid_cancel_early = false
1788779393.742 10316 24531 24581 V AconfigFlags: Read Aconfig default flag value com.android.server.notification.expire_bitmaps = true
1788779393.742 10316 24531 24581 V AconfigFlags: Read Aconfig default flag value com.android.server.notification.notification_custom_view_uri_restriction = false
1788779393.742 10316 24531 24581 V AconfigFlags: Read Aconfig default flag value com.android.server.notification.notification_hide_unused_channels = false
1788779393.742 10316 24531 24581 V AconfigFlags: Read Aconfig default flag value com.android.server.notification.notification_reduce_messagequeue_usage = false
1788779393.742 10316 24531 24581 V AconfigFlags: Read Aconfig default flag value com.android.server.notification.notification_test = false
1788779393.742 10316 24531 24581 V AconfigFlags: Read Aconfig default flag value com.android.server.notification.persist_incomplete_restore_data = true
1788779393.743 10316 24531 24581 V AconfigFlags: Read Aconfig default flag value com.android.server.notification.polite_notifications = false
1788779393.743 10316 24531 24581 V AconfigFlags: Read Aconfig default flag value com.android.server.notification.polite_notifications_attn_update = false
1788779393.743 10316 24531 24581 V AconfigFlags: Read Aconfig default flag value com.android.server.notification.refactor_attention_helper = true
1788779393.743 10316 24531 24581 V AconfigFlags: Read Aconfig default flag value com.android.server.notification.reject_old_notifications = false
1788779393.743 10316 24531 24581 V AconfigFlags: Read Aconfig default flag value com.android.server.notification.screenshare_notification_hiding = true
1788779393.743 10316 24531 24581 V AconfigFlags: Read Aconfig default flag value com.android.server.notification.trace_cancel_events = false
1788779393.743 10316 24531 24581 V AconfigFlags: Read Aconfig default flag value com.android.server.notification.use_ipcdatacache_channels = false
1788779393.743 10316 24531 24581 V AconfigFlags: Read Aconfig default flag value com.android.server.notification.use_ssm_user_switch_signal = false
1788779393.743 10316 24531 24581 V AconfigFlags: Read Aconfig default flag value com.android.server.notification.vibrate_while_unlocked = false
1788779393.743 10316 24531 24581 V AconfigFlags: Read Aconfig default flag value com.android.server.os.async_start_bugreport = false
1788779393.743 10316 24531 24581 V AconfigFlags: Read Aconfig default flag value com.android.server.os.proto_tombstone = false
1788779393.743 10316 24531 24581 V AconfigFlags: Read Aconfig default flag value com.android.server.policy.support_input_wakeup_delegate = true
1788779393.743 10316 24531 24581 V AconfigFlags: Read Aconfig default flag value com.android.server.power.batterysaver.update_auto_turn_on_notification_string_and_action = true
1788779393.743 10316 24531 24581 V AconfigFlags: Read Aconfig default flag value com.android.server.power.feature.flags.enable_early_screen_timeout_detector = true
1788779393.743 10316 24531 24581 V AconfigFlags: Read Aconfig default flag value com.android.server.power.feature.flags.improve_wakelock_latency = false
1788779393.743 10316 24531 24581 V AconfigFlags: Read Aconfig default flag value com.android.server.power.hint.adpf_session_tag = false
1788779393.743 10316 24531 24581 V AconfigFlags: Read Aconfig default flag value com.android.server.power.hint.powerhint_thread_cleanup = true
1788779393.743 10316 24531 24581 V AconfigFlags: Read Aconfig default flag value com.android.server.power.optimization.disable_system_service_power_attr = true
1788779393.743 10316 24531 24581 V AconfigFlags: Read Aconfig default flag value com.android.server.power.optimization.oneway_battery_stats_service = false
1788779393.743 10316 24531 24581 V AconfigFlags: Read Aconfig default flag value com.android.server.power.optimization.power_monitor_api = true
1788779393.743 10316 24531 24581 V AconfigFlags: Read Aconfig default flag value com.android.server.power.optimization.streamlined_battery_stats = false
1788779393.743 10316 24531 24581 V AconfigFlags: Read Aconfig default flag value com.android.server.power.optimization.streamlined_connectivity_battery_stats = false
1788779393.743 10316 24531 24581 V AconfigFlags: Read Aconfig default flag value com.android.server.power.optimization.streamlined_misc_battery_stats = false
1788779393.743 10316 24531 24581 V AconfigFlags: Read Aconfig default flag value com.android.server.powerstats.alarm_based_powerstats_logging = false
1788779393.743 10316 24531 24581 V AconfigFlags: Read Aconfig default flag value com.android.server.stats.add_mobile_bytes_transfer_by_proc_state_puller = true
1788779393.743 10316 24531 24581 V AconfigFlags: Read Aconfig default flag value com.android.server.telecom.flags.add_call_uri_for_missed_calls = true
1788779393.743 10316 24531 24581 V AconfigFlags: Read Aconfig default flag value com.android.server.telecom.flags.associated_user_refactor_for_work_profile = true
1788779393.743 10316 24531 24581 V AconfigFlags: Read Aconfig default flag value com.android.server.telecom.flags.available_routes_never_updated_after_set_system_audio_state = true
1788779393.744 10316 24531 24581 V AconfigFlags: Read Aconfig default flag value com.android.server.telecom.flags.business_call_composer = true
1788779393.744 10316 24531 24581 V AconfigFlags: Read Aconfig default flag value com.android.server.telecom.flags.cache_call_audio_callbacks = false
1788779393.744 10316 24531 24581 V AconfigFlags: Read Aconfig default flag value com.android.server.telecom.flags.call_audio_communication_device_refactor = true
1788779393.744 10316 24531 24581 V AconfigFlags: Read Aconfig default flag value com.android.server.telecom.flags.call_details_id_changes = true
1788779393.744 10316 24531 24581 V AconfigFlags: Read Aconfig default flag value com.android.server.telecom.flags.cancel_removal_on_emergency_redial = true
1788779393.744 10316 24531 24581 V AconfigFlags: Read Aconfig default flag value com.android.server.telecom.flags.clear_communication_device_after_audio_ops_complete = true
1788779393.744 10316 24531 24581 V AconfigFlags: Read Aconfig default flag value com.android.server.telecom.flags.communication_device_protected_by_lock = true
1788779393.744 10316 24531 24581 V AconfigFlags: Read Aconfig default flag value com.android.server.telecom.flags.early_binding_to_incall_service = true
1788779393.744 10316 24531 24581 V AconfigFlags: Read Aconfig default flag value com.android.server.telecom.flags.early_update_internal_call_audio_state = false
1788779393.744 10316 24531 24581 V AconfigFlags: Read Aconfig default flag value com.android.server.telecom.flags.ecc_keyguard = true
1788779393.744 10316 24531 24581 V AconfigFlags: Read Aconfig default flag value com.android.server.telecom.flags.enable_call_sequencing = false
1788779393.744 10316 24531 24581 V AconfigFlags: Read Aconfig default flag value com.android.server.telecom.flags.ensure_audio_mode_updates_on_foreground_call_change = true
1788779393.744 10316 24531 24581 V AconfigFlags: Read Aconfig default flag value com.android.server.telecom.flags.fix_audio_flicker_for_outgoing_calls = true
1788779393.744 10316 24531 24581 V AconfigFlags: Read Aconfig default flag value com.android.server.telecom.flags.gen_anom_report_on_focus_timeout = false
1788779393.744 10316 24531 24581 V AconfigFlags: Read Aconfig default flag value com.android.server.telecom.flags.get_last_known_cell_identity = false
1788779393.744 10316 24531 24581 V AconfigFlags: Read Aconfig default flag value com.android.server.telecom.flags.get_registered_phone_accounts = true
1788779393.744 10316 24531 24581 V AconfigFlags: Read Aconfig default flag value com.android.server.telecom.flags.ignore_auto_route_to_watch_device = true
1788779393.744 10316 24531 24581 V AconfigFlags: Read Aconfig default flag value com.android.server.telecom.flags.is_new_outgoing_call_broadcast_unblocking = true
1788779393.744 10316 24531 24581 V AconfigFlags: Read Aconfig default flag value com.android.server.telecom.flags.only_update_telephony_on_valid_sub_ids = true
1788779393.744 10316 24531 24581 V AconfigFlags: Read Aconfig default flag value com.android.server.telecom.flags.postpone_register_to_leaudio = false
1788779393.744 10316 24531 24581 V AconfigFlags: Read Aconfig default flag value com.android.server.telecom.flags.profile_user_support = true
1788779393.744 10316 24531 24581 V AconfigFlags: Read Aconfig default flag value com.android.server.telecom.flags.reset_mute_when_entering_quiescent_bt_route = false
1788779393.744 10316 24531 24581 V AconfigFlags: Read Aconfig default flag value com.android.server.telecom.flags.resolve_switching_bt_devices_computation = false
1788779393.744 10316 24531 24581 V AconfigFlags: Read Aconfig default flag value com.android.server.telecom.flags.separately_bind_to_bt_incall_service = false
1788779393.744 10316 24531 24581 V AconfigFlags: Read Aconfig default flag value com.android.server.telecom.flags.set_audio_mode_before_abandon_focus = true
1788779393.744 10316 24531 24581 V AconfigFlags: Read Aconfig default flag value com.android.server.telecom.flags.set_mute_state = true
1788779393.744 10316 24531 24581 V AconfigFlags: Read Aconfig default flag value com.android.server.telecom.flags.set_remote_connection_call_id = false
1788779393.744 10316 24531 24581 V AconfigFlags: Read Aconfig default flag value com.android.server.telecom.flags.skip_filter_phone_account_perform_dnd_filter = true
1788779393.744 10316 24531 24581 V AconfigFlags: Read Aconfig default flag value com.android.server.telecom.flags.telecom_log_external_wearable_calls = true
1788779393.744 10316 24531 24581 V AconfigFlags: Read Aconfig default flag value com.android.server.telecom.flags.telecom_mainline_blocked_numbers_manager = false
1788779393.744 10316 24531 24581 V AconfigFlags: Read Aconfig default flag value com.android.server.telecom.flags.telecom_resolve_hidden_dependencies = false
1788779393.745 10316 24531 24581 V AconfigFlags: Read Aconfig default flag value com.android.server.telecom.flags.telecom_skip_log_based_on_extra = true
1788779393.745 10316 24531 24581 V AconfigFlags: Read Aconfig default flag value com.android.server.telecom.flags.telephony_has_default_but_telecom_does_not = false
1788779393.745 10316 24531 24581 V AconfigFlags: Read Aconfig default flag value com.android.server.telecom.flags.transactional_cs_verifier = false
1788779393.745 10316 24531 24581 V AconfigFlags: Read Aconfig default flag value com.android.server.telecom.flags.transactional_hold_disconnects_unholdable = false
1788779393.745 10316 24531 24581 V AconfigFlags: Read Aconfig default flag value com.android.server.telecom.flags.transactional_video_state = true
1788779393.745 10316 24531 24581 V AconfigFlags: Read Aconfig default flag value com.android.server.telecom.flags.transit_route_before_audio_disconnect_bt = false
1788779393.745 10316 24531 24581 V AconfigFlags: Read Aconfig default flag value com.android.server.telecom.flags.unregister_unresolvable_accounts = false
1788779393.745 10316 24531 24581 V AconfigFlags: Read Aconfig default flag value com.android.server.telecom.flags.update_route_mask_when_bt_connected = false
1788779393.745 10316 24531 24581 V AconfigFlags: Read Aconfig default flag value com.android.server.telecom.flags.updated_rcs_call_count_tracking = false
1788779393.745 10316 24531 24581 V AconfigFlags: Read Aconfig default flag value com.android.server.telecom.flags.use_actual_address_to_enter_connecting_state = true
1788779393.745 10316 24531 24581 V AconfigFlags: Read Aconfig default flag value com.android.server.telecom.flags.use_device_provided_serialized_ringer_vibration = true
1788779393.745 10316 24531 24581 V AconfigFlags: Read Aconfig default flag value com.android.server.telecom.flags.use_improved_listener_order = true
1788779393.745 10316 24531 24581 V AconfigFlags: Read Aconfig default flag value com.android.server.telecom.flags.use_refactored_audio_route_switching = false
1788779393.745 10316 24531 24581 V AconfigFlags: Read Aconfig default flag value com.android.server.telecom.flags.voip_app_actions_support = true
1788779393.745 10316 24531 24581 V AconfigFlags: Read Aconfig default flag value com.android.server.usage.avoid_idle_check = false
1788779393.745 10316 24531 24581 V AconfigFlags: Read Aconfig default flag value com.android.server.usb.flags.allow_restriction_of_overlay_activities = true
1788779393.745 10316 24531 24581 V AconfigFlags: Read Aconfig default flag value com.android.server.usb.flags.enable_bind_to_mtp_service = true
1788779393.745 10316 24531 24581 V AconfigFlags: Read Aconfig default flag value com.android.server.utils.anr_timer_freezer = false
1788779393.745 10316 24531 24581 V AconfigFlags: Read Aconfig default flag value com.android.server.utils.anr_timer_service = false
1788779393.745 10316 24531 24581 V AconfigFlags: Read Aconfig default flag value com.android.server.wm.miui_bar_follow_animation = true
1788779393.745 10316 24531 24581 V AconfigFlags: Read Aconfig default flag value com.android.server.wm.miui_element_animation = true
1788779393.745 10316 24531 24581 V AconfigFlags: Read Aconfig default flag value com.android.server.wm.miuix_astc = true
1788779393.745 10316 24531 24581 V AconfigFlags: Read Aconfig default flag value com.android.settingslib.flags.allow_all_widgets_on_lockscreen_by_default = false
1788779393.745 10316 24531 24581 V AconfigFlags: Read Aconfig default flag value com.android.settingslib.flags.bluetooth_qs_tile_dialog_auto_on_toggle = false
1788779393.745 10316 24531 24581 V AconfigFlags: Read Aconfig default flag value com.android.settingslib.flags.enable_cached_bluetooth_device_dedup = true
1788779393.745 10316 24531 24581 V AconfigFlags: Read Aconfig default flag value com.android.settingslib.flags.enable_determining_advanced_details_header_with_metadata = true
1788779393.745 10316 24531 24581 V AconfigFlags: Read Aconfig default flag value com.android.settingslib.flags.enable_determining_spatial_audio_attributes_by_profile = true
1788779393.745 10316 24531 24581 V AconfigFlags: Read Aconfig default flag value com.android.settingslib.flags.enable_hide_exclusively_managed_bluetooth_device = true
1788779393.745 10316 24531 24581 V AconfigFlags: Read Aconfig default flag value com.android.settingslib.flags.enable_le_audio_qr_code_private_broadcast_sharing = false
1788779393.745 10316 24531 24581 V AconfigFlags: Read Aconfig default flag value com.android.settingslib.flags.enable_le_audio_sharing = false
1788779393.745 10316 24531 24581 V AconfigFlags: Read Aconfig default flag value com.android.settingslib.flags.enable_set_preferred_transport_for_le_audio_device = true
1788779393.745 10316 24531 24581 V AconfigFlags: Read Aconfig default flag value com.android.settingslib.flags.legacy_le_audio_sharing = false
1788779393.745 10316 24531 24581 V AconfigFlags: Read Aconfig default flag value com.android.settingslib.flags.new_status_bar_icons = false
1788779393.746 10316 24531 24581 V AconfigFlags: Read Aconfig default flag value com.android.settingslib.media.flags.enable_output_switcher_for_system_routing = true
1788779393.746 10316 24531 24581 V AconfigFlags: Read Aconfig default flag value com.android.settingslib.media.flags.enable_tv_media_output_dialog = false
1788779393.746 10316 24531 24581 V AconfigFlags: Read Aconfig default flag value com.android.settingslib.media.flags.remove_unnecessary_route_scanning = true
1788779393.746 10316 24531 24581 V AconfigFlags: Read Aconfig default flag value com.android.settingslib.media.flags.use_media_router2_for_info_media_manager = true
1788779393.746 10316 24531 24581 V AconfigFlags: Read Aconfig default flag value com.android.settingslib.media.flags.use_playback_info_for_routing_controls = true
1788779393.746 10316 24531 24581 V AconfigFlags: Read Aconfig default flag value com.android.settingslib.widget.flags.auto_hide_empty_lottie_res = true
1788779393.746 10316 24531 24581 V AconfigFlags: Read Aconfig default flag value com.android.systemui.activity_transition_use_largest_window = true
1788779393.746 10316 24531 24581 V AconfigFlags: Read Aconfig default flag value com.android.systemui.ambient_touch_monitor_listen_to_display_changes = false
1788779393.746 10316 24531 24581 V AconfigFlags: Read Aconfig default flag value com.android.systemui.app_clips_backlinks = false
1788779393.746 10316 24531 24581 V AconfigFlags: Read Aconfig default flag value com.android.systemui.bind_keyguard_media_visibility = true
1788779393.746 10316 24531 24581 V AconfigFlags: Read Aconfig default flag value com.android.systemui.bp_talkback = true
1788779393.746 10316 24531 24581 V AconfigFlags: Read Aconfig default flag value com.android.systemui.brightness_slider_focus_state = false
1788779393.746 10316 24531 24581 V AconfigFlags: Read Aconfig default flag value com.android.systemui.centralized_status_bar_height_fix = true
1788779393.746 10316 24531 24581 V AconfigFlags: Read Aconfig default flag value com.android.systemui.clipboard_noninteractive_on_lockscreen = false
1788779393.746 10316 24531 24581 V AconfigFlags: Read Aconfig default flag value com.android.systemui.clock_reactive_variants = false
1788779393.746 10316 24531 24581 V AconfigFlags: Read Aconfig default flag value com.android.systemui.communal_bouncer_do_not_modify_plugin_open = false
1788779393.746 10316 24531 24581 V AconfigFlags: Read Aconfig default flag value com.android.systemui.communal_hub = false
1788779393.746 10316 24531 24581 V AconfigFlags: Read Aconfig default flag value com.android.systemui.compose_bouncer = false
1788779393.746 10316 24531 24581 V AconfigFlags: Read Aconfig default flag value com.android.systemui.compose_lockscreen = false
1788779393.746 10316 24531 24581 V AconfigFlags: Read Aconfig default flag value com.android.systemui.confine_notification_touch_to_view_width = false
1788779393.746 10316 24531 24581 V AconfigFlags: Read Aconfig default flag value com.android.systemui.constraint_bp = true
1788779393.746 10316 24531 24581 V AconfigFlags: Read Aconfig default flag value com.android.systemui.contextual_tips_assistant_dismiss_fix = true
1788779393.746 10316 24531 24581 V AconfigFlags: Read Aconfig default flag value com.android.systemui.coroutine_tracing = false
1788779393.746 10316 24531 24581 V AconfigFlags: Read Aconfig default flag value com.android.systemui.create_windowless_window_magnifier = true
1788779393.746 10316 24531 24581 V AconfigFlags: Read Aconfig default flag value com.android.systemui.dedicated_notif_inflation_thread = true
1788779393.746 10316 24531 24581 V AconfigFlags: Read Aconfig default flag value com.android.systemui.delay_show_magnification_button = true
1788779393.746 10316 24531 24581 V AconfigFlags: Read Aconfig default flag value com.android.systemui.delayed_wakelock_release_on_background_thread = true
1788779393.746 10316 24531 24581 V AconfigFlags: Read Aconfig default flag value com.android.systemui.device_entry_udfps_refactor = true
1788779393.746 10316 24531 24581 V AconfigFlags: Read Aconfig default flag value com.android.systemui.disable_contextual_tips_frequency_check = false
1788779393.746 10316 24531 24581 V AconfigFlags: Read Aconfig default flag value com.android.systemui.disable_contextual_tips_ios_switcher_check = false
1788779393.746 10316 24531 24581 V AconfigFlags: Read Aconfig default flag value com.android.systemui.dozeui_scheduling_alarms_background_execution = false
1788779393.747 10316 24531 24581 V AconfigFlags: Read Aconfig default flag value com.android.systemui.dream_input_session_pilfer_once = false
1788779393.747 10316 24531 24581 V AconfigFlags: Read Aconfig default flag value com.android.systemui.dream_overlay_bouncer_swipe_direction_filtering = true
1788779393.747 10316 24531 24581 V AconfigFlags: Read Aconfig default flag value com.android.systemui.dual_shade = false
1788779393.747 10316 24531 24581 V AconfigFlags: Read Aconfig default flag value com.android.systemui.edge_back_gesture_handler_thread = false
1788779393.747 10316 24531 24581 V AconfigFlags: Read Aconfig default flag value com.android.systemui.edgeback_gesture_handler_get_running_tasks_background = false
1788779393.747 10316 24531 24581 V AconfigFlags: Read Aconfig default flag value com.android.systemui.enable_background_keyguard_ondrawn_callback = true
1788779393.747 10316 24531 24581 V AconfigFlags: Read Aconfig default flag value com.android.systemui.enable_contextual_tip_for_mute_volume = false
1788779393.747 10316 24531 24581 V AconfigFlags: Read Aconfig default flag value com.android.systemui.enable_contextual_tip_for_power_off = true
1788779393.747 10316 24531 24581 V AconfigFlags: Read Aconfig default flag value com.android.systemui.enable_contextual_tip_for_take_screenshot = true
1788779393.747 10316 24531 24581 V AconfigFlags: Read Aconfig default flag value com.android.systemui.enable_contextual_tips = true
1788779393.747 10316 24531 24581 V AconfigFlags: Read Aconfig default flag value com.android.systemui.enable_efficient_display_repository = false
1788779393.747 10316 24531 24581 V AconfigFlags: Read Aconfig default flag value com.android.systemui.enable_layout_tracing = false
1788779393.747 10316 24531 24581 V AconfigFlags: Read Aconfig default flag value com.android.systemui.enable_view_capture_tracing = false
1788779393.747 10316 24531 24581 V AconfigFlags: Read Aconfig default flag value com.android.systemui.enable_widget_picker_size_filter = false
1788779393.747 10316 24531 24581 V AconfigFlags: Read Aconfig default flag value com.android.systemui.enforce_brightness_base_user_restriction = true
1788779393.747 10316 24531 24581 V AconfigFlags: Read Aconfig default flag value com.android.systemui.example_flag = false
1788779393.747 10316 24531 24581 V AconfigFlags: Read Aconfig default flag value com.android.systemui.fast_unlock_transition = false
1788779393.747 10316 24531 24581 V AconfigFlags: Read Aconfig default flag value com.android.systemui.fix_image_wallpaper_crash_surface_already_released = false
1788779393.747 10316 24531 24581 V AconfigFlags: Read Aconfig default flag value com.android.systemui.fix_screenshot_action_dismiss_system_windows = true
1788779393.747 10316 24531 24581 V AconfigFlags: Read Aconfig default flag value com.android.systemui.floating_menu_animated_tuck = false
1788779393.747 10316 24531 24581 V AconfigFlags: Read Aconfig default flag value com.android.systemui.floating_menu_drag_to_edit = true
1788779393.747 10316 24531 24581 V AconfigFlags: Read Aconfig default flag value com.android.systemui.floating_menu_drag_to_hide = false
1788779393.747 10316 24531 24581 V AconfigFlags: Read Aconfig default flag value com.android.systemui.floating_menu_ime_displacement_animation = false
1788779393.747 10316 24531 24581 V AconfigFlags: Read Aconfig default flag value com.android.systemui.floating_menu_narrow_target_content_observer = true
1788779393.747 10316 24531 24581 V AconfigFlags: Read Aconfig default flag value com.android.systemui.floating_menu_overlaps_nav_bars_flag = false
1788779393.747 10316 24531 24581 V AconfigFlags: Read Aconfig default flag value com.android.systemui.floating_menu_radii_animation = false
1788779393.747 10316 24531 24581 V AconfigFlags: Read Aconfig default flag value com.android.systemui.get_connected_device_name_unsynchronized = true
1788779393.747 10316 24531 24581 V AconfigFlags: Read Aconfig default flag value com.android.systemui.glanceable_hub_allow_keyguard_when_dreaming = false
1788779393.747 10316 24531 24581 V AconfigFlags: Read Aconfig default flag value com.android.systemui.glanceable_hub_fullscreen_swipe = false
1788779393.747 10316 24531 24581 V AconfigFlags: Read Aconfig default flag value com.android.systemui.glanceable_hub_gesture_handle = false
1788779393.747 10316 24531 24581 V AconfigFlags: Read Aconfig default flag value com.android.systemui.glanceable_hub_shortcut_button = false
1788779393.748 10316 24531 24581 V AconfigFlags: Read Aconfig default flag value com.android.systemui.haptic_brightness_slider = true
1788779393.748 10316 24531 24581 V AconfigFlags: Read Aconfig default flag value com.android.systemui.haptic_volume_slider = true
1788779393.748 10316 24531 24581 V AconfigFlags: Read Aconfig default flag value com.android.systemui.hearing_aids_qs_tile_dialog = true
1788779393.748 10316 24531 24581 V AconfigFlags: Read Aconfig default flag value com.android.systemui.hearing_devices_dialog_related_tools = true
1788779393.748 10316 24531 24581 V AconfigFlags: Read Aconfig default flag value com.android.systemui.keyboard_docking_indicator = false
1788779393.748 10316 24531 24581 V AconfigFlags: Read Aconfig default flag value com.android.systemui.keyboard_shortcut_helper_rewrite = false
1788779393.748 10316 24531 24581 V AconfigFlags: Read Aconfig default flag value com.android.systemui.keyguard_bottom_area_refactor = false
1788779393.748 10316 24531 24581 V AconfigFlags: Read Aconfig default flag value com.android.systemui.keyguard_wm_state_refactor = false
1788779393.748 10316 24531 24581 V AconfigFlags: Read Aconfig default flag value com.android.systemui.light_reveal_migration = false
1788779393.748 10316 24531 24581 V AconfigFlags: Read Aconfig default flag value com.android.systemui.media_controls_lockscreen_shade_bug_fix = true
1788779393.748 10316 24531 24581 V AconfigFlags: Read Aconfig default flag value com.android.systemui.media_controls_refactor = false
1788779393.748 10316 24531 24581 V AconfigFlags: Read Aconfig default flag value com.android.systemui.media_controls_user_initiated_deleteintent = true
1788779393.748 10316 24531 24581 V AconfigFlags: Read Aconfig default flag value com.android.systemui.migrate_clocks_to_blueprint = false
1788779393.748 10316 24531 24581 V AconfigFlags: Read Aconfig default flag value com.android.systemui.new_aod_transition = true
1788779393.748 10316 24531 24581 V AconfigFlags: Read Aconfig default flag value com.android.systemui.new_touchpad_gestures_tutorial = false
1788779393.748 10316 24531 24581 V AconfigFlags: Read Aconfig default flag value com.android.systemui.new_volume_panel = true
1788779393.748 10316 24531 24581 V AconfigFlags: Read Aconfig default flag value com.android.systemui.notification_async_group_header_inflation = false
1788779393.748 10316 24531 24581 V AconfigFlags: Read Aconfig default flag value com.android.systemui.notification_async_hybrid_view_inflation = false
1788779393.748 10316 24531 24581 V AconfigFlags: Read Aconfig default flag value com.android.systemui.notification_avalanche_suppression = false
1788779393.748 10316 24531 24581 V AconfigFlags: Read Aconfig default flag value com.android.systemui.notification_avalanche_throttle_hun = false
1788779393.748 10316 24531 24581 V AconfigFlags: Read Aconfig default flag value com.android.systemui.notification_background_tint_optimization = true
1788779393.748 10316 24531 24581 V AconfigFlags: Read Aconfig default flag value com.android.systemui.notification_color_update_logger = false
1788779393.748 10316 24531 24581 V AconfigFlags: Read Aconfig default flag value com.android.systemui.notification_content_alpha_optimization = false
1788779393.748 10316 24531 24581 V AconfigFlags: Read Aconfig default flag value com.android.systemui.notification_footer_background_tint_optimization = false
1788779393.748 10316 24531 24581 V AconfigFlags: Read Aconfig default flag value com.android.systemui.notification_media_manager_background_execution = false
1788779393.748 10316 24531 24581 V AconfigFlags: Read Aconfig default flag value com.android.systemui.notification_minimalism_prototype = false
1788779393.748 10316 24531 24581 V AconfigFlags: Read Aconfig default flag value com.android.systemui.notification_over_expansion_clipping_fix = true
1788779393.748 10316 24531 24581 V AconfigFlags: Read Aconfig default flag value com.android.systemui.notification_pulsing_fix = false
1788779393.748 10316 24531 24581 V AconfigFlags: Read Aconfig default flag value com.android.systemui.notification_row_content_binder_refactor = false
1788779393.748 10316 24531 24581 V AconfigFlags: Read Aconfig default flag value com.android.systemui.notification_row_user_context = true
1788779393.749 10316 24531 24581 V AconfigFlags: Read Aconfig default flag value com.android.systemui.notification_view_flipper_pausing_v2 = true
1788779393.749 10316 24531 24581 V AconfigFlags: Read Aconfig default flag value com.android.systemui.notifications_background_icons = false
1788779393.749 10316 24531 24581 V AconfigFlags: Read Aconfig default flag value com.android.systemui.notifications_footer_view_refactor = false
1788779393.749 10316 24531 24581 V AconfigFlags: Read Aconfig default flag value com.android.systemui.notifications_heads_up_refactor = false
1788779393.749 10316 24531 24581 V AconfigFlags: Read Aconfig default flag value com.android.systemui.notifications_hide_on_display_switch = false
1788779393.749 10316 24531 24581 V AconfigFlags: Read Aconfig default flag value com.android.systemui.notifications_icon_container_refactor = true
1788779393.749 10316 24531 24581 V AconfigFlags: Read Aconfig default flag value com.android.systemui.notifications_improved_hun_animation = true
1788779393.749 10316 24531 24581 V AconfigFlags: Read Aconfig default flag value com.android.systemui.notifications_live_data_store_refactor = false
1788779393.749 10316 24531 24581 V AconfigFlags: Read Aconfig default flag value com.android.systemui.notify_power_manager_user_activity_background = true
1788779393.749 10316 24531 24581 V AconfigFlags: Read Aconfig default flag value com.android.systemui.pin_input_field_styled_focus_state = true
1788779393.749 10316 24531 24581 V AconfigFlags: Read Aconfig default flag value com.android.systemui.predictive_back_animate_bouncer = true
1788779393.749 10316 24531 24581 V AconfigFlags: Read Aconfig default flag value com.android.systemui.predictive_back_animate_dialogs = true
1788779393.749 10316 24531 24581 V AconfigFlags: Read Aconfig default flag value com.android.systemui.predictive_back_animate_shade = false
1788779393.749 10316 24531 24581 V AconfigFlags: Read Aconfig default flag value com.android.systemui.predictive_back_sysui = true
1788779393.749 10316 24531 24581 V AconfigFlags: Read Aconfig default flag value com.android.systemui.priority_people_section = false
1788779393.749 10316 24531 24581 V AconfigFlags: Read Aconfig default flag value com.android.systemui.privacy_dot_unfold_wrong_corner_fix = true
1788779393.749 10316 24531 24581 V AconfigFlags: Read Aconfig default flag value com.android.systemui.pss_app_selector_abrupt_exit_fix = true
1788779393.749 10316 24531 24581 V AconfigFlags: Read Aconfig default flag value com.android.systemui.pss_app_selector_recents_split_screen = true
1788779393.749 10316 24531 24581 V AconfigFlags: Read Aconfig default flag value com.android.systemui.pss_task_switcher = false
1788779393.749 10316 24531 24581 V AconfigFlags: Read Aconfig default flag value com.android.systemui.qs_custom_tile_click_guaranteed_bug_fix = true
1788779393.749 10316 24531 24581 V AconfigFlags: Read Aconfig default flag value com.android.systemui.qs_new_pipeline = true
1788779393.749 10316 24531 24581 V AconfigFlags: Read Aconfig default flag value com.android.systemui.qs_new_tiles = false
1788779393.749 10316 24531 24581 V AconfigFlags: Read Aconfig default flag value com.android.systemui.qs_new_tiles_future = false
1788779393.749 10316 24531 24581 V AconfigFlags: Read Aconfig default flag value com.android.systemui.qs_tile_focus_state = false
1788779393.749 10316 24531 24581 V AconfigFlags: Read Aconfig default flag value com.android.systemui.qs_ui_refactor = false
1788779393.749 10316 24531 24581 V AconfigFlags: Read Aconfig default flag value com.android.systemui.quick_settings_visual_haptics_longpress = false
1788779393.749 10316 24531 24581 V AconfigFlags: Read Aconfig default flag value com.android.systemui.record_issue_qs_tile = false
1788779393.749 10316 24531 24581 V AconfigFlags: Read Aconfig default flag value com.android.systemui.refactor_get_current_user = true
1788779393.749 10316 24531 24581 V AconfigFlags: Read Aconfig default flag value com.android.systemui.register_battery_controller_receivers_in_corestartable = false
1788779393.749 10316 24531 24581 V AconfigFlags: Read Aconfig default flag value com.android.systemui.register_new_wallet_card_in_background = true
1788779393.749 10316 24531 24581 V AconfigFlags: Read Aconfig default flag value com.android.systemui.register_wallpaper_notifier_background = true
1788779393.749 10316 24531 24581 V AconfigFlags: Read Aconfig default flag value com.android.systemui.register_zen_mode_content_observer_background = true
1788779393.749 10316 24531 24581 V AconfigFlags: Read Aconfig default flag value com.android.systemui.remove_dream_overlay_hide_on_touch = true
1788779393.750 10316 24531 24581 V AconfigFlags: Read Aconfig default flag value com.android.systemui.rest_to_unlock = false
1788779393.750 10316 24531 24581 V AconfigFlags: Read Aconfig default flag value com.android.systemui.restart_dream_on_unocclude = false
1788779393.750 10316 24531 24581 V AconfigFlags: Read Aconfig default flag value com.android.systemui.revamped_bouncer_messages = true
1788779393.750 10316 24531 24581 V AconfigFlags: Read Aconfig default flag value com.android.systemui.run_fingerprint_detect_on_dismissible_keyguard = false
1788779393.750 10316 24531 24581 V AconfigFlags: Read Aconfig default flag value com.android.systemui.save_and_restore_magnification_settings_buttons = false
1788779393.750 10316 24531 24581 V AconfigFlags: Read Aconfig default flag value com.android.systemui.scene_container = false
1788779393.750 10316 24531 24581 V AconfigFlags: Read Aconfig default flag value com.android.systemui.screenshare_notification_hiding_bug_fix = true
1788779393.750 10316 24531 24581 V AconfigFlags: Read Aconfig default flag value com.android.systemui.screenshot_action_dismiss_system_windows = false
1788779393.750 10316 24531 24581 V AconfigFlags: Read Aconfig default flag value com.android.systemui.screenshot_private_profile_accessibility_announcement_fix = true
1788779393.750 10316 24531 24581 V AconfigFlags: Read Aconfig default flag value com.android.systemui.screenshot_private_profile_behavior_fix = true
1788779393.750 10316 24531 24581 V AconfigFlags: Read Aconfig default flag value com.android.systemui.screenshot_scroll_crop_view_crash_fix = true
1788779393.750 10316 24531 24581 V AconfigFlags: Read Aconfig default flag value com.android.systemui.screenshot_shelf_ui2 = true
1788779393.750 10316 24531 24581 V AconfigFlags: Read Aconfig default flag value com.android.systemui.shade_collapse_activity_launch_fix = false
1788779393.750 10316 24531 24581 V AconfigFlags: Read Aconfig default flag value com.android.systemui.shaderlib_loading_effect_refactor = false
1788779393.750 10316 24531 24581 V AconfigFlags: Read Aconfig default flag value com.android.systemui.shared.bouncer_area_exclusion = true
1788779393.750 10316 24531 24581 V AconfigFlags: Read Aconfig default flag value com.android.systemui.shared.enable_home_delay = false
1788779393.750 10316 24531 24581 V AconfigFlags: Read Aconfig default flag value com.android.systemui.shared.example_shared_flag = false
1788779393.750 10316 24531 24581 V AconfigFlags: Read Aconfig default flag value com.android.systemui.shared.return_animation_framework_library = false
1788779393.750 10316 24531 24581 V AconfigFlags: Read Aconfig default flag value com.android.systemui.shared.shade_allow_back_gesture = false
1788779393.750 10316 24531 24581 V AconfigFlags: Read Aconfig default flag value com.android.systemui.shared.sidefps_controller_refactor = true
1788779393.750 10316 24531 24581 V AconfigFlags: Read Aconfig default flag value com.android.systemui.slice_broadcast_relay_in_background = false
1788779393.750 10316 24531 24581 V AconfigFlags: Read Aconfig default flag value com.android.systemui.slice_manager_binder_call_background = true
1788779393.750 10316 24531 24581 V AconfigFlags: Read Aconfig default flag value com.android.systemui.smartspace_lockscreen_viewmodel = false
1788779393.750 10316 24531 24581 V AconfigFlags: Read Aconfig default flag value com.android.systemui.smartspace_relocate_to_bottom = false
1788779393.750 10316 24531 24581 V AconfigFlags: Read Aconfig default flag value com.android.systemui.smartspace_remoteviews_rendering = false
1788779393.750 10316 24531 24581 V AconfigFlags: Read Aconfig default flag value com.android.systemui.status_bar_monochrome_icons_fix = true
1788779393.750 10316 24531 24581 V AconfigFlags: Read Aconfig default flag value com.android.systemui.status_bar_screen_sharing_chips = false
1788779393.750 10316 24531 24581 V AconfigFlags: Read Aconfig default flag value com.android.systemui.status_bar_static_inout_indicators = false
1788779393.750 10316 24531 24581 V AconfigFlags: Read Aconfig default flag value com.android.systemui.switch_user_on_bg = true
1788779393.750 10316 24531 24581 V AconfigFlags: Read Aconfig default flag value com.android.systemui.sysui_teamfood = false
1788779393.751 10316 24531 24581 V AconfigFlags: Read Aconfig default flag value com.android.systemui.theme_overlay_controller_wakefulness_deprecation = false
1788779393.751 10316 24531 24581 V AconfigFlags: Read Aconfig default flag value com.android.systemui.translucent_occluding_activity_fix = true
1788779393.751 10316 24531 24581 V AconfigFlags: Read Aconfig default flag value com.android.systemui.truncated_status_bar_icons_fix = true
1788779393.751 10316 24531 24581 V AconfigFlags: Read Aconfig default flag value com.android.systemui.udfps_view_performance = true
1788779393.751 10316 24531 24581 V AconfigFlags: Read Aconfig default flag value com.android.systemui.unfold_animation_background_progress = true
1788779393.751 10316 24531 24531 I Unique  : 2026-09-07 18:09:53.749 I PROCESS SETTINGS_CACHES_PRIMED wrappedByHand=0 alreadyWrapped=3 empty=1
1788779393.751 10316 24531 24581 V AconfigFlags: Read Aconfig default flag value com.android.systemui.update_user_switcher_background = true
1788779393.751 10316 24531 24581 V AconfigFlags: Read Aconfig default flag value com.android.systemui.validate_keyboard_shortcut_helper_icon_uri = false
1788779393.751 10316 24531 24581 V AconfigFlags: Read Aconfig default flag value com.android.systemui.visual_interruptions_refactor = true
1788779393.751 10316 24531 24581 V AconfigFlags: Read Aconfig default flag value com.android.text.flags.complete_font_load_in_system_services_ready = true
1788779393.751 10316 24531 24581 V AconfigFlags: Read Aconfig default flag value com.android.text.flags.deprecate_ui_fonts = true
1788779393.751 10316 24531 24581 V AconfigFlags: Read Aconfig default flag value com.android.text.flags.disable_handwriting_initiator_for_ime = true
1788779393.751 10316 24531 24581 V AconfigFlags: Read Aconfig default flag value com.android.text.flags.escape_clears_focus = true
1788779393.751 10316 24531 24581 V AconfigFlags: Read Aconfig default flag value com.android.text.flags.fix_double_underline = true
1788779393.751 10316 24531 24581 V AconfigFlags: Read Aconfig default flag value com.android.text.flags.fix_font_update_failure = true
1788779393.751 10316 24531 24581 V AconfigFlags: Read Aconfig default flag value com.android.text.flags.fix_line_height_for_locale = true
1788779393.751 10316 24531 24581 V AconfigFlags: Read Aconfig default flag value com.android.text.flags.fix_misaligned_context_menu = true
1788779393.751 10316 24531 24581 V AconfigFlags: Read Aconfig default flag value com.android.text.flags.fix_null_typeface_bolding = false
1788779393.751 10316 24531 24581 V AconfigFlags: Read Aconfig default flag value com.android.text.flags.handwriting_cursor_position = true
1788779393.751 10316 24531 24581 V AconfigFlags: Read Aconfig default flag value com.android.text.flags.handwriting_end_of_line_tap = true
1788779393.751 10316 24531 24581 V AconfigFlags: Read Aconfig default flag value com.android.text.flags.handwriting_gesture_with_transformation = true
1788779393.751 10316 24531 24581 V AconfigFlags: Read Aconfig default flag value com.android.text.flags.handwriting_unsupported_message = true
1788779393.751 10316 24531 24581 V AconfigFlags: Read Aconfig default flag value com.android.text.flags.icu_bidi_migration = true
1788779393.751 10316 24531 24581 V AconfigFlags: Read Aconfig default flag value com.android.text.flags.insert_mode_crash_update_layout_span = true
1788779393.751 10316 24531 24581 V AconfigFlags: Read Aconfig default flag value com.android.text.flags.insert_mode_crash_when_delete = true
1788779393.751 10316 24531 24581 V AconfigFlags: Read Aconfig default flag value com.android.text.flags.insert_mode_highlight_range = true
1788779393.751 10316 24531 24581 V AconfigFlags: Read Aconfig default flag value com.android.text.flags.insert_mode_not_update_selection = false
1788779393.751 10316 24531 24581 V AconfigFlags: Read Aconfig default flag value com.android.text.flags.lazy_variation_instance = true
1788779393.751 10316 24531 24581 V AconfigFlags: Read Aconfig default flag value com.android.text.flags.letter_spacing_justification = true
1788779393.751 10316 24531 24581 V AconfigFlags: Read Aconfig default flag value com.android.text.flags.missing_getter_apis = false
1788779393.751 10316 24531 24581 V AconfigFlags: Read Aconfig default flag value com.android.text.flags.miui_layout_engine = false
1788779393.752 10316 24531 24581 V AconfigFlags: Read Aconfig default flag value com.android.text.flags.miui_layout_engine_second_version = true
1788779393.752 10316 24531 24581 V AconfigFlags: Read Aconfig default flag value com.android.text.flags.new_fonts_fallback_xml = true
1788779393.752 10316 24531 24581 V AconfigFlags: Read Aconfig default flag value com.android.text.flags.no_break_no_hyphenation_span = true
1788779393.752 10316 24531 24581 V AconfigFlags: Read Aconfig default flag value com.android.text.flags.phrase_strict_fallback = true
1788779393.752 10316 24531 24581 V AconfigFlags: Read Aconfig default flag value com.android.text.flags.rust_hyphenator = false
1788779393.752 10316 24531 24581 V AconfigFlags: Read Aconfig default flag value com.android.text.flags.use_bounds_for_width = true
1788779393.752 10316 24531 24581 V AconfigFlags: Read Aconfig default flag value com.android.text.flags.use_optimized_boottime_font_loading = true
1788779393.752 10316 24531 24581 V AconfigFlags: Read Aconfig default flag value com.android.text.flags.vendor_custom_locale_fallback = true
1788779393.752 10316 24531 24581 V AconfigFlags: Read Aconfig default flag value com.android.text.flags.word_style_auto = true
1788779393.752 10316 24531 24581 V AconfigFlags: Read Aconfig default flag value com.android.window.flags.activity_embedding_animation_customization_flag = false
1788779393.752 10316 24531 24581 V AconfigFlags: Read Aconfig default flag value com.android.window.flags.activity_embedding_interactive_divider_flag = true
1788779393.752 10316 24531 24581 V AconfigFlags: Read Aconfig default flag value com.android.window.flags.activity_embedding_overlay_presentation_flag = true
1788779393.752 10316 24531 24581 V AconfigFlags: Read Aconfig default flag value com.android.window.flags.activity_snapshot_by_default = true
1788779393.752 10316 24531 24581 V AconfigFlags: Read Aconfig default flag value com.android.window.flags.activity_window_info_flag = true
1788779393.752 10316 24531 24581 V AconfigFlags: Read Aconfig default flag value com.android.window.flags.allow_disable_activity_record_input_sink = true
1788779393.752 10316 24531 24581 V AconfigFlags: Read Aconfig default flag value com.android.window.flags.allow_hide_scm_button = true
1788779393.752 10316 24531 24581 V AconfigFlags: Read Aconfig default flag value com.android.window.flags.allows_screen_size_decoupled_from_status_bar_and_cutout = true
1788779393.752 10316 24531 24581 V AconfigFlags: Read Aconfig default flag value com.android.window.flags.always_defer_transition_when_apply_wct = true
1788779393.752 10316 24531 24581 V AconfigFlags: Read Aconfig default flag value com.android.window.flags.always_draw_magnification_fullscreen_border = true
1788779393.752 10316 24531 24581 V AconfigFlags: Read Aconfig default flag value com.android.window.flags.always_update_wallpaper_permission = true
1788779393.752 10316 24531 24581 V AconfigFlags: Read Aconfig default flag value com.android.window.flags.app_compat_properties_api = true
1788779393.752 10316 24531 24581 V AconfigFlags: Read Aconfig default flag value com.android.window.flags.app_compat_refactoring = false
1788779393.752 10316 24531 24581 V AconfigFlags: Read Aconfig default flag value com.android.window.flags.bal_dont_bring_existing_background_task_stack_to_fg = true
1788779393.752 10316 24531 24581 V AconfigFlags: Read Aconfig default flag value com.android.window.flags.bal_improve_real_caller_visibility_check = true
1788779393.752 10316 24531 24581 V AconfigFlags: Read Aconfig default flag value com.android.window.flags.bal_improved_metrics = false
1788779393.752 10316 24531 24581 V AconfigFlags: Read Aconfig default flag value com.android.window.flags.bal_require_opt_in_by_pending_intent_creator = true
1788779393.752 10316 24531 24581 V AconfigFlags: Read Aconfig default flag value com.android.window.flags.bal_require_opt_in_same_uid = false
1788779393.752 10316 24531 24581 V AconfigFlags: Read Aconfig default flag value com.android.window.flags.bal_respect_app_switch_state_when_check_bound_by_foreground_uid = true
1788779393.752 10316 24531 24581 V AconfigFlags: Read Aconfig default flag value com.android.window.flags.bal_show_toasts = false
1788779393.752 10316 24531 24581 V AconfigFlags: Read Aconfig default flag value com.android.window.flags.bal_show_toasts_blocked = false
1788779393.753 10316 24531 24581 V AconfigFlags: Read Aconfig default flag value com.android.window.flags.blast_sync_notification_shade_on_display_switch = false
1788779393.753 10316 24531 24581 V AconfigFlags: Read Aconfig default flag value com.android.window.flags.bundle_client_transaction_flag = true
1788779393.753 10316 24531 24581 V AconfigFlags: Read Aconfig default flag value com.android.window.flags.camera_compat_for_freeform = false
1788779393.753 10316 24531 24531 I Unique  : 2026-09-07 18:09:53.751 I PROCESS PROVIDER_CACHES_EVICTED activityThreadProviders=2 providerRefCounts=1 settingsCaches=4 settingsWrapped=3 hostSource=com.unique hostSourceUid=10316
1788779393.753 10316 24531 24581 V AconfigFlags: Read Aconfig default flag value com.android.window.flags.close_to_square_config_includes_status_bar = false
1788779393.753 10316 24531 24581 V AconfigFlags: Read Aconfig default flag value com.android.window.flags.configurable_font_scale_default = true
1788779393.753 10316 24531 24581 V AconfigFlags: Read Aconfig default flag value com.android.window.flags.cover_display_opt_in = true
1788779393.753 10316 24531 24581 V AconfigFlags: Read Aconfig default flag value com.android.window.flags.defer_display_updates = true
1788779393.753 10316 24531 24581 V AconfigFlags: Read Aconfig default flag value com.android.window.flags.delay_notification_to_magnification_when_recents_window_to_front_transition = true
1788779393.753 10316 24531 24581 V AconfigFlags: Read Aconfig default flag value com.android.window.flags.delegate_unhandled_drags = true
1788779393.753 10316 24531 24581 V AconfigFlags: Read Aconfig default flag value com.android.window.flags.delete_capture_display = true
1788779393.753 10316 24531 24581 V AconfigFlags: Read Aconfig default flag value com.android.window.flags.density_390_api = true
1788779393.753 10316 24531 24581 V AconfigFlags: Read Aconfig default flag value com.android.window.flags.disable_object_pool = false
1788779393.753 10316 24531 24581 V AconfigFlags: Read Aconfig default flag value com.android.window.flags.disable_thin_letterboxing_policy = true
1788779393.753 10316 24531 24581 V AconfigFlags: Read Aconfig default flag value com.android.window.flags.do_not_check_intersection_when_non_magnifiable_window_transitions = false
1788779393.753 10316 24531 24581 V AconfigFlags: Read Aconfig default flag value com.android.window.flags.draw_snapshot_aspect_ratio_match = false
1788779393.753 10316 24531 24581 V AconfigFlags: Read Aconfig default flag value com.android.window.flags.edge_to_edge_by_default = false
1788779393.753 10316 24531 24581 V AconfigFlags: Read Aconfig default flag value com.android.window.flags.embedded_activity_back_nav_flag = true
1788779393.753 10316 24531 24581 V AconfigFlags: Read Aconfig default flag value com.android.window.flags.enable_additional_windows_above_status_bar = false
1788779393.753 10316 24531 24581 V AconfigFlags: Read Aconfig default flag value com.android.window.flags.enable_app_header_with_task_density = false
1788779393.753 10316 24531 24581 V AconfigFlags: Read Aconfig default flag value com.android.window.flags.enable_buffer_transform_hint_from_display = true
1788779393.753 10316 24531 24581 V AconfigFlags: Read Aconfig default flag value com.android.window.flags.enable_camera_compat_for_desktop_windowing = false
1788779393.753 10316 24531 24581 V AconfigFlags: Read Aconfig default flag value com.android.window.flags.enable_compatui_sysui_launcher = false
1788779393.753 10316 24531 24581 V AconfigFlags: Read Aconfig default flag value com.android.window.flags.enable_desktop_windowing_immersive_handle_hiding = false
1788779393.753 10316 24531 24581 V AconfigFlags: Read Aconfig default flag value com.android.window.flags.enable_desktop_windowing_modals_policy = false
1788779393.753 10316 24531 24581 V AconfigFlags: Read Aconfig default flag value com.android.window.flags.enable_desktop_windowing_mode = false
1788779393.753 10316 24531 24581 V AconfigFlags: Read Aconfig default flag value com.android.window.flags.enable_desktop_windowing_quick_switch = false
1788779393.753 10316 24531 24581 V AconfigFlags: Read Aconfig default flag value com.android.window.flags.enable_desktop_windowing_scvh_cache = false
1788779393.753 10316 24531 24581 V AconfigFlags: Read Aconfig default flag value com.android.window.flags.enable_desktop_windowing_size_constraints = false
1788779393.754 10316 24531 24581 V AconfigFlags: Read Aconfig default flag value com.android.window.flags.enable_desktop_windowing_task_limit = false
1788779393.754 10316 24531 24581 V AconfigFlags: Read Aconfig default flag value com.android.window.flags.enable_desktop_windowing_taskbar_running_apps = false
1788779393.754 10316 24531 24581 V AconfigFlags: Read Aconfig default flag value com.android.window.flags.enable_desktop_windowing_wallpaper_activity = false
1788779393.754 10316 24531 24581 V AconfigFlags: Read Aconfig default flag value com.android.window.flags.enable_scaled_resizing = false
1788779393.754 10316 24531 24581 V AconfigFlags: Read Aconfig default flag value com.android.window.flags.enable_task_stack_observer_in_shell = false
1788779393.754 10316 24531 24581 V AconfigFlags: Read Aconfig default flag value com.android.window.flags.enable_themed_app_headers = false
1788779393.754 10316 24531 24581 V AconfigFlags: Read Aconfig default flag value com.android.window.flags.enable_windowing_dynamic_initial_bounds = false
1788779393.754 10316 24531 24581 V AconfigFlags: Read Aconfig default flag value com.android.window.flags.enable_windowing_edge_drag_resize = false
1788779393.754 10316 24531 24581 V AconfigFlags: Read Aconfig default flag value com.android.window.flags.enable_wm_extensions_for_all_flag = true
1788779393.754 10316 24531 24581 V AconfigFlags: Read Aconfig default flag value com.android.window.flags.enforce_edge_to_edge = true
1788779393.754 10316 24531 24581 V AconfigFlags: Read Aconfig default flag value com.android.window.flags.ensure_wallpaper_in_transitions = false
1788779393.754 10316 24531 24581 V AconfigFlags: Read Aconfig default flag value com.android.window.flags.explicit_refresh_rate_hints = true
1788779393.754 10316 24531 24581 V AconfigFlags: Read Aconfig default flag value com.android.window.flags.fifo_priority_for_major_ui_processes = false
1788779393.754 10316 24531 24581 V AconfigFlags: Read Aconfig default flag value com.android.window.flags.fix_no_container_update_without_resize = true
1788779393.754 10316 24531 24581 V AconfigFlags: Read Aconfig default flag value com.android.window.flags.fix_pip_restore_to_overlay = true
1788779393.754 10316 24531 24531 I UniqueNative: redirect table set: 13 rule(s)
1788779393.754 10316 24531 24581 V AconfigFlags: Read Aconfig default flag value com.android.window.flags.fullscreen_dim_flag = true
1788779393.754 10316 24531 24581 V AconfigFlags: Read Aconfig default flag value com.android.window.flags.get_dimmer_on_closing = false
1788779393.754 10316 24531 24581 V AconfigFlags: Read Aconfig default flag value com.android.window.flags.immersive_app_repositioning = true
1788779393.754 10316 24531 24581 V AconfigFlags: Read Aconfig default flag value com.android.window.flags.insets_control_changed_item = true
1788779393.754 10316 24531 24581 V AconfigFlags: Read Aconfig default flag value com.android.window.flags.insets_control_seq = false
1788779393.754 10316 24531 24581 V AconfigFlags: Read Aconfig default flag value com.android.window.flags.insets_decoupled_configuration = true
1788779393.754 10316 24531 24581 V AconfigFlags: Read Aconfig default flag value com.android.window.flags.introduce_smoother_dimmer = true
1788779393.754 10316 24531 24581 V AconfigFlags: Read Aconfig default flag value com.android.window.flags.keyguard_appear_transition = true
1788779393.755 10316 24531 24581 V AconfigFlags: Read Aconfig default flag value com.android.window.flags.letterbox_background_wallpaper = false
1788779393.755 10316 24531 24581 V AconfigFlags: Read Aconfig default flag value com.android.window.flags.movable_cutout_configuration = true
1788779393.755 10316 24531 24581 V AconfigFlags: Read Aconfig default flag value com.android.window.flags.move_animation_options_to_change = false
1788779393.755 10316 24531 24581 V AconfigFlags: Read Aconfig default flag value com.android.window.flags.multi_crop = true
1788779393.755 10316 24531 24581 V AconfigFlags: Read Aconfig default flag value com.android.window.flags.nav_bar_transparent_by_default = false
1788779393.755 10316 24531 24581 V AconfigFlags: Read Aconfig default flag value com.android.window.flags.no_consecutive_visibility_events = true
1788779393.755 10316 24531 24581 V AconfigFlags: Read Aconfig default flag value com.android.window.flags.no_visibility_event_on_display_state_change = false
1788779393.755 10316 24531 24581 V AconfigFlags: Read Aconfig default flag value com.android.window.flags.offload_color_extraction = false
1788779393.755 10316 24531 24581 V AconfigFlags: Read Aconfig default flag value com.android.window.flags.predictive_back_system_anims = true
1788779393.755 10316 24531 24581 V AconfigFlags: Read Aconfig default flag value com.android.window.flags.rear_display_disable_force_desktop_system_decorations = false
1788779393.755 10316 24531 24581 V AconfigFlags: Read Aconfig default flag value com.android.window.flags.release_snapshot_aggressively = false
1788779393.755 10316 24531 24581 V AconfigFlags: Read Aconfig default flag value com.android.window.flags.remove_prepare_surface_in_placement = true
1788779393.755 10316 24531 24581 V AconfigFlags: Read Aconfig default flag value com.android.window.flags.screen_recording_callbacks = true
1788779393.755 10316 24531 24581 V AconfigFlags: Read Aconfig default flag value com.android.window.flags.sdk_desired_present_time = true
1788779393.755 10316 24531 24581 V AconfigFlags: Read Aconfig default flag value com.android.window.flags.secure_window_state = true
1788779393.755 10316 24531 24581 V AconfigFlags: Read Aconfig default flag value com.android.window.flags.set_sc_properties_in_client = false
1788779393.755 10316 24531 24581 V AconfigFlags: Read Aconfig default flag value com.android.window.flags.skip_sleeping_when_switching_display = false
1788779393.755 10316 24531 24581 V AconfigFlags: Read Aconfig default flag value com.android.window.flags.supports_multi_instance_system_ui = true
1788779393.755 10316 24531 24581 V AconfigFlags: Read Aconfig default flag value com.android.window.flags.surface_control_input_receiver = true
1788779393.755 10316 24531 24581 V AconfigFlags: Read Aconfig default flag value com.android.window.flags.surface_trusted_overlay = true
1788779393.755 10316 24531 24581 V AconfigFlags: Read Aconfig default flag value com.android.window.flags.sync_screen_capture = true
1788779393.755 10316 24531 24581 V AconfigFlags: Read Aconfig default flag value com.android.window.flags.task_fragment_system_organizer_flag = true
1788779393.755 10316 24531 24581 V AconfigFlags: Read Aconfig default flag value com.android.window.flags.transit_ready_tracking = false
1788779393.755 10316 24531 24581 V AconfigFlags: Read Aconfig default flag value com.android.window.flags.trusted_presentation_listener_for_window = true
1788779393.755 10316 24531 24531 I UniqueNative: proc view set: 16 rule(s)
1788779393.755 10316 24531 24581 V AconfigFlags: Read Aconfig default flag value com.android.window.flags.untrusted_embedding_any_app_permission = false
1788779393.755 10316 24531 24581 V AconfigFlags: Read Aconfig default flag value com.android.window.flags.untrusted_embedding_state_sharing = true
1788779393.755 10316 24531 24581 V AconfigFlags: Read Aconfig default flag value com.android.window.flags.use_window_original_touchable_region_when_magnification_recompute_bounds = false
1788779393.755 10316 24531 24581 V AconfigFlags: Read Aconfig default flag value com.android.window.flags.user_min_aspect_ratio_app_default = true
1788779393.755 10316 24531 24581 V AconfigFlags: Read Aconfig default flag value com.android.window.flags.wait_for_transition_on_display_switch = true
1788779393.755 10316 24531 24581 V AconfigFlags: Read Aconfig default flag value com.android.window.flags.wallpaper_offset_async = true
1788779393.756 10316 24531 24581 V AconfigFlags: Read Aconfig default flag value com.android.window.flags.window_session_relayout_info = true
1788779393.756 10316 24531 24581 V AconfigFlags: Read Aconfig default flag value com.android.window.flags.window_token_config_thread_safe = true
1788779393.756 10316 24531 24581 V AconfigFlags: Read Aconfig default flag value com.android.wm.shell.animate_bubble_size_change = false
1788779393.756 10316 24531 24581 V AconfigFlags: Read Aconfig default flag value com.android.wm.shell.enable_app_pairs = true
1788779393.756 10316 24531 24581 V AconfigFlags: Read Aconfig default flag value com.android.wm.shell.enable_bubble_anything = false
1788779393.756 10316 24531 24581 V AconfigFlags: Read Aconfig default flag value com.android.wm.shell.enable_bubble_bar = false
1788779393.756 10316 24531 24581 V AconfigFlags: Read Aconfig default flag value com.android.wm.shell.enable_bubble_stashing = false
1788779393.756 10316 24531 24581 V AconfigFlags: Read Aconfig default flag value com.android.wm.shell.enable_bubbles_long_press_nav_handle = false
1788779393.756 10316 24531 24581 V AconfigFlags: Read Aconfig default flag value com.android.wm.shell.enable_left_right_split_in_portrait = true
1788779393.756 10316 24531 24581 V AconfigFlags: Read Aconfig default flag value com.android.wm.shell.enable_new_bubble_animations = false
1788779393.756 10316 24531 24581 V AconfigFlags: Read Aconfig default flag value com.android.wm.shell.enable_optional_bubble_overflow = false
1788779393.756 10316 24531 24581 V AconfigFlags: Read Aconfig default flag value com.android.wm.shell.enable_pip2_implementation = false
1788779393.756 10316 24531 24581 V AconfigFlags: Read Aconfig default flag value com.android.wm.shell.enable_pip_umo_experience = false
1788779393.756 10316 24531 24581 V AconfigFlags: Read Aconfig default flag value com.android.wm.shell.enable_retrievable_bubbles = false
1788779393.756 10316 24531 24581 V AconfigFlags: Read Aconfig default flag value com.android.wm.shell.enable_split_contextual = true
1788779393.756 10316 24531 24581 V AconfigFlags: Read Aconfig default flag value com.android.wm.shell.enable_taskbar_navbar_unification = true
1788779393.756 10316 24531 24581 V AconfigFlags: Read Aconfig default flag value com.android.wm.shell.enable_tiny_taskbar = false
1788779393.756 10316 24531 24581 V AconfigFlags: Read Aconfig default flag value com.android.wm.shell.only_reuse_bubbled_task_when_launched_from_bubble = false
1788779393.756 10316 24531 24581 V AconfigFlags: Read Aconfig default flag value com.example.android.aconfig.demo.flags.append_injected_content = false
1788779393.756 10316 24531 24581 V AconfigFlags: Read Aconfig default flag value com.example.android.aconfig.demo.flags.append_static_content = false
1788779393.756 10316 24531 24581 V AconfigFlags: Read Aconfig default flag value com.example.android.aconfig.demo.flags.awesome_flag_1 = false
1788779393.756 10316 24531 24581 V AconfigFlags: Read Aconfig default flag value com.example.android.aconfig.demo.flags.awesome_flag_2 = false
1788779393.756 10316 24531 24581 V AconfigFlags: Read Aconfig default flag value com.example.android.aconfig.demo.flags.fifth_flag = false
1788779393.756 10316 24531 24581 V AconfigFlags: Read Aconfig default flag value com.example.android.aconfig.demo.flags.read_only_flag = false
1788779393.756 10316 24531 24581 V AconfigFlags: Read Aconfig default flag value com.example.android.aconfig.demo.flags.support_bugfix_templates_demo_flag = false
1788779393.756 10316 24531 24581 V AconfigFlags: Read Aconfig default flag value com.example.android.aconfig.demo.flags.support_bugfix_templates_demo_flag_fixed_read_only = false
1788779393.756 10316 24531 24581 V AconfigFlags: Read Aconfig default flag value com.example.android.aconfig.demo.flags.support_wear_bugfix_templates_demo_flag = false
1788779393.756 10316 24531 24581 V AconfigFlags: Read Aconfig default flag value com.example.android.aconfig.demo.flags.support_wear_bugfix_templates_demo_flag_fixed_read_only = false
1788779393.756 10316 24531 24531 I UniqueNative: io_redirect: 9 exclusion(s) set
1788779393.756 10316 24531 24581 V AconfigFlags: Read Aconfig default flag value com.example.android.aconfig.demo.flags.test_mendel_gantry_disintegration = false
1788779393.757 10316 24531 24581 V AconfigFlags: Read Aconfig default flag value com.example.android.aconfig.demo.flags.test_mendel_gantry_disintegration_again = false
1788779393.757 10316 24531 24581 V AconfigFlags: Read Aconfig default flag value com.example.android.aconfig.demo.flags.third_flag = false
1788779393.757 10316 24531 24581 V AconfigFlags: Read Aconfig default flag value com.example.android.aconfig.demo.flags.yet_another_mendel_gantry_disintegration_bugfix_flag = false
1788779393.757 10316 24531 24581 V AconfigFlags: Read Aconfig default flag value com.example.android.aconfig.demo.flags.yet_another_mendel_gantry_disintegration_flag = false
1788779393.757 10316 24531 24581 V AconfigFlags: Read Aconfig default flag value com.example.android.aconfig.demo.flags.yet_another_test_bugfix_flag = false
1788779393.757 10316 24531 24581 V AconfigFlags: Read Aconfig default flag value com.example.android.aconfig.demo.flags.yet_another_test_flag = false
1788779393.757 10316 24531 24531 I UniqueNative: io_redirect: linker dlopen located; dlopen is hooked with the caller preserved
1788779393.759 10316 24531 24581 V AconfigFlags: Read Aconfig default flag value com.android.settings.accessibility.add_brightness_settings_in_suw = false
1788779393.759 10316 24531 24581 V AconfigFlags: Read Aconfig default flag value com.android.settings.accessibility.edit_shortcuts_in_full_screen = true
1788779393.759 10316 24531 24581 V AconfigFlags: Read Aconfig default flag value com.android.settings.accessibility.enable_color_contrast_control = true
1788779393.759 10316 24531 24581 V AconfigFlags: Read Aconfig default flag value com.android.settings.accessibility.enable_hearing_aid_preset_control = true
1788779393.759 10316 24531 24581 V AconfigFlags: Read Aconfig default flag value com.android.settings.accessibility.enable_hearing_aid_volume_offset_control = false
1788779393.759 10316 24531 24581 V AconfigFlags: Read Aconfig default flag value com.android.settings.accessibility.hide_magnification_always_on_toggle_when_window_mode_only = false
1788779393.759 10316 24531 24581 V AconfigFlags: Read Aconfig default flag value com.android.settings.accessibility.remove_qs_tooltip_in_suw = false
1788779393.759 10316 24531 24581 V AconfigFlags: Read Aconfig default flag value com.android.settings.development.a2dp_offload_codec_extensibility_settings = false
1788779393.759 10316 24531 24581 V AconfigFlags: Read Aconfig default flag value com.android.settings.development.deprecate_list_activity = false
1788779393.760 10316 24531 24581 V AconfigFlags: Read Aconfig default flag value com.android.settings.factory_reset.enable_factory_reset_wizard = true
1788779393.760 10316 24531 24581 V AconfigFlags: Read Aconfig default flag value com.android.settings.flags.accessibility_customize_text_reading_preview = false
1788779393.760 10316 24531 24581 V AconfigFlags: Read Aconfig default flag value com.android.settings.flags.accessibility_show_app_info_button = true
1788779393.760 10316 24531 24581 V AconfigFlags: Read Aconfig default flag value com.android.settings.flags.app_archiving = false
1788779393.760 10316 24531 24581 V AconfigFlags: Read Aconfig default flag value com.android.settings.flags.biometric_settings_provider = true
1788779393.760 10316 24531 24581 V AconfigFlags: Read Aconfig default flag value com.android.settings.flags.datetime_feedback = false
1788779393.760 10316 24531 24581 V AconfigFlags: Read Aconfig default flag value com.android.settings.flags.dedupe_dnd_settings_channels = true
1788779393.760 10316 24531 24581 V AconfigFlags: Read Aconfig default flag value com.android.settings.flags.development_game_default_frame_rate = true
1788779393.760 10316 24531 24581 V AconfigFlags: Read Aconfig default flag value com.android.settings.flags.development_hdr_sdr_ratio = true
1788779393.760 10316 24531 24581 V AconfigFlags: Read Aconfig default flag value com.android.settings.flags.dynamic_injection_category = false
1788779393.760 10316 24531 24581 V AconfigFlags: Read Aconfig default flag value com.android.settings.flags.enable_auth_challenge_for_usb_preferences = true
1788779393.760 10316 24531 24581 V AconfigFlags: Read Aconfig default flag value com.android.settings.flags.enable_bluetooth_profile_toggle_visibility_checker = true
1788779393.760 10316 24531 24581 V AconfigFlags: Read Aconfig default flag value com.android.settings.flags.enable_bonded_bluetooth_device_searchable = false
1788779393.760 10316 24531 24581 V AconfigFlags: Read Aconfig default flag value com.android.settings.flags.enable_device_diagnostics_in_settings = false
1788779393.760 10316 24531 24581 V AconfigFlags: Read Aconfig default flag value com.android.settings.flags.enable_offload_bluetooth_operations_to_background_thread = false
1788779393.760 10316 24531 24581 V AconfigFlags: Read Aconfig default flag value com.android.settings.flags.enable_perform_backup_tasks_in_settings = false
1788779393.760 10316 24531 24581 V AconfigFlags: Read Aconfig default flag value com.android.settings.flags.enable_sound_backup = true
1788779393.760 10316 24531 24581 V AconfigFlags: Read Aconfig default flag value com.android.settings.flags.enable_subsequent_pair_settings_integration = true
1788779393.760 10316 24531 24581 V AconfigFlags: Read Aconfig default flag value com.android.settings.flags.enable_voice_activation_apps_in_settings = false
1788779393.760 10316 24531 24581 V AconfigFlags: Read Aconfig default flag value com.android.settings.flags.fingerprint_v2_enrollment = false
1788779393.760 10316 24531 24581 V AconfigFlags: Read Aconfig default flag value com.android.settings.flags.hide_le_audio_toggle_for_le_audio_only_device = false
1788779393.760 10316 24531 24581 V AconfigFlags: Read Aconfig default flag value com.android.settings.flags.homepage_revamp = false
1788779393.760 10316 24531 24581 V AconfigFlags: Read Aconfig default flag value com.android.settings.flags.internet_preference_controller_v2 = false
1788779393.760 10316 24531 24581 V AconfigFlags: Read Aconfig default flag value com.android.settings.flags.is_dual_sim_onboarding_enabled = true
1788779393.760 10316 24531 24581 V AconfigFlags: Read Aconfig default flag value com.android.settings.flags.locale_notification_enabled = true
1788779393.760 10316 24531 24581 V AconfigFlags: Read Aconfig default flag value com.android.settings.flags.mainline_module_explicit_intent = true
1788779393.760 10316 24531 24581 V AconfigFlags: Read Aconfig default flag value com.android.settings.flags.new_apn_page_enabled = true
1788779393.760 10316 24531 24581 V AconfigFlags: Read Aconfig default flag value com.android.settings.flags.new_hearing_device_pairing_page = false
1788779393.760 10316 24531 24581 V AconfigFlags: Read Aconfig default flag value com.android.settings.flags.protect_lock_after_timeout_with_auth = true
1788779393.760 10316 24531 24581 V AconfigFlags: Read Aconfig default flag value com.android.settings.flags.protect_screen_timeout_with_auth = true
1788779393.761 10316 24531 24581 V AconfigFlags: Read Aconfig default flag value com.android.settings.flags.refactor_print_settings = false
1788779393.761 10316 24531 24581 V AconfigFlags: Read Aconfig default flag value com.android.settings.flags.remove_key_hide_enable_2g = true
1788779393.761 10316 24531 24581 V AconfigFlags: Read Aconfig default flag value com.android.settings.flags.separate_accessibility_vibration_settings_fragments = false
1788779393.761 10316 24531 24581 V AconfigFlags: Read Aconfig default flag value com.android.settings.flags.sfps_enroll_refinement = true
1788779393.761 10316 24531 24581 V AconfigFlags: Read Aconfig default flag value com.android.settings.flags.show_factory_reset_cancel_button = true
1788779393.761 10316 24531 24581 V AconfigFlags: Read Aconfig default flag value com.android.settings.flags.slices_retirement = false
1788779393.761 10316 24531 24581 V AconfigFlags: Read Aconfig default flag value com.android.settings.flags.terms_of_address_enabled = true
1788779393.761 10316 24531 24581 V AconfigFlags: Read Aconfig default flag value com.android.settings.flags.thread_settings_enabled = false
1788779393.761 10316 24531 24581 V AconfigFlags: Read Aconfig default flag value com.android.settings.flags.udfps_enroll_calibration = true
1788779393.761 10316 24531 24581 V AconfigFlags: Read Aconfig default flag value com.android.settings.media_drm.force_l3_enabled = true
1788779393.787 10316 24531 24531 I UniqueNative: io_redirect: library-load watch installed (7 slot(s) in 21 libraries)
1788779393.787 10316 24531 24531 W UniqueNative: io_redirect: watch saw but did not match: /data/misc/apexdata/com.android.art/dalvik-cache/arm64/boot.oat
1788779393.787 10316 24531 24531 W UniqueNative: io_redirect: watch saw but did not match: /data/misc/apexdata/com.android.art/dalvik-cache/arm64/boot-framework-adservices.oat
1788779393.787 10316 24531 24531 W UniqueNative: io_redirect: watch saw but did not match: /data/app/~~tWsv6EXqqzygc9AK_QduMQ==/com.unique-kzb7howaBu3vTJ89NnVeNQ==/oat/arm64/base.odex
1788779393.787 10316 24531 24531 W UniqueNative: io_redirect: watch saw but did not match: /data/app/~~tWsv6EXqqzygc9AK_QduMQ==/com.unique-kzb7howaBu3vTJ89NnVeNQ==/base.apk!/lib/arm64-v8a/libunique_native.so
1788779393.798 10316 24531 24531 I UniqueNative: io_redirect: excluded (not hooked, on purpose): /vendor/lib64/libbase.so
1788779393.798 10316 24531 24531 I UniqueNative: io_redirect: excluded (not hooked, on purpose): /vendor/lib64/libutils.so
1788779393.798 10316 24531 24531 I UniqueNative: io_redirect: excluded (not hooked, on purpose): /vendor/lib64/libcutils.so
1788779393.798 10316 24531 24531 I UniqueNative: io_redirect: excluded (not hooked, on purpose): /vendor/lib64/libz.so
1788779393.798 10316 24531 24531 I UniqueNative: io_redirect installed: 120 slot(s) in 16/389 libraries (4 excluded, 0 seen before, 120 total), 13 rule(s), page size 4096
1788779393.798 10316 24531 24531 I UniqueNative: io_redirect: hooked libandroid_runtime.so=11+packed
1788779393.798 10316 24531 24531 I UniqueNative: io_redirect: hooked libbinder.so=8+packed
1788779393.798 10316 24531 24531 I UniqueNative: io_redirect: hooked libcutils.so=11+packed
1788779393.798 10316 24531 24531 I UniqueNative: io_redirect: hooked libnativeloader.so=2+packed
1788779393.798 10316 24531 24531 I UniqueNative: io_redirect: hooked libutils.so=1+packed
1788779393.798 10316 24531 24531 I UniqueNative: io_redirect: hooked libbase.so=8+packed
1788779393.798 10316 24531 24531 I UniqueNative: io_redirect: hooked libz.so=1+packed
1788779393.798 10316 24531 24531 I UniqueNative: io_redirect: hooked libandroidfw.so=9+packed
1788779393.798 10316 24531 24531 I UniqueNative: io_redirect: hooked libsqlite.so=2+abs+packed
1788779393.798 10316 24531 24531 I UniqueNative: io_redirect: hooked libincfs.so=15+packed
1788779393.798 10316 24531 24531 I UniqueNative: io_redirect: hooked libdataloader.so=2+packed
1788779393.798 10316 24531 24531 I UniqueNative: io_redirect: hooked libbase.so=8+packed
1788779393.798 10316 24531 24531 I UniqueNative: io_redirect: hooked libbase.so=8+packed
1788779393.798 10316 24531 24531 I UniqueNative: io_redirect: hooked libbase.so=8+packed
1788779393.798 10316 24531 24531 I UniqueNative: io_redirect: hooked libjavacore.so=11+packed
1788779393.798 10316 24531 24531 I UniqueNative: io_redirect: hooked libopenjdk.so=15+packed
1788779393.798 10316 24531 24531 I UniqueNative: io_redirect: nothing in this process imports: openat,fstatat64,faccessat,renameat,readlinkat,fchmodat,__readlinkat_chk,open64,openat64,fopen64,creat,creat64
1788779393.798 10316 24531 24531 I UniqueNative: io_redirect: sqlite 8/8 system call(s) replaced (library=yes api=yes vfs=v3) every name in the table was replaced
1788779393.800 10316 24531 24531 I Unique  : 2026-09-07 18:09:53.799 I NATIVE IO_REDIRECT_ARMED package=com.axlebolt.standoff2 rules=13 procView=16 watch=OK status=OK slots=120
1788779393.803 10316 24531 24581 V AconfigFlags: Read Aconfig default flag value android.adaptiveauth.enable_adaptive_auth = true
1788779393.803 10316 24531 24581 V AconfigFlags: Read Aconfig default flag value android.adaptiveauth.report_biometric_auth_attempts = true
1788779393.803 10316 24531 24581 V AconfigFlags: Read Aconfig default flag value android.app.activity_embedding = false
1788779393.803 10316 24531 24581 V AconfigFlags: Read Aconfig default flag value android.app.admin.flags.allow_querying_profile_type = true
1788779393.803 10316 24531 24581 V AconfigFlags: Read Aconfig default flag value android.app.admin.flags.allow_screen_brightness_control_on_cope = true
1788779393.803 10316 24531 24581 V AconfigFlags: Read Aconfig default flag value android.app.admin.flags.always_persist_do = true
1788779393.803 10316 24531 24581 V AconfigFlags: Read Aconfig default flag value android.app.admin.flags.assist_content_user_restriction_enabled = true
1788779393.803 10316 24531 24581 V AconfigFlags: Read Aconfig default flag value android.app.admin.flags.backup_connected_apps_settings = false
1788779393.804 10316 24531 24581 V AconfigFlags: Read Aconfig default flag value android.app.admin.flags.backup_service_security_log_event_enabled = true
1788779393.804 10316 24531 24581 V AconfigFlags: Read Aconfig default flag value android.app.admin.flags.coexistence_migration_for_non_emm_management_enabled = true
1788779393.804 10316 24531 24581 V AconfigFlags: Read Aconfig default flag value android.app.admin.flags.copy_account_with_retry_enabled = true
1788779393.804 10316 24531 24581 V AconfigFlags: Read Aconfig default flag value android.app.admin.flags.cross_user_suspension_enabled_ro = false
1788779393.804 10316 24531 24581 V AconfigFlags: Read Aconfig default flag value android.app.admin.flags.dedicated_device_control_api_enabled = true
1788779393.804 10316 24531 24581 V AconfigFlags: Read Aconfig default flag value android.app.admin.flags.dedicated_device_control_enabled = true
1788779393.804 10316 24531 24581 V AconfigFlags: Read Aconfig default flag value android.app.admin.flags.default_sms_personal_app_suspension_fix_enabled = true
1788779393.804 10316 24531 24581 V AconfigFlags: Read Aconfig default flag value android.app.admin.flags.delete_private_space_under_restriction = true
1788779393.804 10316 24531 24581 V AconfigFlags: Read Aconfig default flag value android.app.admin.flags.device_policy_size_tracking_enabled = true
1788779393.804 10316 24531 24581 V AconfigFlags: Read Aconfig default flag value android.app.admin.flags.device_policy_size_tracking_internal_bug_fix_enabled = true
1788779393.804 10316 24531 24581 V AconfigFlags: Read Aconfig default flag value android.app.admin.flags.device_policy_size_tracking_internal_enabled = false
1788779393.804 10316 24531 24581 V AconfigFlags: Read Aconfig default flag value android.app.admin.flags.device_theft_api_enabled = false
1788779393.804 10316 24531 24581 V AconfigFlags: Read Aconfig default flag value android.app.admin.flags.device_theft_impl_enabled = false
1788779393.804 10316 24531 24581 V AconfigFlags: Read Aconfig default flag value android.app.admin.flags.disallow_user_control_bg_usage_fix = true
1788779393.804 10316 24531 24581 V AconfigFlags: Read Aconfig default flag value android.app.admin.flags.disallow_user_control_stopped_state_fix = true
1788779393.804 10316 24531 24581 V AconfigFlags: Read Aconfig default flag value android.app.admin.flags.dmrh_set_app_restrictions = true
1788779393.804 10316 24531 24581 V AconfigFlags: Read Aconfig default flag value android.app.admin.flags.dumpsys_policy_engine_migration_enabled = true
1788779393.805 10316 24531 24581 V AconfigFlags: Read Aconfig default flag value android.app.admin.flags.esim_management_enabled = true
1788779393.805 10316 24531 24581 V AconfigFlags: Read Aconfig default flag value android.app.admin.flags.esim_management_ux_enabled = false
1788779393.805 10316 24531 24581 V AconfigFlags: Read Aconfig default flag value android.app.admin.flags.headless_device_owner_delegate_security_logging_bug_fix = true
1788779393.805 10316 24531 24581 V AconfigFlags: Read Aconfig default flag value android.app.admin.flags.headless_device_owner_provisioning_fix_enabled = true
1788779393.805 10316 24531 24581 V AconfigFlags: Read Aconfig default flag value android.app.admin.flags.headless_device_owner_single_user_enabled = true
1788779393.805 10316 24531 24581 V AconfigFlags: Read Aconfig default flag value android.app.admin.flags.headless_single_min_target_sdk = false
1788779393.805 10316 24531 24581 V AconfigFlags: Read Aconfig default flag value android.app.admin.flags.headless_single_user_bad_device_admin_state_fix = true
1788779393.805 10316 24531 24581 V AconfigFlags: Read Aconfig default flag value android.app.admin.flags.headless_single_user_compatibility_fix = true
1788779393.805 10316 24531 24581 V AconfigFlags: Read Aconfig default flag value android.app.admin.flags.headless_single_user_fixes = true
1788779393.805 10316 24531 24581 V AconfigFlags: Read Aconfig default flag value android.app.admin.flags.hsum_unlock_notification_fix = true
1788779393.805 10316 24531 24581 V AconfigFlags: Read Aconfig default flag value android.app.admin.flags.is_mte_policy_enforced = true
1788779393.805 10316 24531 24581 V AconfigFlags: Read Aconfig default flag value android.app.admin.flags.is_recursive_required_app_merging_enabled = false
1788779393.805 10316 24531 24581 V AconfigFlags: Read Aconfig default flag value android.app.admin.flags.onboarding_bugreport_storage_bug_fix = true
1788779393.805 10316 24531 24581 V AconfigFlags: Read Aconfig default flag value android.app.admin.flags.onboarding_bugreport_v2_enabled = true
1788779393.805 10316 24531 24581 V AconfigFlags: Read Aconfig default flag value android.app.admin.flags.onboarding_consentless_bugreports = true
1788779393.805 10316 24531 24581 V AconfigFlags: Read Aconfig default flag value android.app.admin.flags.permission_migration_for_zero_trust_api_enabled = true
1788779393.805 10316 24531 24581 V AconfigFlags: Read Aconfig default flag value android.app.admin.flags.permission_migration_for_zero_trust_impl_enabled = true
1788779393.805 10316 24531 24581 V AconfigFlags: Read Aconfig default flag value android.app.admin.flags.policy_engine_migration_v2_enabled = true
1788779393.805 10316 24531 24581 V AconfigFlags: Read Aconfig default flag value android.app.admin.flags.power_exemption_bg_usage_fix = true
1788779393.805 10316 24531 24581 V AconfigFlags: Read Aconfig default flag value android.app.admin.flags.provisioning_context_parameter = false
1788779393.805 10316 24531 24581 V AconfigFlags: Read Aconfig default flag value android.app.admin.flags.quiet_mode_credential_bug_fix = true
1788779393.805 10316 24531 24581 V AconfigFlags: Read Aconfig default flag value android.app.admin.flags.security_log_v2_enabled = true
1788779393.805 10316 24531 24581 V AconfigFlags: Read Aconfig default flag value android.app.admin.flags.unmanaged_mode_migration = false
1788779393.805 10316 24531 24581 V AconfigFlags: Read Aconfig default flag value android.app.api_rich_ongoing = false
1788779393.805 10316 24531 24581 V AconfigFlags: Read Aconfig default flag value android.app.api_tvextender = true
1788779393.805 10316 24531 24581 V AconfigFlags: Read Aconfig default flag value android.app.app_restrictions_api = true
1788779393.805 10316 24531 24581 V AconfigFlags: Read Aconfig default flag value android.app.app_start_info = true
1788779393.805 10316 24531 24581 V AconfigFlags: Read Aconfig default flag value android.app.app_start_info_timestamps = true
1788779393.805 10316 24531 24581 V AconfigFlags: Read Aconfig default flag value android.app.bic_client = true
1788779393.805 10316 24531 24581 V AconfigFlags: Read Aconfig default flag value android.app.category_voicemail = true
1788779393.805 10316 24531 24581 V AconfigFlags: Read Aconfig default flag value android.app.check_autogroup_before_post = false
1788779393.805 10316 24531 24581 V AconfigFlags: Read Aconfig default flag value android.app.clean_up_spans_and_new_lines = false
1788779393.805 10316 24531 24581 V AconfigFlags: Read Aconfig default flag value android.app.clear_dns_cache_on_network_rules_update = true
1788779393.805 10316 24531 24581 V AconfigFlags: Read Aconfig default flag value android.app.compact_heads_up_notification = false
1788779393.805 10316 24531 24581 V AconfigFlags: Read Aconfig default flag value android.app.compact_heads_up_notification_reply = false
1788779393.805 10316 24531 24581 V AconfigFlags: Read Aconfig default flag value android.app.contextualsearch.flags.enable_service = true
1788779393.806 10316 24531 24581 V AconfigFlags: Read Aconfig default flag value android.app.contextualsearch.flags.enable_token_refresh = false
1788779393.806 10316 24531 24581 V AconfigFlags: Read Aconfig default flag value android.app.enable_fgs_timeout_crash_behavior = true
1788779393.806 10316 24531 24581 V AconfigFlags: Read Aconfig default flag value android.app.enable_night_mode_binder_cache = true
1788779393.806 10316 24531 24581 V AconfigFlags: Read Aconfig default flag value android.app.enable_pip_ui_state_callback_on_entering = true
1788779393.806 10316 24531 24581 V AconfigFlags: Read Aconfig default flag value android.app.evenly_divided_call_style_action_layout = true
1788779393.806 10316 24531 24581 V AconfigFlags: Read Aconfig default flag value android.app.gate_fgs_timeout_anr_behavior = false
1788779393.806 10316 24531 24581 V AconfigFlags: Read Aconfig default flag value android.app.get_binding_uid_importance = true
1788779393.806 10316 24531 24581 V AconfigFlags: Read Aconfig default flag value android.app.introduce_new_service_ontimeout_callback = true
1788779393.806 10316 24531 24581 V AconfigFlags: Read Aconfig default flag value android.app.job.backup_jobs_exemption = false
1788779393.806 10316 24531 24581 V AconfigFlags: Read Aconfig default flag value android.app.job.enforce_minimum_time_windows = false
1788779393.806 10316 24531 24581 V AconfigFlags: Read Aconfig default flag value android.app.job.job_debug_info_apis = true
1788779393.806 10316 24531 24581 V AconfigFlags: Read Aconfig default flag value android.app.keyguard_private_notifications = true
1788779393.806 10316 24531 24581 V AconfigFlags: Read Aconfig default flag value android.app.lifetime_extension_refactor = false
1788779393.806 10316 24531 24581 V AconfigFlags: Read Aconfig default flag value android.app.modes_api = true
1788779393.806 10316 24531 24581 V AconfigFlags: Read Aconfig default flag value android.app.modes_ui = false
1788779393.806 10316 24531 24581 V AconfigFlags: Read Aconfig default flag value android.app.notification_channel_vibration_effect_api = true
1788779393.806 10316 24531 24581 V AconfigFlags: Read Aconfig default flag value android.app.notification_expansion_optional = false
1788779393.806 10316 24531 24581 V AconfigFlags: Read Aconfig default flag value android.app.notifications_use_app_icon = false
1788779393.806 10316 24531 24581 V AconfigFlags: Read Aconfig default flag value android.app.notifications_use_app_icon_in_row = false
1788779393.806 10316 24531 24581 V AconfigFlags: Read Aconfig default flag value android.app.notifications_use_monochrome_app_icon = false
1788779393.806 10316 24531 24581 V AconfigFlags: Read Aconfig default flag value android.app.ondeviceintelligence.flags.enable_on_device_intelligence = true
1788779393.806 10316 24531 24581 V AconfigFlags: Read Aconfig default flag value android.app.pinner_service_client_api = true
1788779393.806 10316 24531 24581 V AconfigFlags: Read Aconfig default flag value android.app.redact_sensitive_content_notifications_on_lockscreen = false
1788779393.806 10316 24531 24581 V AconfigFlags: Read Aconfig default flag value android.app.remove_remote_views = false
1788779393.806 10316 24531 24581 V AconfigFlags: Read Aconfig default flag value android.app.restrict_audio_attributes_alarm = false
1788779393.806 10316 24531 24581 V AconfigFlags: Read Aconfig default flag value android.app.restrict_audio_attributes_call = false
1788779393.806 10316 24531 24581 V AconfigFlags: Read Aconfig default flag value android.app.restrict_audio_attributes_media = false
1788779393.806 10316 24531 24581 V AconfigFlags: Read Aconfig default flag value android.app.secure_allowlist_token = true
1788779393.806 10316 24531 24581 V AconfigFlags: Read Aconfig default flag value android.app.skip_bg_mem_trim_on_fg_app = false
1788779393.806 10316 24531 24581 V AconfigFlags: Read Aconfig default flag value android.app.smartspace.flags.access_smartspace = true
1788779393.806 10316 24531 24581 V AconfigFlags: Read Aconfig default flag value android.app.smartspace.flags.remote_views = true
1788779393.806 10316 24531 24581 V AconfigFlags: Read Aconfig default flag value android.app.sort_section_by_time = false
1788779393.806 10316 24531 24581 V AconfigFlags: Read Aconfig default flag value android.app.system_terms_of_address_enabled = true
1788779393.806 10316 24531 24581 V AconfigFlags: Read Aconfig default flag value android.app.uid_importance_listener_for_uids = false
1788779393.806 10316 24531 24581 V AconfigFlags: Read Aconfig default flag value android.app.update_ranking_time = false
1788779393.806 10316 24531 24581 V AconfigFlags: Read Aconfig default flag value android.app.usage.disable_idle_check = false
1788779393.806 10316 24531 24581 V AconfigFlags: Read Aconfig default flag value android.app.usage.filter_based_event_query_api = true
1788779393.806 10316 24531 24581 V AconfigFlags: Read Aconfig default flag value android.app.usage.get_app_bytes_by_data_type_api = true
1788779393.806 10316 24531 24581 V AconfigFlags: Read Aconfig default flag value android.app.usage.report_usage_stats_permission = true
1788779393.807 10316 24531 24581 V AconfigFlags: Read Aconfig default flag value android.app.usage.use_dedicated_handler_thread = true
1788779393.807 10316 24531 24581 V AconfigFlags: Read Aconfig default flag value android.app.usage.use_parceled_list = true
1788779393.807 10316 24531 24581 V AconfigFlags: Read Aconfig default flag value android.app.usage.user_interaction_type_api = true
1788779393.807 10316 24531 24581 V AconfigFlags: Read Aconfig default flag value android.app.use_app_info_not_launched = false
1788779393.807 10316 24531 24581 V AconfigFlags: Read Aconfig default flag value android.app.visit_person_uri = false
1788779393.807 10316 24531 24581 V AconfigFlags: Read Aconfig default flag value android.app.wearable.enable_data_request_observer_api = true
1788779393.807 10316 24531 24581 V AconfigFlags: Read Aconfig default flag value android.app.wearable.enable_hotword_wearable_sensing_api = true
1788779393.807 10316 24531 24581 V AconfigFlags: Read Aconfig default flag value android.app.wearable.enable_provide_wearable_connection_api = true
1788779393.807 10316 24531 24581 V AconfigFlags: Read Aconfig default flag value android.app.wearable.enable_restart_wss_process = true
1788779393.807 10316 24531 24581 V AconfigFlags: Read Aconfig default flag value android.app.wearable.enable_unsupported_operation_status_code = true
1788779393.807 10316 24531 24581 V AconfigFlags: Read Aconfig default flag value android.appwidget.flags.draw_data_parcel = true
1788779393.807 10316 24531 24581 V AconfigFlags: Read Aconfig default flag value android.appwidget.flags.generated_previews = true
1788779393.807 10316 24531 24581 V AconfigFlags: Read Aconfig default flag value android.appwidget.flags.remote_adapter_conversion = false
1788779393.807 10316 24531 24581 V AconfigFlags: Read Aconfig default flag value android.appwidget.flags.remove_app_widget_service_io_from_critical_path = true
1788779393.807 10316 24531 24581 V AconfigFlags: Read Aconfig default flag value android.appwidget.flags.support_resume_restore_after_reboot = false
1788779393.807 10316 24531 24581 V AconfigFlags: Read Aconfig default flag value android.appwidget.flags.throttle_widget_updates = false
1788779393.807 10316 24531 24581 V AconfigFlags: Read Aconfig default flag value android.chre.flags.abort_if_no_context_hub_found = false
1788779393.807 10316 24531 24581 V AconfigFlags: Read Aconfig default flag value android.chre.flags.bug_fix_reduce_lock_holding_period = true
1788779393.807 10316 24531 24581 V AconfigFlags: Read Aconfig default flag value android.chre.flags.context_hub_callback_uuid_enabled = true
1788779393.807 10316 24531 24581 V AconfigFlags: Read Aconfig default flag value android.chre.flags.flag_log_nanoapp_load_metrics = true
1788779393.807 10316 24531 24581 V AconfigFlags: Read Aconfig default flag value android.chre.flags.metrics_reporter_in_the_daemon = true
1788779393.807 10316 24531 24581 V AconfigFlags: Read Aconfig default flag value android.chre.flags.reconnect_host_endpoints_after_hal_restart = false
1788779393.807 10316 24531 24581 V AconfigFlags: Read Aconfig default flag value android.chre.flags.reduce_lock_holding_period = false
1788779393.807 10316 24531 24581 V AconfigFlags: Read Aconfig default flag value android.chre.flags.reliable_message = true
1788779393.807 10316 24531 24581 V AconfigFlags: Read Aconfig default flag value android.chre.flags.reliable_message_duplicate_detection_service = false
1788779393.807 10316 24531 24581 V AconfigFlags: Read Aconfig default flag value android.chre.flags.reliable_message_implementation = true
1788779393.807 10316 24531 24581 V AconfigFlags: Read Aconfig default flag value android.chre.flags.reliable_message_retry_support_service = false
1788779393.807 10316 24531 24581 V AconfigFlags: Read Aconfig default flag value android.chre.flags.reliable_message_test_mode_behavior = false
1788779393.807 10316 24531 24581 V AconfigFlags: Read Aconfig default flag value android.chre.flags.remove_ap_wakeup_metric_report_limit = true
1788779393.807 10316 24531 24581 V AconfigFlags: Read Aconfig default flag value android.chre.flags.wait_for_preloaded_nanoapp_start = false
1788779393.807 10316 24531 24581 V AconfigFlags: Read Aconfig default flag value android.companion.association_tag = false
1788779393.807 10316 24531 24581 V AconfigFlags: Read Aconfig default flag value android.companion.companion_transport_apis = false
1788779393.807 10316 24531 24581 V AconfigFlags: Read Aconfig default flag value android.companion.device_presence = false
1788779393.807 10316 24531 24581 V AconfigFlags: Read Aconfig default flag value android.companion.new_association_builder = true
1788779393.807 10316 24531 24581 V AconfigFlags: Read Aconfig default flag value android.companion.ongoing_perm_sync = false
1788779393.807 10316 24531 24581 V AconfigFlags: Read Aconfig default flag value android.companion.perm_sync_user_consent = true
1788779393.807 10316 24531 24581 V AconfigFlags: Read Aconfig default flag value android.companion.unpair_associated_device = false
1788779393.808 10316 24531 24581 V AconfigFlags: Read Aconfig default flag value android.companion.virtual.flags.consistent_display_flags = true
1788779393.808 10316 24531 24581 V AconfigFlags: Read Aconfig default flag value android.companion.virtual.flags.cross_device_clipboard = true
1788779393.808 10316 24531 24581 V AconfigFlags: Read Aconfig default flag value android.companion.virtual.flags.dynamic_policy = true
1788779393.808 10316 24531 24581 V AconfigFlags: Read Aconfig default flag value android.companion.virtual.flags.enable_native_vdm = true
1788779393.808 10316 24531 24581 V AconfigFlags: Read Aconfig default flag value android.companion.virtual.flags.express_metrics = true
1788779393.808 10316 24531 24581 V AconfigFlags: Read Aconfig default flag value android.companion.virtual.flags.impulse_velocity_strategy_for_touch_navigation = true
1788779393.808 10316 24531 24581 V AconfigFlags: Read Aconfig default flag value android.companion.virtual.flags.interactive_screen_mirror = true
1788779393.810 10316 24531 24531 I Unique  : 2026-09-07 18:09:53.808 I LAUNCH GOOGLE_STACK_VISIBLE hidden=false reason=VISIBLE_BY_DEFAULT detail=the device has Play services and this instance has not shown it cannot use it packages=com.google.android.gms,com.google.android.gsf
1788779393.813 10316 24531 24531 I Unique  : 2026-09-07 18:09:53.811 I PROCESS NETWORK_SECURITY_INSTALLED package=com.axlebolt.standoff2 configRes=0 targetSdk=36
1788779393.808 10316 24531 24581 V AconfigFlags: Read Aconfig default flag value android.companion.virtual.flags.intercept_intents_before_applying_policy = true
1788779393.814 10316 24531 24581 V AconfigFlags: Read Aconfig default flag value android.companion.virtual.flags.persistent_device_id_api = true
1788779393.814 10316 24531 24581 V AconfigFlags: Read Aconfig default flag value android.companion.virtual.flags.stream_camera = false
1788779393.814 10316 24531 24581 V AconfigFlags: Read Aconfig default flag value android.companion.virtual.flags.stream_permissions = true
1788779393.815 10316 24531 24581 V AconfigFlags: Read Aconfig default flag value android.companion.virtual.flags.vdm_custom_home = true
1788779393.815 10316 24531 24581 V AconfigFlags: Read Aconfig default flag value android.companion.virtual.flags.vdm_custom_ime = true
1788779393.815 10316 24531 24581 V AconfigFlags: Read Aconfig default flag value android.companion.virtual.flags.vdm_public_apis = true
1788779393.815 10316 24531 24581 V AconfigFlags: Read Aconfig default flag value android.companion.virtual.flags.virtual_camera = true
1788779393.815 10316 24531 24581 V AconfigFlags: Read Aconfig default flag value android.companion.virtual.flags.virtual_stylus = true
1788779393.815 10316 24531 24581 V AconfigFlags: Read Aconfig default flag value android.companion.virtualdevice.flags.camera_device_awareness = true
1788779393.815 10316 24531 24581 V AconfigFlags: Read Aconfig default flag value android.companion.virtualdevice.flags.device_aware_drm = true
1788779393.815 10316 24531 24581 V AconfigFlags: Read Aconfig default flag value android.companion.virtualdevice.flags.device_aware_record_audio_permission = true
1788779393.815 10316 24531 24581 V AconfigFlags: Read Aconfig default flag value android.companion.virtualdevice.flags.intent_interception_action_matching_fix = true
1788779393.815 10316 24531 24581 V AconfigFlags: Read Aconfig default flag value android.companion.virtualdevice.flags.metrics_collection = true
1788779393.815 10316 24531 24581 V AconfigFlags: Read Aconfig default flag value android.companion.virtualdevice.flags.virtual_camera_service_discovery = true
1788779393.815 10316 24531 24581 V AconfigFlags: Read Aconfig default flag value android.companion.virtualdevice.flags.virtual_display_multi_window_mode_support = true
1788779393.815 10316 24531 24581 V AconfigFlags: Read Aconfig default flag value android.content.flags.enable_bind_package_isolated_process = true
1788779393.815 10316 24531 24581 V AconfigFlags: Read Aconfig default flag value android.content.pm.allow_sdk_sandbox_query_intent_activities = true
1788779393.815 10316 24531 24581 V AconfigFlags: Read Aconfig default flag value android.content.pm.archiving = true
1788779393.815 10316 24531 24581 V AconfigFlags: Read Aconfig default flag value android.content.pm.asl_in_apk_app_metadata_source = true
1788779393.815 10316 24531 24581 V AconfigFlags: Read Aconfig default flag value android.content.pm.component_state_changed_metrics = true
1788779393.815 10316 24531 24581 V AconfigFlags: Read Aconfig default flag value android.content.pm.disallow_sdk_libs_to_be_apps = false
1788779393.815 10316 24531 24581 V AconfigFlags: Read Aconfig default flag value android.content.pm.emergency_install_permission = true
1788779393.815 10316 24531 24581 V AconfigFlags: Read Aconfig default flag value android.content.pm.enable_rust_runtime = true
1788779393.815 10316 24531 24581 V AconfigFlags: Read Aconfig default flag value android.content.pm.encode_app_intent = true
1788779393.815 10316 24531 24581 V AconfigFlags: Read Aconfig default flag value android.content.pm.fix_duplicated_flags = true
1788779393.815 10316 24531 24581 V AconfigFlags: Read Aconfig default flag value android.content.pm.fix_system_apps_first_install_time = true
1788779393.815 10316 24531 24581 V AconfigFlags: Read Aconfig default flag value android.content.pm.force_multi_arch_native_libs_match = true
1788779393.815 10316 24531 24581 V AconfigFlags: Read Aconfig default flag value android.content.pm.get_package_info = true
1788779393.815 10316 24531 24581 V AconfigFlags: Read Aconfig default flag value android.content.pm.get_package_info_with_fd = false
1788779393.815 10316 24531 24581 V AconfigFlags: Read Aconfig default flag value android.content.pm.get_package_storage_stats = true
1788779393.815 10316 24531 24581 V AconfigFlags: Read Aconfig default flag value android.content.pm.get_resolved_apk_path = true
1788779393.815 10316 24531 24581 V AconfigFlags: Read Aconfig default flag value android.content.pm.improve_home_app_behavior = true
1788779393.815 10316 24531 24581 V AconfigFlags: Read Aconfig default flag value android.content.pm.improve_install_dont_kill = true
1788779393.815 10316 24531 24581 V AconfigFlags: Read Aconfig default flag value android.content.pm.improve_install_freeze = false
1788779393.815 10316 24531 24581 V AconfigFlags: Read Aconfig default flag value android.content.pm.introduce_media_processing_type = true
1788779393.815 10316 24531 24581 V AconfigFlags: Read Aconfig default flag value android.content.pm.lightweight_invisible_label_detection = true
1788779393.815 10316 24531 24581 V AconfigFlags: Read Aconfig default flag value android.content.pm.min_target_sdk_24 = true
1788779393.815 10316 24531 24581 V AconfigFlags: Read Aconfig default flag value android.content.pm.nullable_data_dir = true
1788779393.815 10316 24531 24581 V AconfigFlags: Read Aconfig default flag value android.content.pm.package_restart_query_disabled_by_default = false
1788779393.815 10316 24531 24581 V AconfigFlags: Read Aconfig default flag value android.content.pm.provide_info_of_apk_in_apex = true
1788779393.815 10316 24531 24581 V AconfigFlags: Read Aconfig default flag value android.content.pm.quarantined_enabled = false
1788779393.815 10316 24531 24581 V AconfigFlags: Read Aconfig default flag value android.content.pm.read_install_info = true
1788779393.816 10316 24531 24581 V AconfigFlags: Read Aconfig default flag value android.content.pm.recoverability_detection = true
1788779393.816 10316 24531 24581 V AconfigFlags: Read Aconfig default flag value android.content.pm.relative_reference_intent_filters = true
1788779393.816 10316 24531 24581 V AconfigFlags: Read Aconfig default flag value android.content.pm.restrict_nonpreloads_system_shareduids = true
1788779393.816 10316 24531 24581 V AconfigFlags: Read Aconfig default flag value android.content.pm.rollback_lifetime = true
1788779393.816 10316 24531 24581 V AconfigFlags: Read Aconfig default flag value android.content.pm.sdk_lib_independence = false
1788779393.816 10316 24531 24581 V AconfigFlags: Read Aconfig default flag value android.content.pm.set_pre_verified_domains = true
1788779393.816 10316 24531 24581 V AconfigFlags: Read Aconfig default flag value android.content.pm.stay_stopped = true
1788779393.816 10316 24531 24581 V AconfigFlags: Read Aconfig default flag value android.content.pm.use_art_service_v2 = true
1788779393.816 10316 24531 24581 V AconfigFlags: Read Aconfig default flag value android.content.pm.use_pia_v2 = false
1788779393.816 10316 24531 24581 V AconfigFlags: Read Aconfig default flag value android.content.pm.wait_application_killed = false
1788779393.816 10316 24531 24581 V AconfigFlags: Read Aconfig default flag value android.content.res.asset_file_descriptor_frro = true
1788779393.816 10316 24531 24581 V AconfigFlags: Read Aconfig default flag value android.content.res.default_locale = true
1788779393.816 10316 24531 24581 V AconfigFlags: Read Aconfig default flag value android.content.res.font_scale_converter_public = true
1788779393.816 10316 24531 24581 V AconfigFlags: Read Aconfig default flag value android.content.res.manifest_flagging = true
1788779393.816 10316 24531 24581 V AconfigFlags: Read Aconfig default flag value android.content.res.nine_patch_frro = true
1788779393.816 10316 24531 24581 V AconfigFlags: Read Aconfig default flag value android.content.res.register_resource_paths = false
1788779393.816 10316 24531 24581 V AconfigFlags: Read Aconfig default flag value android.crashrecovery.flags.allow_rescue_party_flag_resets = false
1788779393.816 10316 24531 24581 V AconfigFlags: Read Aconfig default flag value android.crashrecovery.flags.enable_crashrecovery = false
1788779393.816 10316 24531 24581 V AconfigFlags: Read Aconfig default flag value android.crashrecovery.flags.recoverability_detection = true
1788779393.816 10316 24531 24581 V AconfigFlags: Read Aconfig default flag value android.crashrecovery.flags.reenable_settings_resets = false
1788779393.816 10316 24531 24581 V AconfigFlags: Read Aconfig default flag value android.credentials.flags.clear_credentials_fix_enabled = true
1788779393.816 10316 24531 24581 V AconfigFlags: Read Aconfig default flag value android.credentials.flags.clear_session_enabled = true
1788779393.816 10316 24531 24581 V AconfigFlags: Read Aconfig default flag value android.credentials.flags.configurable_selector_ui_enabled = true
1788779393.816 10316 24531 24581 V AconfigFlags: Read Aconfig default flag value android.credentials.flags.credman_biometric_api_enabled = true
1788779393.816 10316 24531 24581 V AconfigFlags: Read Aconfig default flag value android.credentials.flags.hybrid_filter_opt_fix_enabled = true
1788779393.816 10316 24531 24581 V AconfigFlags: Read Aconfig default flag value android.credentials.flags.instant_apps_enabled = true
1788779393.816 10316 24531 24581 V AconfigFlags: Read Aconfig default flag value android.credentials.flags.new_framework_metrics = false
1788779393.816 10316 24531 24581 V AconfigFlags: Read Aconfig default flag value android.credentials.flags.new_settings_intents = true
1788779393.816 10316 24531 24581 V AconfigFlags: Read Aconfig default flag value android.credentials.flags.new_settings_ui = true
1788779393.816 10316 24531 24581 V AconfigFlags: Read Aconfig default flag value android.credentials.flags.selector_ui_improvements_enabled = true
1788779393.816 10316 24531 24581 V AconfigFlags: Read Aconfig default flag value android.credentials.flags.settings_activity_enabled = true
1788779393.816 10316 24531 24581 V AconfigFlags: Read Aconfig default flag value android.credentials.flags.wear_credential_manager_enabled = false
1788779393.816 10316 24531 24581 V AconfigFlags: Read Aconfig default flag value android.database.sqlite.oneway_finalizer_close_fixed = true
1788779393.816 10316 24531 24581 V AconfigFlags: Read Aconfig default flag value android.database.sqlite.simple_sql_comment_scanner = true
1788779393.816 10316 24531 24581 V AconfigFlags: Read Aconfig default flag value android.database.sqlite.sqlite_allow_temp_tables = true
1788779393.816 10316 24531 24581 V AconfigFlags: Read Aconfig default flag value android.database.sqlite.sqlite_apis_35 = true
1788779393.816 10316 24531 24581 V AconfigFlags: Read Aconfig default flag value android.hardware.biometrics.add_key_agreement_crypto_object = false
1788779393.816 10316 24531 24581 V AconfigFlags: Read Aconfig default flag value android.hardware.biometrics.custom_biometric_prompt = true
1788779393.816 10316 24531 24581 V AconfigFlags: Read Aconfig default flag value android.hardware.biometrics.get_op_id_crypto_object = true
1788779393.816 10316 24531 24581 V AconfigFlags: Read Aconfig default flag value android.hardware.biometrics.last_authentication_time = true
1788779393.816 10316 24531 24581 V AconfigFlags: Read Aconfig default flag value android.hardware.biometrics.mandatory_biometrics = false
1788779393.816 10316 24531 24581 V AconfigFlags: Read Aconfig default flag value android.hardware.devicestate.feature.flags.device_state_property_api = true
1788779393.816 10316 24531 24581 V AconfigFlags: Read Aconfig default flag value android.hardware.flags.overlayproperties_class_api = true
1788779393.817 10316 24531 24581 V AconfigFlags: Read Aconfig default flag value android.hardware.radio.hd_radio_improved = true
1788779393.817 10316 24531 24581 V AconfigFlags: Read Aconfig default flag value android.hardware.usb.flags.enable_input_power_limited_warning = true
1788779393.817 10316 24531 24581 V AconfigFlags: Read Aconfig default flag value android.hardware.usb.flags.enable_interface_name_device_filter = false
1788779393.817 10316 24531 24581 V AconfigFlags: Read Aconfig default flag value android.hardware.usb.flags.enable_is_mode_change_supported_api = true
1788779393.817 10316 24531 24581 V AconfigFlags: Read Aconfig default flag value android.hardware.usb.flags.enable_is_pd_compliant_api = true
1788779393.817 10316 24531 24581 V AconfigFlags: Read Aconfig default flag value android.hardware.usb.flags.enable_report_usb_data_compliance_warning = true
1788779393.817 10316 24531 24581 V AconfigFlags: Read Aconfig default flag value android.hardware.usb.flags.enable_usb_data_compliance_warning = true
1788779393.817 10316 24531 24581 V AconfigFlags: Read Aconfig default flag value android.hardware.usb.flags.enable_usb_data_signal_staking = true
1788779393.817 10316 24531 24581 V AconfigFlags: Read Aconfig default flag value android.hardware.usb.flags.enable_usb_sysfs_midi_identification = false
1788779393.817 10316 24531 24581 V AconfigFlags: Read Aconfig default flag value android.location.flags.enable_location_bypass = false
1788779393.817 10316 24531 24581 V AconfigFlags: Read Aconfig default flag value android.location.flags.fix_service_watcher = true
1788779393.817 10316 24531 24581 V AconfigFlags: Read Aconfig default flag value android.location.flags.geoid_heights_via_altitude_hal = true
1788779393.817 10316 24531 24581 V AconfigFlags: Read Aconfig default flag value android.location.flags.gnss_api_measurement_request_work_source = true
1788779393.817 10316 24531 24581 V AconfigFlags: Read Aconfig default flag value android.location.flags.gnss_api_navic_l1 = true
1788779393.817 10316 24531 24581 V AconfigFlags: Read Aconfig default flag value android.location.flags.gnss_call_stop_before_set_position_mode = false
1788779393.817 10316 24531 24581 V AconfigFlags: Read Aconfig default flag value android.location.flags.gnss_configuration_from_resource = true
1788779393.817 10316 24531 24581 V AconfigFlags: Read Aconfig default flag value android.location.flags.location_bypass = true
1788779393.817 10316 24531 24581 V AconfigFlags: Read Aconfig default flag value android.location.flags.location_validation = true
1788779393.817 10316 24531 24581 V AconfigFlags: Read Aconfig default flag value android.location.flags.new_geocoder = true
1788779393.817 10316 24531 24581 V AconfigFlags: Read Aconfig default flag value android.location.flags.release_supl_connection_on_timeout = true
1788779393.817 10316 24531 24581 V AconfigFlags: Read Aconfig default flag value android.location.flags.replace_future_elapsed_realtime_jni = true
1788779393.817 10316 24531 24581 V AconfigFlags: Read Aconfig default flag value android.location.flags.subscriptions_changed_listener_thread = false
1788779393.817 10316 24531 24581 V AconfigFlags: Read Aconfig default flag value android.location.flags.update_is_in_emergency_before_on_register = true
1788779393.817 10316 24531 24581 V AconfigFlags: Read Aconfig default flag value android.media.audio.auto_public_volume_api_hardening = false
1788779393.817 10316 24531 24581 V AconfigFlags: Read Aconfig default flag value android.media.audio.automatic_bt_device_type = true
1788779393.817 10316 24531 24581 V AconfigFlags: Read Aconfig default flag value android.media.audio.feature_spatial_audio_headtracking_low_latency = false
1788779393.817 10316 24531 24581 V AconfigFlags: Read Aconfig default flag value android.media.audio.focus_exclusive_with_recording = true
1788779393.817 10316 24531 24531 I UniqueNative: io_redirect: excluded (not hooked, on purpose): /vendor/lib64/libbase.so
1788779393.817 10316 24531 24581 V AconfigFlags: Read Aconfig default flag value android.media.audio.focus_freeze_test_api = true
1788779393.817 10316 24531 24531 I UniqueNative: io_redirect: excluded (not hooked, on purpose): /vendor/lib64/libutils.so
1788779393.817 10316 24531 24581 V AconfigFlags: Read Aconfig default flag value android.media.audio.foreground_audio_control = false
1788779393.817 10316 24531 24531 I UniqueNative: io_redirect: excluded (not hooked, on purpose): /vendor/lib64/libcutils.so
1788779393.817 10316 24531 24531 I UniqueNative: io_redirect: excluded (not hooked, on purpose): /vendor/lib64/libz.so
1788779393.817 10316 24531 24581 V AconfigFlags: Read Aconfig default flag value android.media.audio.loudness_configurator_api = true
1788779393.817 10316 24531 24531 I UniqueNative: io_redirect installed: 0 slot(s) in 16/389 libraries (4 excluded, 16 seen before, 120 total), 13 rule(s), page size 4096
1788779393.817 10316 24531 24581 V AconfigFlags: Read Aconfig default flag value android.media.audio.mtk_audio_manager_api = false
1788779393.817 10316 24531 24531 I UniqueNative: io_redirect: nothing in this process imports: openat,fstatat64,faccessat,renameat,readlinkat,fchmodat,__readlinkat_chk,open64,openat64,fopen64,creat,creat64
1788779393.817 10316 24531 24581 V AconfigFlags: Read Aconfig default flag value android.media.audio.mute_background_audio = false
1788779393.817 10316 24531 24581 V AconfigFlags: Read Aconfig default flag value android.media.audio.ro_foreground_audio_control = true
1788779393.817 10316 24531 24581 V AconfigFlags: Read Aconfig default flag value android.media.audio.ro_volume_ringer_api_hardening = false
1788779393.817 10316 24531 24581 V AconfigFlags: Read Aconfig default flag value android.media.audio.sco_managed_by_audio = false
1788779393.817 10316 24531 24581 V AconfigFlags: Read Aconfig default flag value android.media.audio.supported_device_types_api = true
1788779393.818 10316 24531 24581 V AconfigFlags: Read Aconfig default flag value android.media.audio.volume_ringer_api_hardening = false
1788779393.818 10316 24531 24581 V AconfigFlags: Read Aconfig default flag value android.media.audiopolicy.audio_mix_ownership = true
1788779393.818 10316 24531 24581 V AconfigFlags: Read Aconfig default flag value android.media.audiopolicy.audio_mix_policy_ordering = false
1788779393.818 10316 24531 24581 V AconfigFlags: Read Aconfig default flag value android.media.audiopolicy.audio_mix_test_api = true
1788779393.818 10316 24531 24581 V AconfigFlags: Read Aconfig default flag value android.media.audiopolicy.audio_policy_update_mixing_rules_api = true
1788779393.818 10316 24531 24581 V AconfigFlags: Read Aconfig default flag value android.media.audiopolicy.enable_fade_manager_configuration = true
1788779393.818 10316 24531 24581 V AconfigFlags: Read Aconfig default flag value android.media.audiopolicy.multi_zone_audio = false
1788779393.818 10316 24531 24581 V AconfigFlags: Read Aconfig default flag value android.media.audiopolicy.record_audio_device_aware_permission = true
1788779393.818 10316 24531 24581 V AconfigFlags: Read Aconfig default flag value android.media.codec.aidl_hal_input_surface = false
1788779393.818 10316 24531 24581 V AconfigFlags: Read Aconfig default flag value android.media.codec.dynamic_color_aspects = true
1788779393.818 10316 24531 24581 V AconfigFlags: Read Aconfig default flag value android.media.codec.hlg_editing = true
1788779393.818 10316 24531 24581 V AconfigFlags: Read Aconfig default flag value android.media.codec.in_process_sw_audio_codec = false
1788779393.818 10316 24531 24581 V AconfigFlags: Read Aconfig default flag value android.media.codec.in_process_sw_audio_codec_support = false
1788779393.818 10316 24531 24581 V AconfigFlags: Read Aconfig default flag value android.media.codec.input_surface_throttle = true
1788779393.818 10316 24531 24581 V AconfigFlags: Read Aconfig default flag value android.media.codec.large_audio_frame_finish = true
1788779393.818 10316 24531 24581 V AconfigFlags: Read Aconfig default flag value android.media.codec.native_capabilites = false
1788779393.818 10316 24531 24581 V AconfigFlags: Read Aconfig default flag value android.media.codec.null_output_surface = true
1788779393.818 10316 24531 24581 V AconfigFlags: Read Aconfig default flag value android.media.codec.null_output_surface_support = true
1788779393.818 10316 24531 24581 V AconfigFlags: Read Aconfig default flag value android.media.codec.region_of_interest = true
1788779393.818 10316 24531 24581 V AconfigFlags: Read Aconfig default flag value android.media.codec.region_of_interest_support = true
1788779393.818 10316 24531 24581 V AconfigFlags: Read Aconfig default flag value android.media.codec.set_callback_stall = false
1788779393.818 10316 24531 24581 V AconfigFlags: Read Aconfig default flag value android.media.codec.set_state_early = true
1788779393.818 10316 24531 24581 V AconfigFlags: Read Aconfig default flag value android.media.codec.stop_hal_before_surface = true
1788779393.818 10316 24531 24581 V AconfigFlags: Read Aconfig default flag value android.media.codec.teamfood = false
1788779393.818 10316 24531 24581 V AconfigFlags: Read Aconfig default flag value android.media.midi.virtual_ump = true
1788779393.818 10316 24531 24581 V AconfigFlags: Read Aconfig default flag value android.media.soundtrigger.sound_trigger_generic_model_api = false
1788779393.818 10316 24531 24581 V AconfigFlags: Read Aconfig default flag value android.media.tv.flags.broadcast_visibility_types = false
1788779393.818 10316 24531 24581 V AconfigFlags: Read Aconfig default flag value android.media.tv.flags.enable_ad_service_fw = false
1788779393.818 10316 24531 24581 V AconfigFlags: Read Aconfig default flag value android.media.tv.flags.tiaf_v_apis = false
1788779393.818 10316 24531 24581 V AconfigFlags: Read Aconfig default flag value android.multiuser.add_ui_for_sounds_from_background_users = false
1788779393.818 10316 24531 24581 V AconfigFlags: Read Aconfig default flag value android.multiuser.allow_main_user_to_access_blocked_number_provider = false
1788779393.818 10316 24531 24581 V AconfigFlags: Read Aconfig default flag value android.multiuser.allow_resolver_sheet_for_private_space = true
1788779393.818 10316 24531 24581 V AconfigFlags: Read Aconfig default flag value android.multiuser.avatar_sync = true
1788779393.818 10316 24531 24581 V AconfigFlags: Read Aconfig default flag value android.multiuser.bind_wallpaper_service_on_its_own_thread_during_a_user_switch = true
1788779393.818 10316 24531 24581 V AconfigFlags: Read Aconfig default flag value android.multiuser.block_private_space_creation = true
1788779393.818 10316 24531 24581 V AconfigFlags: Read Aconfig default flag value android.multiuser.delete_private_space_from_reset = true
1788779393.818 10316 24531 24581 V AconfigFlags: Read Aconfig default flag value android.multiuser.disable_private_space_items_on_home = true
1788779393.819 10316 24531 24581 V AconfigFlags: Read Aconfig default flag value android.multiuser.enable_biometrics_to_unlock_private_space = true
1788779393.819 10316 24531 24581 V AconfigFlags: Read Aconfig default flag value android.multiuser.enable_hiding_profiles = true
1788779393.819 10316 24531 24581 V AconfigFlags: Read Aconfig default flag value android.multiuser.enable_launcher_apps_hidden_profile_checks = true
1788779393.819 10316 24531 24581 V AconfigFlags: Read Aconfig default flag value android.multiuser.enable_permission_to_access_hidden_profiles = true
1788779393.819 10316 24531 24581 V AconfigFlags: Read Aconfig default flag value android.multiuser.enable_private_space_autolock_on_restarts = true
1788779393.819 10316 24531 24581 V AconfigFlags: Read Aconfig default flag value android.multiuser.enable_private_space_features = true
1788779393.819 10316 24531 24581 V AconfigFlags: Read Aconfig default flag value android.multiuser.enable_private_space_intent_redirection = true
1788779393.819 10316 24531 24581 V AconfigFlags: Read Aconfig default flag value android.multiuser.enable_ps_sensitive_notifications_toggle = true
1788779393.819 10316 24531 24581 V AconfigFlags: Read Aconfig default flag value android.multiuser.enable_system_user_only_for_services_and_providers = true
1788779393.819 10316 24531 24581 V AconfigFlags: Read Aconfig default flag value android.multiuser.fix_avatar_concurrent_file_write = false
1788779393.819 10316 24531 24581 V AconfigFlags: Read Aconfig default flag value android.multiuser.fix_avatar_picker_read_back_order = true
1788779393.819 10316 24531 24581 V AconfigFlags: Read Aconfig default flag value android.multiuser.fix_avatar_picker_selected_read_back = true
1788779393.819 10316 24531 24581 V AconfigFlags: Read Aconfig default flag value android.multiuser.handle_interleaved_settings_for_private_space = true
1788779393.819 10316 24531 24581 V AconfigFlags: Read Aconfig default flag value android.multiuser.move_quiet_mode_operations_to_separate_thread = true
1788779393.819 10316 24531 24581 V AconfigFlags: Read Aconfig default flag value android.multiuser.new_multiuser_settings_ux = false
1788779393.819 10316 24531 24581 V AconfigFlags: Read Aconfig default flag value android.multiuser.reorder_wallpaper_during_user_switch = true
1788779393.819 10316 24531 24581 V AconfigFlags: Read Aconfig default flag value android.multiuser.restrict_quiet_mode_credential_bug_fix_to_managed_profiles = true
1788779393.819 10316 24531 24581 V AconfigFlags: Read Aconfig default flag value android.multiuser.save_global_and_guest_restrictions_on_system_user_xml = false
1788779393.819 10316 24531 24581 V AconfigFlags: Read Aconfig default flag value android.multiuser.save_global_and_guest_restrictions_on_system_user_xml_read_only = false
1788779393.819 10316 24531 24581 V AconfigFlags: Read Aconfig default flag value android.multiuser.schedule_stop_of_background_user = false
1788779393.819 10316 24531 24581 V AconfigFlags: Read Aconfig default flag value android.multiuser.set_power_mode_during_user_switch = true
1788779393.819 10316 24531 24581 V AconfigFlags: Read Aconfig default flag value android.multiuser.show_set_screen_lock_dialog = true
1788779393.819 10316 24531 24581 V AconfigFlags: Read Aconfig default flag value android.multiuser.start_user_before_scheduled_alarms = false
1788779393.819 10316 24531 24581 V AconfigFlags: Read Aconfig default flag value android.multiuser.support_autolock_for_private_space = true
1788779393.819 10316 24531 24581 V AconfigFlags: Read Aconfig default flag value android.multiuser.support_communal_profile = false
1788779393.819 10316 24531 24581 V AconfigFlags: Read Aconfig default flag value android.multiuser.support_communal_profile_nextgen = false
1788779393.819 10316 24531 24581 V AconfigFlags: Read Aconfig default flag value android.multiuser.use_all_cpus_during_user_switch = true
1788779393.819 10316 24531 24581 V AconfigFlags: Read Aconfig default flag value android.multiuser.use_private_space_icon_in_biometric_prompt = true
1788779393.819 10316 24531 24581 V AconfigFlags: Read Aconfig default flag value android.net.platform.flags.ipsec_transform_state = false
1788779393.819 10316 24531 24581 V AconfigFlags: Read Aconfig default flag value android.net.platform.flags.powered_off_finding_platform = true
1788779393.819 10316 24531 24581 V AconfigFlags: Read Aconfig default flag value android.net.platform.flags.register_nsd_offload_engine = false
1788779393.819 10316 24531 24581 V AconfigFlags: Read Aconfig default flag value android.net.vcn.allow_disable_ipsec_loss_detector = true
1788779393.819 10316 24531 24581 V AconfigFlags: Read Aconfig default flag value android.net.vcn.enforce_main_user = true
1788779393.819 10316 24531 24581 V AconfigFlags: Read Aconfig default flag value android.net.vcn.evaluate_ipsec_loss_on_lp_nc_change = true
1788779393.819 10316 24531 24581 V AconfigFlags: Read Aconfig default flag value android.net.vcn.handle_seq_num_leap = true
1788779393.819 10316 24531 24581 V AconfigFlags: Read Aconfig default flag value android.net.vcn.network_metric_monitor = true
1788779393.819 10316 24531 24581 V AconfigFlags: Read Aconfig default flag value android.net.vcn.safe_mode_config = true
1788779393.819 10316 24531 24581 V AconfigFlags: Read Aconfig default flag value android.net.vcn.safe_mode_timeout_config = true
1788779393.819 10316 24531 24581 V AconfigFlags: Read Aconfig default flag value android.net.vcn.validate_network_on_ipsec_loss = true
1788779393.819 10316 24531 24581 V AconfigFlags: Read Aconfig default flag value android.net.wifi.flags.get_device_cross_akm_roaming_support = true
1788779393.819 10316 24531 24581 V AconfigFlags: Read Aconfig default flag value android.net.wifi.flags.network_provider_battery_charging_status = true
1788779393.819 10316 24531 24581 V AconfigFlags: Read Aconfig default flag value android.nfc.enable_nfc_beam = false
1788779393.820 10316 24531 24581 V AconfigFlags: Read Aconfig default flag value android.nfc.enable_nfc_charging = false
1788779393.820 10316 24531 24581 V AconfigFlags: Read Aconfig default flag value android.nfc.enable_nfc_mainline = true
1788779393.820 10316 24531 24581 V AconfigFlags: Read Aconfig default flag value android.nfc.enable_nfc_reader_option = true
1788779393.820 10316 24531 24581 V AconfigFlags: Read Aconfig default flag value android.nfc.enable_nfc_set_discovery_tech = true
1788779393.820 10316 24531 24581 V AconfigFlags: Read Aconfig default flag value android.nfc.enable_nfc_user_restriction = true
1788779393.820 10316 24531 24581 V AconfigFlags: Read Aconfig default flag value android.nfc.enable_tag_detection_broadcasts = false
1788779393.820 10316 24531 24581 V AconfigFlags: Read Aconfig default flag value android.nfc.nfc_observe_mode = true
1788779393.820 10316 24531 24581 V AconfigFlags: Read Aconfig default flag value android.nfc.nfc_observe_mode_st_shim = true
1788779393.820 10316 24531 24581 V AconfigFlags: Read Aconfig default flag value android.nfc.nfc_oem_extension = false
1788779393.820 10316 24531 24581 V AconfigFlags: Read Aconfig default flag value android.nfc.nfc_read_polling_loop = true
1788779393.820 10316 24531 24581 V AconfigFlags: Read Aconfig default flag value android.nfc.nfc_read_polling_loop_st_shim = true
1788779393.820 10316 24531 24581 V AconfigFlags: Read Aconfig default flag value android.nfc.nfc_set_default_disc_tech = false
1788779393.820 10316 24531 24581 V AconfigFlags: Read Aconfig default flag value android.nfc.nfc_state_change = false
1788779393.820 10316 24531 24581 V AconfigFlags: Read Aconfig default flag value android.nfc.nfc_vendor_cmd = true
1788779393.820 10316 24531 24581 V AconfigFlags: Read Aconfig default flag value android.os.adpf_fmq_eager_send = false
1788779393.820 10316 24531 24581 V AconfigFlags: Read Aconfig default flag value android.os.adpf_gpu_report_actual_work_duration = true
1788779393.820 10316 24531 24581 V AconfigFlags: Read Aconfig default flag value android.os.adpf_hwui_gpu = false
1788779393.820 10316 24531 24581 V AconfigFlags: Read Aconfig default flag value android.os.adpf_measure_during_input_event_boost = false
1788779393.820 10316 24531 24581 V AconfigFlags: Read Aconfig default flag value android.os.adpf_obtainview_boost = false
1788779393.820 10316 24531 24581 V AconfigFlags: Read Aconfig default flag value android.os.adpf_platform_power_efficiency = false
1788779393.820 10316 24531 24581 V AconfigFlags: Read Aconfig default flag value android.os.adpf_prefer_power_efficiency = true
1788779393.820 10316 24531 24581 V AconfigFlags: Read Aconfig default flag value android.os.adpf_use_fmq_channel = true
1788779393.820 10316 24531 24581 V AconfigFlags: Read Aconfig default flag value android.os.adpf_use_fmq_channel_fixed = false
1788779393.820 10316 24531 24581 V AconfigFlags: Read Aconfig default flag value android.os.allow_private_profile = true
1788779393.820 10316 24531 24531 I Unique  : 2026-09-07 18:09:53.818 I NATIVE IO_REDIRECT_INSTALLED status=OK watch=OK rules=13 procView=16 slots=120 sqlite=8 scope=/data/user/0/com.unique/files/virtual/apk/com.axlebolt.standoff2/203908/lib/arm64-v8a,/data/data/com.unique/files/virtual/apk/com.axlebolt.standoff2/203908/lib/arm64-v8a,/data/user/0/com.unique/files/ excluded=/libc.so,/libdl.so,/libm.so,/linker64,/odm/,/system/vendor/,/vendor/,libgrave.so,libunique_native.so
1788779393.820 10316 24531 24581 V AconfigFlags: Read Aconfig default flag value android.os.allow_thermal_headroom_thresholds = true
1788779393.820 10316 24531 24581 V AconfigFlags: Read Aconfig default flag value android.os.android_os_build_vanilla_ice_cream = false
1788779393.820 10316 24531 24581 V AconfigFlags: Read Aconfig default flag value android.os.battery_part_status_api = true
1788779393.820 10316 24531 24581 V AconfigFlags: Read Aconfig default flag value android.os.battery_saver_supported_check_api = false
1788779393.820 10316 24531 24581 V AconfigFlags: Read Aconfig default flag value android.os.battery_service_support_current_adb_command = false
1788779393.820 10316 24531 24581 V AconfigFlags: Read Aconfig default flag value android.os.bugreport_mode_max_value = true
1788779393.820 10316 24531 24581 V AconfigFlags: Read Aconfig default flag value android.os.disallow_cellular_null_ciphers_restriction = false
1788779393.820 10316 24531 24581 V AconfigFlags: Read Aconfig default flag value android.os.message_queue_tail_tracking = true
1788779393.820 10316 24531 24581 V AconfigFlags: Read Aconfig default flag value android.os.microsoft.flags.ltw_enabled = true
1788779393.820 10316 24531 24581 V AconfigFlags: Read Aconfig default flag value android.os.ordered_broadcast_multiple_permissions = false
1788779393.820 10316 24531 24581 V AconfigFlags: Read Aconfig default flag value android.os.perfetto_sdk_tracing = false
1788779393.820 10316 24531 24581 V AconfigFlags: Read Aconfig default flag value android.os.remove_app_profiler_pss_collection = true
1788779393.820 10316 24531 24581 V AconfigFlags: Read Aconfig default flag value android.os.security_state_service = true
1788779393.820 10316 24531 24581 V AconfigFlags: Read Aconfig default flag value android.os.state_of_health_public = false
1788779393.820 10316 24531 24581 V AconfigFlags: Read Aconfig default flag value android.os.storage_lifetime_api = true
1788779393.820 10316 24531 24581 V AconfigFlags: Read Aconfig default flag value android.os.strict_mode_restricted_network = false
1788779393.821 10316 24531 24581 V AconfigFlags: Read Aconfig default flag value android.os.telemetry_apis_framework_initialization = true
1788779393.821 10316 24531 24581 V AconfigFlags: Read Aconfig default flag value android.os.vibrator.adaptive_haptics_enabled = true
1788779393.821 10316 24531 24581 V AconfigFlags: Read Aconfig default flag value android.os.vibrator.haptic_feedback_vibration_oem_customization_enabled = true
1788779393.821 10316 24531 24581 V AconfigFlags: Read Aconfig default flag value android.os.vibrator.keyboard_category_enabled = true
1788779393.821 10316 24531 24581 V AconfigFlags: Read Aconfig default flag value android.os.vibrator.use_vibrator_haptic_feedback = false
1788779393.821 10316 24531 24581 V AconfigFlags: Read Aconfig default flag value android.permission.flags.apex_signature_permission_allowlist_enabled = true
1788779393.821 10316 24531 24581 V AconfigFlags: Read Aconfig default flag value android.permission.flags.device_aware_app_op_new_schema_enabled = false
1788779393.821 10316 24531 24581 V AconfigFlags: Read Aconfig default flag value android.permission.flags.device_aware_permission_apis_enabled = true
1788779393.821 10316 24531 24581 V AconfigFlags: Read Aconfig default flag value android.permission.flags.device_aware_permissions_enabled = true
1788779393.821 10316 24531 24581 V AconfigFlags: Read Aconfig default flag value android.permission.flags.device_id_in_op_proxy_info_enabled = false
1788779393.821 10316 24531 24581 V AconfigFlags: Read Aconfig default flag value android.permission.flags.enhanced_confirmation_mode_apis_enabled = true
1788779393.821 10316 24531 24581 V AconfigFlags: Read Aconfig default flag value android.permission.flags.factory_reset_prep_permission_apis = true
1788779393.821 10316 24531 24581 V AconfigFlags: Read Aconfig default flag value android.permission.flags.finish_running_ops_for_killed_packages = true
1788779393.821 10316 24531 24581 V AconfigFlags: Read Aconfig default flag value android.permission.flags.get_emergency_role_holder_api_enabled = true
1788779393.821 10316 24531 24581 V AconfigFlags: Read Aconfig default flag value android.permission.flags.ignore_process_text = false
1788779393.821 10316 24531 24581 V AconfigFlags: Read Aconfig default flag value android.permission.flags.op_enable_mobile_data_by_user = true
1788779393.821 10316 24531 24581 V AconfigFlags: Read Aconfig default flag value android.permission.flags.retail_demo_role_enabled = true
1788779393.821 10316 24531 24581 V AconfigFlags: Read Aconfig default flag value android.permission.flags.runtime_permission_appops_mapping_enabled = true
1788779393.821 10316 24531 24581 V AconfigFlags: Read Aconfig default flag value android.permission.flags.sensitive_content_improvements = true
1788779393.821 10316 24531 24581 V AconfigFlags: Read Aconfig default flag value android.permission.flags.sensitive_content_metrics_bugfix = true
1788779393.821 10316 24531 24581 V AconfigFlags: Read Aconfig default flag value android.permission.flags.sensitive_content_recents_screenshot_bugfix = true
1788779393.821 10316 24531 24581 V AconfigFlags: Read Aconfig default flag value android.permission.flags.sensitive_notification_app_protection = true
1788779393.821 10316 24531 24581 V AconfigFlags: Read Aconfig default flag value android.permission.flags.server_side_attribution_registration = true
1788779393.821 10316 24531 24581 V AconfigFlags: Read Aconfig default flag value android.permission.flags.set_next_attribution_source = false
1788779393.821 10316 24531 24581 V AconfigFlags: Read Aconfig default flag value android.permission.flags.should_register_attribution_source = true
1788779393.821 10316 24531 24581 V AconfigFlags: Read Aconfig default flag value android.permission.flags.signature_permission_allowlist_enabled = true
1788779393.821 10316 24531 24581 V AconfigFlags: Read Aconfig default flag value android.permission.flags.system_server_role_controller_enabled = true
1788779393.821 10316 24531 24581 V AconfigFlags: Read Aconfig default flag value android.permission.flags.voice_activation_permission_apis = false
1788779393.821 10316 24531 24581 V AconfigFlags: Read Aconfig default flag value android.permission.flags.wallet_role_enabled = true
1788779393.821 10316 24531 24581 V AconfigFlags: Read Aconfig default flag value android.provider.a11y_standalone_gesture_enabled = false
1788779393.821 10316 24531 24581 V AconfigFlags: Read Aconfig default flag value android.provider.backup_tasks_settings_screen = false
1788779393.821 10316 24531 24581 V AconfigFlags: Read Aconfig default flag value android.provider.system_settings_default = true
1788779393.821 10316 24531 24581 V AconfigFlags: Read Aconfig default flag value android.provider.user_keys = true
1788779393.821 10316 24531 24581 V AconfigFlags: Read Aconfig default flag value android.security.asm_opt_system_into_enforcement = false
1788779393.821 10316 24531 24581 V AconfigFlags: Read Aconfig default flag value android.security.asm_restrictions_enabled = true
1788779393.821 10316 24531 24581 V AconfigFlags: Read Aconfig default flag value android.security.asm_toasts_enabled = false
1788779393.821 10316 24531 24581 V AconfigFlags: Read Aconfig default flag value android.security.binary_transparency_sepolicy_hash = true
1788779393.821 10316 24531 24581 V AconfigFlags: Read Aconfig default flag value android.security.block_null_action_intents = false
1788779393.821 10316 24531 24581 V AconfigFlags: Read Aconfig default flag value android.security.certificate_transparency_configuration = false
1788779393.821 10316 24531 24581 V AconfigFlags: Read Aconfig default flag value android.security.content_uri_permission_apis = true
1788779393.822 10316 24531 24581 V AconfigFlags: Read Aconfig default flag value android.security.deprecate_fsv_sig = true
1788779393.822 10316 24531 24581 V AconfigFlags: Read Aconfig default flag value android.security.dump_attestation_verifications = true
1788779393.822 10316 24531 24581 V AconfigFlags: Read Aconfig default flag value android.security.enforce_intent_filter_match = true
1788779393.822 10316 24531 24581 V AconfigFlags: Read Aconfig default flag value android.security.extend_ecm_to_all_settings = true
1788779393.822 10316 24531 24581 V AconfigFlags: Read Aconfig default flag value android.security.extend_vb_chain_to_updated_apk = true
1788779393.822 10316 24531 24581 V AconfigFlags: Read Aconfig default flag value android.security.fix_unlocked_device_required_keys_v2 = true
1788779393.822 10316 24531 24581 V AconfigFlags: Read Aconfig default flag value android.security.frp_enforcement = true
1788779393.822 10316 24531 24581 V AconfigFlags: Read Aconfig default flag value android.security.fsverity_api = true
1788779393.822 10316 24531 24581 V AconfigFlags: Read Aconfig default flag value android.security.keyinfo_unlocked_device_required = false
1788779393.822 10316 24531 24581 V AconfigFlags: Read Aconfig default flag value android.security.mgf1_digest_setter_v2 = true
1788779393.822 10316 24531 24581 V AconfigFlags: Read Aconfig default flag value android.security.report_primary_auth_attempts = true
1788779393.822 10316 24531 24581 V AconfigFlags: Read Aconfig default flag value android.security.significant_places = false
1788779393.822 10316 24531 24581 V AconfigFlags: Read Aconfig default flag value android.security.unlocked_storage_api = false
1788779393.822 10316 24531 24581 V AconfigFlags: Read Aconfig default flag value android.server.app.disable_game_mode_when_app_top = true
1788779393.822 10316 24531 24581 V AconfigFlags: Read Aconfig default flag value android.server.app.game_default_frame_rate = true
1788779393.822 10316 24531 24581 V AconfigFlags: Read Aconfig default flag value android.server.remove_text_service = false
1788779393.822 10316 24531 24581 V AconfigFlags: Read Aconfig default flag value android.server.telemetry_apis_service = true
1788779393.822 10316 24531 24581 V AconfigFlags: Read Aconfig default flag value android.service.appprediction.flags.service_features_api = false
1788779393.822 10316 24531 24581 V AconfigFlags: Read Aconfig default flag value android.service.autofill.add_last_focused_id_to_client_state = false
1788779393.822 10316 24531 24581 V AconfigFlags: Read Aconfig default flag value android.service.autofill.add_session_id_to_client_state = false
1788779393.822 10316 24531 24581 V AconfigFlags: Read Aconfig default flag value android.service.autofill.autofill_credman_dev_integration = true
1788779393.822 10316 24531 24581 V AconfigFlags: Read Aconfig default flag value android.service.autofill.autofill_credman_integration = true
1788779393.822 10316 24531 24581 V AconfigFlags: Read Aconfig default flag value android.service.autofill.autofill_credman_integration_phase2 = false
1788779393.822 10316 24531 24581 V AconfigFlags: Read Aconfig default flag value android.service.autofill.fill_fields_from_current_session_only = false
1788779393.822 10316 24531 24581 V AconfigFlags: Read Aconfig default flag value android.service.autofill.include_invisible_view_group_in_assist_structure = false
1788779393.822 10316 24531 24581 V AconfigFlags: Read Aconfig default flag value android.service.autofill.relayout = false
1788779393.822 10316 24531 24581 V AconfigFlags: Read Aconfig default flag value android.service.autofill.remote_fill_service_use_weak_reference = true
1788779393.822 10316 24531 24581 V AconfigFlags: Read Aconfig default flag value android.service.autofill.test = false
1788779393.822 10316 24531 24581 V AconfigFlags: Read Aconfig default flag value android.service.chooser.chooser_album_text = true
1788779393.822 10316 24531 24581 V AconfigFlags: Read Aconfig default flag value android.service.chooser.chooser_payload_toggling = true
1788779393.822 10316 24531 24581 V AconfigFlags: Read Aconfig default flag value android.service.chooser.enable_chooser_result = true
1788779393.822 10316 24531 24581 V AconfigFlags: Read Aconfig default flag value android.service.chooser.enable_sharesheet_metadata_extra = true
1788779393.822 10316 24531 24581 V AconfigFlags: Read Aconfig default flag value android.service.chooser.fix_resolver_memory_leak = true
1788779393.822 10316 24531 24581 V AconfigFlags: Read Aconfig default flag value android.service.controls.flags.home_panel_dream = true
1788779393.822 10316 24531 24581 V AconfigFlags: Read Aconfig default flag value android.service.dreams.dismiss_dream_on_keyguard_dismiss = true
1788779393.822 10316 24531 24581 V AconfigFlags: Read Aconfig default flag value android.service.dreams.dream_handles_being_obscured = false
1788779393.823 10316 24531 24581 V AconfigFlags: Read Aconfig default flag value android.service.dreams.dream_handles_confirm_keys = false
1788779393.823 10316 24531 24581 V AconfigFlags: Read Aconfig default flag value android.service.dreams.dream_overlay_host = false
1788779393.823 10316 24531 24581 V AconfigFlags: Read Aconfig default flag value android.service.dreams.dream_wake_redirect = false
1788779393.823 10316 24531 24581 V AconfigFlags: Read Aconfig default flag value android.service.notification.callstyle_callback_api = true
1788779393.823 10316 24531 24581 V AconfigFlags: Read Aconfig default flag value android.service.notification.ranking_update_ashmem = true
1788779393.823 10316 24531 24581 V AconfigFlags: Read Aconfig default flag value android.service.notification.redact_sensitive_notifications_big_text_style = true
1788779393.823 10316 24531 24581 V AconfigFlags: Read Aconfig default flag value android.service.notification.redact_sensitive_notifications_from_untrusted_listeners = true
1788779393.823 10316 24531 24581 V AconfigFlags: Read Aconfig default flag value android.service.voice.flags.allow_foreground_activities_in_on_show = true
1788779393.823 10316 24531 24581 V AconfigFlags: Read Aconfig default flag value android.service.voice.flags.allow_hotword_bump_egress = true
1788779393.823 10316 24531 24581 V AconfigFlags: Read Aconfig default flag value android.service.voice.flags.allow_training_data_egress_from_hds = false
1788779393.823 10316 24531 24581 V AconfigFlags: Read Aconfig default flag value android.speech.flags.multilang_extra_launch = true
1788779393.823 10316 24531 24581 V AconfigFlags: Read Aconfig default flag value android.tracing.perfetto_ime = false
1788779393.823 10316 24531 24581 V AconfigFlags: Read Aconfig default flag value android.tracing.perfetto_ime_tracing = false
1788779393.823 10316 24531 24581 V AconfigFlags: Read Aconfig default flag value android.tracing.perfetto_protolog_tracing = false
1788779393.823 10316 24531 24581 V AconfigFlags: Read Aconfig default flag value android.tracing.perfetto_transition_tracing = false
1788779393.823 10316 24531 24581 V AconfigFlags: Read Aconfig default flag value android.tracing.perfetto_view_capture_tracing = false
1788779393.823 10316 24531 24581 V AconfigFlags: Read Aconfig default flag value android.view.accessibility.a11y_overlay_callbacks = false
1788779393.823 10316 24531 24581 V AconfigFlags: Read Aconfig default flag value android.view.accessibility.a11y_qs_shortcut = true
1788779393.823 10316 24531 24581 V AconfigFlags: Read Aconfig default flag value android.view.accessibility.add_type_window_control = false
1788779393.823 10316 24531 24581 V AconfigFlags: Read Aconfig default flag value android.view.accessibility.allow_shortcut_chooser_on_lockscreen = false
1788779393.823 10316 24531 24581 V AconfigFlags: Read Aconfig default flag value android.view.accessibility.braille_display_hid = true
1788779393.823 10316 24531 24581 V AconfigFlags: Read Aconfig default flag value android.view.accessibility.cleanup_accessibility_warning_dialog = false
1788779393.823 10316 24531 24581 V AconfigFlags: Read Aconfig default flag value android.view.accessibility.collection_info_item_counts = true
1788779393.823 10316 24531 24581 V AconfigFlags: Read Aconfig default flag value android.view.accessibility.copy_events_for_gesture_detection = false
1788779393.823 10316 24531 24581 V AconfigFlags: Read Aconfig default flag value android.view.accessibility.enable_system_pinch_zoom_gesture = false
1788779393.823 10316 24531 24581 V AconfigFlags: Read Aconfig default flag value android.view.accessibility.fix_merged_content_change_event_v2 = true
1788779393.823 10316 24531 24581 V AconfigFlags: Read Aconfig default flag value android.view.accessibility.flash_notification_system_api = true
1788779393.823 10316 24531 24581 V AconfigFlags: Read Aconfig default flag value android.view.accessibility.force_invert_color = false
1788779393.823 10316 24531 24581 V AconfigFlags: Read Aconfig default flag value android.view.accessibility.granular_scrolling = true
1788779393.823 10316 24531 24581 V AconfigFlags: Read Aconfig default flag value android.view.accessibility.migrate_enable_shortcuts = false
1788779393.823 10316 24531 24581 V AconfigFlags: Read Aconfig default flag value android.view.accessibility.motion_event_observing = true
1788779393.823 10316 24531 24581 V AconfigFlags: Read Aconfig default flag value android.view.accessibility.prevent_leaking_viewrootimpl = false
1788779393.823 10316 24531 24581 V AconfigFlags: Read Aconfig default flag value android.view.accessibility.reduce_window_content_changed_event_throttle = false
1788779393.823 10316 24531 24581 V AconfigFlags: Read Aconfig default flag value android.view.accessibility.restore_a11y_shortcut_target_service = true
1788779393.823 10316 24531 24581 V AconfigFlags: Read Aconfig default flag value android.view.accessibility.skip_accessibility_warning_dialog_for_trusted_services = true
1788779393.823 10316 24531 24581 V AconfigFlags: Read Aconfig default flag value android.view.accessibility.support_system_pinch_zoom_opt_out_apis = false
1788779393.824 10316 24531 24581 V AconfigFlags: Read Aconfig default flag value android.view.accessibility.update_always_on_a11y_service = false
1788779393.824 10316 24531 24581 V AconfigFlags: Read Aconfig default flag value android.view.contentcapture.flags.run_on_background_thread_enabled = true
1788779393.824 10316 24531 24581 V AconfigFlags: Read Aconfig default flag value android.view.contentprotection.flags.blocklist_update_enabled = true
1788779393.824 10316 24531 24581 V AconfigFlags: Read Aconfig default flag value android.view.contentprotection.flags.create_accessibility_overlay_app_op_enabled = true
1788779393.824 10316 24531 24581 V AconfigFlags: Read Aconfig default flag value android.view.contentprotection.flags.manage_device_policy_enabled = true
1788779393.824 10316 24531 24581 V AconfigFlags: Read Aconfig default flag value android.view.contentprotection.flags.parse_groups_config_enabled = true
1788779393.824 10316 24531 24581 V AconfigFlags: Read Aconfig default flag value android.view.contentprotection.flags.rapid_clear_notifications_by_listener_app_op_enabled = true
1788779393.824 10316 24531 24581 V AconfigFlags: Read Aconfig default flag value android.view.contentprotection.flags.setting_ui_enabled = true
1788779393.824 10316 24531 24581 V AconfigFlags: Read Aconfig default flag value android.view.flags.add_schandle_to_vri_surface = true
1788779393.824 10316 24531 24581 V AconfigFlags: Read Aconfig default flag value android.view.flags.customizable_window_headers = true
1788779393.824 10316 24531 24581 V AconfigFlags: Read Aconfig default flag value android.view.flags.enable_arrow_icon_on_hover_when_clickable = true
1788779393.824 10316 24531 24581 V AconfigFlags: Read Aconfig default flag value android.view.flags.enable_invalidate_check_thread = false
1788779393.824 10316 24531 24581 V AconfigFlags: Read Aconfig default flag value android.view.flags.enable_surface_native_alloc_registration_ro = true
1788779393.824 10316 24531 24581 V AconfigFlags: Read Aconfig default flag value android.view.flags.enable_use_measure_cache_during_force_layout = false
1788779393.824 10316 24531 24581 V AconfigFlags: Read Aconfig default flag value android.view.flags.enable_vector_cursor_a11y_settings = false
1788779393.824 10316 24531 24581 V AconfigFlags: Read Aconfig default flag value android.view.flags.enable_vector_cursors = true
1788779393.824 10316 24531 24581 V AconfigFlags: Read Aconfig default flag value android.view.flags.expected_presentation_time_api = false
1788779393.824 10316 24531 24581 V AconfigFlags: Read Aconfig default flag value android.view.flags.expected_presentation_time_read_only = false
1788779393.824 10316 24531 24581 V AconfigFlags: Read Aconfig default flag value android.view.flags.scroll_feedback_api = true
1788779393.824 10316 24531 24581 V AconfigFlags: Read Aconfig default flag value android.view.flags.sensitive_content_app_protection = true
1788779393.824 10316 24531 24581 V AconfigFlags: Read Aconfig default flag value android.view.flags.sensitive_content_app_protection_api = true
1788779393.824 10316 24531 24581 V AconfigFlags: Read Aconfig default flag value android.view.flags.sensitive_content_premature_protection_removed_fix = true
1788779393.824 10316 24531 24581 V AconfigFlags: Read Aconfig default flag value android.view.flags.set_frame_rate_callback = false
1788779393.824 10316 24531 24581 V AconfigFlags: Read Aconfig default flag value android.view.flags.toolkit_frame_rate_by_size_read_only = false
1788779393.824 10316 24531 24581 V AconfigFlags: Read Aconfig default flag value android.view.flags.toolkit_frame_rate_default_normal_read_only = false
1788779393.824 10316 24531 24581 V AconfigFlags: Read Aconfig default flag value android.view.flags.toolkit_frame_rate_function_enabling_read_only = false
1788779393.824 10316 24531 24581 V AconfigFlags: Read Aconfig default flag value android.view.flags.toolkit_frame_rate_small_uses_percent_read_only = false
1788779393.824 10316 24531 24581 V AconfigFlags: Read Aconfig default flag value android.view.flags.toolkit_frame_rate_typing_read_only = false
1788779393.824 10316 24531 24581 V AconfigFlags: Read Aconfig default flag value android.view.flags.toolkit_frame_rate_velocity_mapping_read_only = false
1788779393.824 10316 24531 24581 V AconfigFlags: Read Aconfig default flag value android.view.flags.toolkit_frame_rate_view_enabling_read_only = false
1788779393.824 10316 24531 24581 V AconfigFlags: Read Aconfig default flag value android.view.flags.toolkit_metrics_for_frame_rate_decision = false
1788779393.824 10316 24531 24581 V AconfigFlags: Read Aconfig default flag value android.view.flags.toolkit_set_frame_rate = false
1788779393.824 10316 24531 24581 V AconfigFlags: Read Aconfig default flag value android.view.flags.toolkit_set_frame_rate_read_only = true
1788779393.824 10316 24531 24581 V AconfigFlags: Read Aconfig default flag value android.view.flags.use_view_based_rotary_encoder_scroll_haptics = true
1788779393.824 10316 24531 24581 V AconfigFlags: Read Aconfig default flag value android.view.flags.view_velocity_api = true
1788779393.825 10316 24531 24581 V AconfigFlags: Read Aconfig default flag value android.view.inputmethod.compatchange_for_zerojankproxy = true
1788779393.825 10316 24531 24581 V AconfigFlags: Read Aconfig default flag value android.view.inputmethod.concurrent_input_methods = false
1788779393.825 10316 24531 24581 V AconfigFlags: Read Aconfig default flag value android.view.inputmethod.connectionless_handwriting = true
1788779393.825 10316 24531 24581 V AconfigFlags: Read Aconfig default flag value android.view.inputmethod.ctrl_shift_shortcut = false
1788779393.825 10316 24531 24581 V AconfigFlags: Read Aconfig default flag value android.view.inputmethod.defer_show_soft_input_until_session_creation = true
1788779393.825 10316 24531 24581 V AconfigFlags: Read Aconfig default flag value android.view.inputmethod.editorinfo_handwriting_enabled = true
1788779393.825 10316 24531 24581 V AconfigFlags: Read Aconfig default flag value android.view.inputmethod.home_screen_handwriting_delegator = true
1788779393.825 10316 24531 24581 V AconfigFlags: Read Aconfig default flag value android.view.inputmethod.ime_switcher_revamp = false
1788779393.825 10316 24531 24581 V AconfigFlags: Read Aconfig default flag value android.view.inputmethod.imm_userhandle_hostsidetests = false
1788779393.825 10316 24531 24581 V AconfigFlags: Read Aconfig default flag value android.view.inputmethod.initiation_without_input_connection = true
1788779393.825 10316 24531 24581 V AconfigFlags: Read Aconfig default flag value android.view.inputmethod.predictive_back_ime = false
1788779393.825 10316 24531 24581 V AconfigFlags: Read Aconfig default flag value android.view.inputmethod.refactor_insets_controller = false
1788779393.825 10316 24531 24581 V AconfigFlags: Read Aconfig default flag value android.view.inputmethod.use_handwriting_listener_for_tooltype = true
1788779393.825 10316 24531 24581 V AconfigFlags: Read Aconfig default flag value android.view.inputmethod.use_input_method_info_safe_list = true
1788779393.825 10316 24531 24581 V AconfigFlags: Read Aconfig default flag value android.view.inputmethod.use_zero_jank_proxy = true
1788779393.825 10316 24531 24581 V AconfigFlags: Read Aconfig default flag value android.webkit.update_service_ipc_wrapper = false
1788779393.825 10316 24531 24581 V AconfigFlags: Read Aconfig default flag value android.webkit.update_service_v2 = true
1788779393.825 10316 24531 24581 V AconfigFlags: Read Aconfig default flag value android.widget.flags.big_picture_style_discard_empty_icon_bitmap_drawables = true
1788779393.825 10316 24531 24581 V AconfigFlags: Read Aconfig default flag value android.widget.flags.call_style_set_data_async = true
1788779393.825 10316 24531 24581 V AconfigFlags: Read Aconfig default flag value android.widget.flags.conversation_style_set_avatar_async = true
1788779393.825 10316 24531 24581 V AconfigFlags: Read Aconfig default flag value android.widget.flags.enable_platform_widget_differential_motion_fling = true
1788779393.825 10316 24531 24581 V AconfigFlags: Read Aconfig default flag value android.widget.flags.messaging_child_request_layout = false
1788779393.825 10316 24531 24581 V AconfigFlags: Read Aconfig default flag value android.widget.flags.notif_linearlayout_optimized = true
1788779393.825 10316 24531 24581 V AconfigFlags: Read Aconfig default flag value android.widget.flags.toast_no_weakref = true
1788779393.825 10316 24531 24581 V AconfigFlags: Read Aconfig default flag value com.android.aconfig_new_storage.enable_aconfig_storage_daemon = false
1788779393.825 10316 24531 24581 V AconfigFlags: Read Aconfig default flag value com.android.graphics.flags.exact_compute_bounds = false
1788779393.825 10316 24531 24581 V AconfigFlags: Read Aconfig default flag value com.android.graphics.flags.icon_load_drawable_return_null_when_uri_decode_fails = false
1788779393.825 10316 24531 24581 V AconfigFlags: Read Aconfig default flag value com.android.graphics.flags.ok_lab_colorspace = false
1788779393.825 10316 24531 24581 V AconfigFlags: Read Aconfig default flag value com.android.graphics.flags.yuv_image_compress_to_ultra_hdr = false
1788779393.825 10316 24531 24581 V AconfigFlags: Read Aconfig default flag value com.android.graphics.hwui.flags.animate_hdr_transitions = true
1788779393.825 10316 24531 24581 V AconfigFlags: Read Aconfig default flag value com.android.graphics.hwui.flags.clip_shader = true
1788779393.825 10316 24531 24581 V AconfigFlags: Read Aconfig default flag value com.android.graphics.hwui.flags.clip_surfaceviews = false
1788779393.825 10316 24531 24581 V AconfigFlags: Read Aconfig default flag value com.android.graphics.hwui.flags.draw_region = false
1788779393.825 10316 24531 24581 V AconfigFlags: Read Aconfig default flag value com.android.graphics.hwui.flags.gainmap_animations = true
1788779393.825 10316 24531 24581 V AconfigFlags: Read Aconfig default flag value com.android.graphics.hwui.flags.gainmap_constructor_with_metadata = true
1788779393.825 10316 24531 24581 V AconfigFlags: Read Aconfig default flag value com.android.graphics.hwui.flags.hdr_10bit_plus = false
1788779393.825 10316 24531 24581 V AconfigFlags: Read Aconfig default flag value com.android.graphics.hwui.flags.high_contrast_text_luminance = true
1788779393.825 10316 24531 24581 V AconfigFlags: Read Aconfig default flag value com.android.graphics.hwui.flags.high_contrast_text_small_text_rect = false
1788779393.825 10316 24531 24581 V AconfigFlags: Read Aconfig default flag value com.android.graphics.hwui.flags.initialize_gl_always = false
1788779393.826 10316 24531 24581 V AconfigFlags: Read Aconfig default flag value com.android.graphics.hwui.flags.limited_hdr = true
1788779393.826 10316 24531 24581 V AconfigFlags: Read Aconfig default flag value com.android.graphics.hwui.flags.matrix_44 = true
1788779393.826 10316 24531 24581 V AconfigFlags: Read Aconfig default flag value com.android.graphics.hwui.flags.requested_formats_v = true
1788779393.826 10316 24531 24581 V AconfigFlags: Read Aconfig default flag value com.android.graphics.libgui.flags.bq_extendedallocate = false
1788779393.826 10316 24531 24581 V AconfigFlags: Read Aconfig default flag value com.android.graphics.libgui.flags.bq_setframerate = true
1788779393.826 10316 24531 24581 V AconfigFlags: Read Aconfig default flag value com.android.graphics.libgui.flags.frametimestamps_previousrelease = true
1788779393.826 10316 24531 24581 V AconfigFlags: Read Aconfig default flag value com.android.graphics.libgui.flags.trace_frame_rate_override = false
1788779393.826 10316 24531 24581 V AconfigFlags: Read Aconfig default flag value com.android.graphics.surfaceflinger.flags.add_sf_skipped_frames_to_trace = true
1788779393.826 10316 24531 24581 V AconfigFlags: Read Aconfig default flag value com.android.graphics.surfaceflinger.flags.adpf_gpu_sf = true
1788779393.826 10316 24531 24581 V AconfigFlags: Read Aconfig default flag value com.android.graphics.surfaceflinger.flags.allow_n_vsyncs_in_targeter = false
1788779393.826 10316 24531 24581 V AconfigFlags: Read Aconfig default flag value com.android.graphics.surfaceflinger.flags.cache_when_source_crop_layer_only_moved = false
1788779393.826 10316 24531 24581 V AconfigFlags: Read Aconfig default flag value com.android.graphics.surfaceflinger.flags.ce_fence_promise = true
1788779393.826 10316 24531 24581 V AconfigFlags: Read Aconfig default flag value com.android.graphics.surfaceflinger.flags.commit_not_composited = false
1788779393.826 10316 24531 24581 V AconfigFlags: Read Aconfig default flag value com.android.graphics.surfaceflinger.flags.connected_display = true
1788779393.826 10316 24531 24581 V AconfigFlags: Read Aconfig default flag value com.android.graphics.surfaceflinger.flags.deprecate_vsync_sf = false
1788779393.826 10316 24531 24581 V AconfigFlags: Read Aconfig default flag value com.android.graphics.surfaceflinger.flags.detached_mirror = true
1788779393.826 10316 24531 24581 V AconfigFlags: Read Aconfig default flag value com.android.graphics.surfaceflinger.flags.display_protected = true
1788779393.826 10316 24531 24581 V AconfigFlags: Read Aconfig default flag value com.android.graphics.surfaceflinger.flags.dont_skip_on_early_ro = true
1788779393.826 10316 24531 24581 V AconfigFlags: Read Aconfig default flag value com.android.graphics.surfaceflinger.flags.enable_fro_dependent_features = true
1788779393.826 10316 24531 24581 V AconfigFlags: Read Aconfig default flag value com.android.graphics.surfaceflinger.flags.enable_layer_command_batching = true
1788779393.826 10316 24531 24581 V AconfigFlags: Read Aconfig default flag value com.android.graphics.surfaceflinger.flags.enable_small_area_detection = true
1788779393.826 10316 24531 24581 V AconfigFlags: Read Aconfig default flag value com.android.graphics.surfaceflinger.flags.flush_buffer_slots_to_uncache = false
1788779393.826 10316 24531 24581 V AconfigFlags: Read Aconfig default flag value com.android.graphics.surfaceflinger.flags.force_compile_graphite_renderengine = false
1788779393.826 10316 24531 24581 V AconfigFlags: Read Aconfig default flag value com.android.graphics.surfaceflinger.flags.fp16_client_target = false
1788779393.826 10316 24531 24581 V AconfigFlags: Read Aconfig default flag value com.android.graphics.surfaceflinger.flags.frame_rate_category_mrr = false
1788779393.826 10316 24531 24581 V AconfigFlags: Read Aconfig default flag value com.android.graphics.surfaceflinger.flags.game_default_frame_rate = true
1788779393.826 10316 24531 24581 V AconfigFlags: Read Aconfig default flag value com.android.graphics.surfaceflinger.flags.graphite_renderengine = false
1788779393.826 10316 24531 24581 V AconfigFlags: Read Aconfig default flag value com.android.graphics.surfaceflinger.flags.hdcp_level_hal = false
1788779393.826 10316 24531 24581 V AconfigFlags: Read Aconfig default flag value com.android.graphics.surfaceflinger.flags.hotplug2 = true
1788779393.826 10316 24531 24581 V AconfigFlags: Read Aconfig default flag value com.android.graphics.surfaceflinger.flags.latch_unsignaled_with_auto_refresh_changed = true
1788779393.826 10316 24531 24581 V AconfigFlags: Read Aconfig default flag value com.android.graphics.surfaceflinger.flags.local_tonemap_screenshots = false
1788779393.826 10316 24531 24581 V AconfigFlags: Read Aconfig default flag value com.android.graphics.surfaceflinger.flags.misc1 = true
1788779393.826 10316 24531 24581 V AconfigFlags: Read Aconfig default flag value com.android.graphics.surfaceflinger.flags.multithreaded_present = true
1788779393.826 10316 24531 24581 V AconfigFlags: Read Aconfig default flag value com.android.graphics.surfaceflinger.flags.override_trusted_overlay = true
1788779393.826 10316 24531 24581 V AconfigFlags: Read Aconfig default flag value com.android.graphics.surfaceflinger.flags.protected_if_client = true
1788779393.826 10316 24531 24581 V AconfigFlags: Read Aconfig default flag value com.android.graphics.surfaceflinger.flags.refresh_rate_overlay_on_external_display = false
1788779393.826 10316 24531 24581 V AconfigFlags: Read Aconfig default flag value com.android.graphics.surfaceflinger.flags.renderable_buffer_usage = false
1788779393.827 10316 24531 24581 V AconfigFlags: Read Aconfig default flag value com.android.graphics.surfaceflinger.flags.restore_blur_step = true
1788779393.827 10316 24531 24581 V AconfigFlags: Read Aconfig default flag value com.android.graphics.surfaceflinger.flags.screenshot_fence_preservation = true
1788779393.827 10316 24531 24581 V AconfigFlags: Read Aconfig default flag value com.android.graphics.surfaceflinger.flags.single_hop_screenshot = true
1788779393.827 10316 24531 24581 V AconfigFlags: Read Aconfig default flag value com.android.graphics.surfaceflinger.flags.use_known_refresh_rate_for_fps_consistency = false
1788779393.827 10316 24531 24581 V AconfigFlags: Read Aconfig default flag value com.android.graphics.surfaceflinger.flags.vrr_bugfix_24q4 = false
1788779393.827 10316 24531 24581 V AconfigFlags: Read Aconfig default flag value com.android.graphics.surfaceflinger.flags.vrr_config = true
1788779393.827 10316 24531 24581 V AconfigFlags: Read Aconfig default flag value com.android.graphics.surfaceflinger.flags.vulkan_renderengine = false
1788779393.827 10316 24531 24581 V AconfigFlags: Read Aconfig default flag value com.android.hardware.input.emoji_and_screenshot_keycodes_available = true
1788779393.827 10316 24531 24581 V AconfigFlags: Read Aconfig default flag value com.android.hardware.input.keyboard_a11y_bounce_keys_flag = true
1788779393.827 10316 24531 24581 V AconfigFlags: Read Aconfig default flag value com.android.hardware.input.keyboard_a11y_slow_keys_flag = true
1788779393.827 10316 24531 24581 V AconfigFlags: Read Aconfig default flag value com.android.hardware.input.keyboard_a11y_sticky_keys_flag = true
1788779393.827 10316 24531 24581 V AconfigFlags: Read Aconfig default flag value com.android.hardware.input.keyboard_layout_preview_flag = true
1788779393.827 10316 24531 24581 V AconfigFlags: Read Aconfig default flag value com.android.hardware.input.pointer_coords_is_resampled_api = true
1788779393.827 10316 24531 24581 V AconfigFlags: Read Aconfig default flag value com.android.hardware.input.touchpad_tap_dragging = true
1788779393.827 10316 24531 24581 V AconfigFlags: Read Aconfig default flag value com.android.hardware.libsensor.flags.sensor_event_queue_report_sensor_usage_in_tracing = false
1788779393.827 10316 24531 24581 V AconfigFlags: Read Aconfig default flag value com.android.hardware.libsensor.flags.sensormanager_ping_binder = true
1788779393.827 10316 24531 24581 V AconfigFlags: Read Aconfig default flag value com.android.icu.icu74 = false
1788779393.827 10316 24531 24581 V AconfigFlags: Read Aconfig default flag value com.android.icu.icu_v_api = true
1788779393.827 10316 24531 24581 V AconfigFlags: Read Aconfig default flag value com.android.input.flags.a11y_crash_on_inconsistent_event_stream = false
1788779393.827 10316 24531 24581 V AconfigFlags: Read Aconfig default flag value com.android.input.flags.device_associations = false
1788779393.827 10316 24531 24581 V AconfigFlags: Read Aconfig default flag value com.android.input.flags.disable_reject_touch_on_stylus_hover = false
1788779393.827 10316 24531 24581 V AconfigFlags: Read Aconfig default flag value com.android.input.flags.enable_gestures_library_timer_provider = true
1788779393.827 10316 24531 24581 V AconfigFlags: Read Aconfig default flag value com.android.input.flags.enable_inbound_event_verification = false
1788779393.827 10316 24531 24581 V AconfigFlags: Read Aconfig default flag value com.android.input.flags.enable_input_event_tracing = true
1788779393.827 10316 24531 24581 V AconfigFlags: Read Aconfig default flag value com.android.input.flags.enable_input_filter_rust_impl = true
1788779393.827 10316 24531 24581 V AconfigFlags: Read Aconfig default flag value com.android.input.flags.enable_keyboard_classifier = false
1788779393.827 10316 24531 24581 V AconfigFlags: Read Aconfig default flag value com.android.input.flags.enable_multi_device_input = true
1788779393.827 10316 24531 24581 V AconfigFlags: Read Aconfig default flag value com.android.input.flags.enable_multi_device_same_window_stream = false
1788779393.827 10316 24531 24581 V AconfigFlags: Read Aconfig default flag value com.android.input.flags.enable_new_mouse_pointer_ballistics = true
1788779393.827 10316 24531 24581 V AconfigFlags: Read Aconfig default flag value com.android.input.flags.enable_outbound_event_verification = false
1788779393.827 10316 24531 24581 V AconfigFlags: Read Aconfig default flag value com.android.input.flags.enable_prediction_pruning_via_jerk_thresholding = true
1788779393.827 10316 24531 24581 V AconfigFlags: Read Aconfig default flag value com.android.input.flags.enable_touchpad_fling_stop = false
1788779393.827 10316 24531 24581 V AconfigFlags: Read Aconfig default flag value com.android.input.flags.enable_touchpad_typing_palm_rejection = true
1788779393.827 10316 24531 24581 V AconfigFlags: Read Aconfig default flag value com.android.input.flags.enable_v2_touchpad_typing_palm_rejection = false
1788779393.827 10316 24531 24581 V AconfigFlags: Read Aconfig default flag value com.android.input.flags.hide_pointer_indicators_for_secure_windows = false
1788779393.827 10316 24531 24581 V AconfigFlags: Read Aconfig default flag value com.android.input.flags.input_device_view_behavior_api = true
1788779393.827 10316 24531 24581 V AconfigFlags: Read Aconfig default flag value com.android.input.flags.override_key_behavior_permission_apis = true
1788779393.827 10316 24531 24581 V AconfigFlags: Read Aconfig default flag value com.android.input.flags.rate_limit_user_activity_poke_in_dispatcher = false
1788779393.827 10316 24531 24581 V AconfigFlags: Read Aconfig default flag value com.android.input.flags.remove_pointer_event_tracking_in_wm = true
1788779393.827 10316 24531 24581 V AconfigFlags: Read Aconfig default flag value com.android.input.flags.report_palms_to_gestures_library = false
1788779393.827 10316 24531 24581 V AconfigFlags: Read Aconfig default flag value com.android.internal.camera.flags.analytics_24q3 = true
1788779393.828 10316 24531 24581 V AconfigFlags: Read Aconfig default flag value com.android.internal.camera.flags.cache_permission_services = true
1788779393.828 10316 24531 24581 V AconfigFlags: Read Aconfig default flag value com.android.internal.camera.flags.calculate_perf_override_during_session_support = true
1788779393.828 10316 24531 24581 V AconfigFlags: Read Aconfig default flag value com.android.internal.camera.flags.camera_ae_mode_low_light_boost = true
1788779393.828 10316 24531 24581 V AconfigFlags: Read Aconfig default flag value com.android.internal.camera.flags.camera_device_setup = true
1788779393.828 10316 24531 24581 V AconfigFlags: Read Aconfig default flag value com.android.internal.camera.flags.camera_extensions_characteristics_get = true
1788779393.828 10316 24531 24581 V AconfigFlags: Read Aconfig default flag value com.android.internal.camera.flags.camera_hsum_permission = true
1788779393.828 10316 24531 24581 V AconfigFlags: Read Aconfig default flag value com.android.internal.camera.flags.camera_manual_flash_strength_control = true
1788779393.828 10316 24531 24581 V AconfigFlags: Read Aconfig default flag value com.android.internal.camera.flags.camera_privacy_allowlist = true
1788779393.828 10316 24531 24581 V AconfigFlags: Read Aconfig default flag value com.android.internal.camera.flags.check_session_support_before_session_char = true
1788779393.828 10316 24531 24581 V AconfigFlags: Read Aconfig default flag value com.android.internal.camera.flags.concert_mode = true
1788779393.828 10316 24531 24581 V AconfigFlags: Read Aconfig default flag value com.android.internal.camera.flags.concert_mode_api = false
1788779393.828 10316 24531 24581 V AconfigFlags: Read Aconfig default flag value com.android.internal.camera.flags.delay_lazy_hal_instantiation = true
1788779393.828 10316 24531 24581 V AconfigFlags: Read Aconfig default flag value com.android.internal.camera.flags.extension_10_bit = true
1788779393.828 10316 24531 24581 V AconfigFlags: Read Aconfig default flag value com.android.internal.camera.flags.feature_combination_query = true
1788779393.828 10316 24531 24581 V AconfigFlags: Read Aconfig default flag value com.android.internal.camera.flags.inject_session_params = true
1788779393.828 10316 24531 24581 V AconfigFlags: Read Aconfig default flag value com.android.internal.camera.flags.lazy_aidl_wait_for_service = true
1788779393.828 10316 24531 24581 V AconfigFlags: Read Aconfig default flag value com.android.internal.camera.flags.log_ultrawide_usage = true
1788779393.828 10316 24531 24581 V AconfigFlags: Read Aconfig default flag value com.android.internal.camera.flags.log_zoom_override_usage = true
1788779393.828 10316 24531 24581 V AconfigFlags: Read Aconfig default flag value com.android.internal.camera.flags.multi_res_raw_reprocessing = false
1788779393.828 10316 24531 24581 V AconfigFlags: Read Aconfig default flag value com.android.internal.camera.flags.multiresolution_imagereader_usage_config = true
1788779393.828 10316 24531 24581 V AconfigFlags: Read Aconfig default flag value com.android.internal.camera.flags.realtime_priority_bump = true
1788779393.828 10316 24531 24581 V AconfigFlags: Read Aconfig default flag value com.android.internal.camera.flags.return_buffers_outside_locks = true
1788779393.828 10316 24531 24581 V AconfigFlags: Read Aconfig default flag value com.android.internal.camera.flags.session_hal_buf_manager = false
1788779393.828 10316 24531 24581 V AconfigFlags: Read Aconfig default flag value com.android.internal.camera.flags.single_thread_executor = true
1788779393.828 10316 24531 24581 V AconfigFlags: Read Aconfig default flag value com.android.internal.camera.flags.surface_ipc = true
1788779393.828 10316 24531 24581 V AconfigFlags: Read Aconfig default flag value com.android.internal.camera.flags.surface_leak_fix = true
1788779393.828 10316 24531 24581 V AconfigFlags: Read Aconfig default flag value com.android.internal.camera.flags.use_ro_board_api_level_for_vndk_version = true
1788779393.828 10316 24531 24581 V AconfigFlags: Read Aconfig default flag value com.android.internal.camera.flags.use_system_api_for_vndk_version = true
1788779393.828 10316 24531 24581 V AconfigFlags: Read Aconfig default flag value com.android.internal.camera.flags.watch_foreground_changes = true
1788779393.828 10316 24531 24581 V AconfigFlags: Read Aconfig default flag value com.android.internal.compat.flags.skip_old_and_disabled_compat_logging = true
1788779393.828 10316 24531 24581 V AconfigFlags: Read Aconfig default flag value com.android.internal.foldables.flags.fold_grace_period_enabled = true
1788779393.828 10316 24531 24581 V AconfigFlags: Read Aconfig default flag value com.android.internal.foldables.flags.fold_lock_setting_enabled = true
1788779393.828 10316 24531 24581 V AconfigFlags: Read Aconfig default flag value com.android.internal.os.enable_apache_http_legacy_preload = true
1788779393.828 10316 24531 24581 V AconfigFlags: Read Aconfig default flag value com.android.internal.pm.pkg.component.flags.enable_per_process_use_embedded_dex_attr = true
1788779393.828 10316 24531 24581 V AconfigFlags: Read Aconfig default flag value com.android.internal.telephony.flags.add_anomaly_when_notify_config_changed_with_invalid_phone = true
1788779393.828 10316 24531 24581 V AconfigFlags: Read Aconfig default flag value com.android.internal.telephony.flags.add_rat_related_suggested_action_to_ims_registration = false
1788779393.828 10316 24531 24581 V AconfigFlags: Read Aconfig default flag value com.android.internal.telephony.flags.allow_mmtel_in_non_vops = true
1788779393.828 10316 24531 24581 V AconfigFlags: Read Aconfig default flag value com.android.internal.telephony.flags.answer_audio_only_when_answering_via_mmi_code = true
1788779393.828 10316 24531 24581 V AconfigFlags: Read Aconfig default flag value com.android.internal.telephony.flags.ap_domain_selection_enabled = false
1788779393.828 10316 24531 24581 V AconfigFlags: Read Aconfig default flag value com.android.internal.telephony.flags.apn_setting_field_support_flag = true
1788779393.828 10316 24531 24581 V AconfigFlags: Read Aconfig default flag value com.android.internal.telephony.flags.auto_data_switch_allow_roaming = true
1788779393.829 10316 24531 24581 V AconfigFlags: Read Aconfig default flag value com.android.internal.telephony.flags.auto_data_switch_uses_data_enabled = true
1788779393.829 10316 24531 24581 V AconfigFlags: Read Aconfig default flag value com.android.internal.telephony.flags.backup_and_restore_for_enable_2g = true
1788779393.829 10316 24531 24581 V AconfigFlags: Read Aconfig default flag value com.android.internal.telephony.flags.call_extra_for_non_hold_supported_carriers = true
1788779393.829 10316 24531 24581 V AconfigFlags: Read Aconfig default flag value com.android.internal.telephony.flags.carrier_enabled_satellite_flag = true
1788779393.829 10316 24531 24581 V AconfigFlags: Read Aconfig default flag value com.android.internal.telephony.flags.carrier_restriction_rules_enhancement = true
1788779393.829 10316 24531 24581 V AconfigFlags: Read Aconfig default flag value com.android.internal.telephony.flags.carrier_restriction_status = false
1788779393.829 10316 24531 24581 V AconfigFlags: Read Aconfig default flag value com.android.internal.telephony.flags.change_method_of_obtaining_ims_registration_radio_tech = true
1788779393.829 10316 24531 24581 V AconfigFlags: Read Aconfig default flag value com.android.internal.telephony.flags.cleanup_open_logical_channel_record_on_dispose = true
1788779393.829 10316 24531 24581 V AconfigFlags: Read Aconfig default flag value com.android.internal.telephony.flags.clear_cached_ims_phone_number_when_device_lost_ims_registration = false
1788779393.829 10316 24531 24581 V AconfigFlags: Read Aconfig default flag value com.android.internal.telephony.flags.combine_ril_death_handle = true
1788779393.829 10316 24531 24581 V AconfigFlags: Read Aconfig default flag value com.android.internal.telephony.flags.conference_hold_unhold_changed_to_send_message = true
1788779393.829 10316 24531 24581 V AconfigFlags: Read Aconfig default flag value com.android.internal.telephony.flags.data_call_session_stats_captures_cross_sim_calling = true
1788779393.829 10316 24531 24581 V AconfigFlags: Read Aconfig default flag value com.android.internal.telephony.flags.data_only_cellular_service = true
1788779393.829 10316 24531 24581 V AconfigFlags: Read Aconfig default flag value com.android.internal.telephony.flags.data_only_service_allow_emergency_call_only = true
1788779393.829 10316 24531 24581 V AconfigFlags: Read Aconfig default flag value com.android.internal.telephony.flags.data_rat_metric_enabled = true
1788779393.829 10316 24531 24581 V AconfigFlags: Read Aconfig default flag value com.android.internal.telephony.flags.dismiss_network_selection_notification_on_sim_disable = true
1788779393.829 10316 24531 24581 V AconfigFlags: Read Aconfig default flag value com.android.internal.telephony.flags.do_not_override_precise_label = true
1788779393.829 10316 24531 24581 V AconfigFlags: Read Aconfig default flag value com.android.internal.telephony.flags.domain_selection_metrics_enabled = false
1788779393.829 10316 24531 24581 V AconfigFlags: Read Aconfig default flag value com.android.internal.telephony.flags.dsrs_diagnostics_enabled = true
1788779393.829 10316 24531 24581 V AconfigFlags: Read Aconfig default flag value com.android.internal.telephony.flags.emergency_registration_state = false
1788779393.829 10316 24531 24581 V AconfigFlags: Read Aconfig default flag value com.android.internal.telephony.flags.enable_aead_algorithms = true
1788779393.829 10316 24531 24581 V AconfigFlags: Read Aconfig default flag value com.android.internal.telephony.flags.enable_carrier_config_n1_control_attempt2 = false
1788779393.829 10316 24531 24581 V AconfigFlags: Read Aconfig default flag value com.android.internal.telephony.flags.enable_identifier_disclosure_transparency = true
1788779393.829 10316 24531 24581 V AconfigFlags: Read Aconfig default flag value com.android.internal.telephony.flags.enable_identifier_disclosure_transparency_unsol_events = true
1788779393.829 10316 24531 24581 V AconfigFlags: Read Aconfig default flag value com.android.internal.telephony.flags.enable_modem_cipher_transparency = true
1788779393.829 10316 24531 24581 V AconfigFlags: Read Aconfig default flag value com.android.internal.telephony.flags.enable_modem_cipher_transparency_unsol_events = true
1788779393.829 10316 24531 24581 V AconfigFlags: Read Aconfig default flag value com.android.internal.telephony.flags.enable_multiple_sa_proposals = true
1788779393.829 10316 24531 24581 V AconfigFlags: Read Aconfig default flag value com.android.internal.telephony.flags.enable_sip_subscribe_retry = true
1788779393.829 10316 24531 24581 V AconfigFlags: Read Aconfig default flag value com.android.internal.telephony.flags.enable_telephony_analytics = true
1788779393.829 10316 24531 24581 V AconfigFlags: Read Aconfig default flag value com.android.internal.telephony.flags.enable_wps_check_api_flag = true
1788779393.829 10316 24531 24581 V AconfigFlags: Read Aconfig default flag value com.android.internal.telephony.flags.enforce_subscription_user_filter = false
1788779393.829 10316 24531 24581 V AconfigFlags: Read Aconfig default flag value com.android.internal.telephony.flags.enforce_telephony_feature_mapping = true
1788779393.830 10316 24531 24581 V AconfigFlags: Read Aconfig default flag value com.android.internal.telephony.flags.enforce_telephony_feature_mapping_for_public_apis = false
1788779393.830 10316 24531 24581 V AconfigFlags: Read Aconfig default flag value com.android.internal.telephony.flags.ensure_access_to_call_settings_is_restricted = false
1788779393.830 10316 24531 24581 V AconfigFlags: Read Aconfig default flag value com.android.internal.telephony.flags.esim_available_memory = true
1788779393.830 10316 24531 24581 V AconfigFlags: Read Aconfig default flag value com.android.internal.telephony.flags.esim_bootstrap_provisioning_flag = true
1788779393.830 10316 24531 24581 V AconfigFlags: Read Aconfig default flag value com.android.internal.telephony.flags.fix_crash_on_getting_config_when_phone_is_gone = true
1788779393.830 10316 24531 24581 V AconfigFlags: Read Aconfig default flag value com.android.internal.telephony.flags.force_iwlan_mms = true
1788779393.830 10316 24531 24581 V AconfigFlags: Read Aconfig default flag value com.android.internal.telephony.flags.hide_prefer_3g_item = true
1788779393.830 10316 24531 24581 V AconfigFlags: Read Aconfig default flag value com.android.internal.telephony.flags.hide_preinstalled_carrier_app_at_most_once = true
1788779393.830 10316 24531 24581 V AconfigFlags: Read Aconfig default flag value com.android.internal.telephony.flags.hide_roaming_icon = true
1788779393.830 10316 24531 24581 V AconfigFlags: Read Aconfig default flag value com.android.internal.telephony.flags.ignore_already_terminated_incoming_call_before_registering_listener = true
1788779393.830 10316 24531 24581 V AconfigFlags: Read Aconfig default flag value com.android.internal.telephony.flags.ignore_existing_networks_for_internet_allowed_checking = true
1788779393.830 10316 24531 24581 V AconfigFlags: Read Aconfig default flag value com.android.internal.telephony.flags.imsi_key_retry_download_on_phone_unlock = true
1788779393.830 10316 24531 24581 V AconfigFlags: Read Aconfig default flag value com.android.internal.telephony.flags.keep_empty_requests_network = true
1788779393.830 10316 24531 24581 V AconfigFlags: Read Aconfig default flag value com.android.internal.telephony.flags.log_mms_sms_database_access_info = true
1788779393.830 10316 24531 24581 V AconfigFlags: Read Aconfig default flag value com.android.internal.telephony.flags.metered_embb_urlcc = true
1788779393.830 10316 24531 24581 V AconfigFlags: Read Aconfig default flag value com.android.internal.telephony.flags.minimal_telephony_cdm_check = false
1788779393.830 10316 24531 24581 V AconfigFlags: Read Aconfig default flag value com.android.internal.telephony.flags.minimal_telephony_managers_conditional_on_features = true
1788779393.830 10316 24531 24581 V AconfigFlags: Read Aconfig default flag value com.android.internal.telephony.flags.mms_disabled_error = true
1788779393.830 10316 24531 24581 V AconfigFlags: Read Aconfig default flag value com.android.internal.telephony.flags.mms_get_apn_from_pdsc = false
1788779393.830 10316 24531 24581 V AconfigFlags: Read Aconfig default flag value com.android.internal.telephony.flags.network_registration_info_reject_cause = true
1788779393.830 10316 24531 24581 V AconfigFlags: Read Aconfig default flag value com.android.internal.telephony.flags.network_validation = true
1788779393.830 10316 24531 24581 V AconfigFlags: Read Aconfig default flag value com.android.internal.telephony.flags.notify_data_activity_changed_with_slot = true
1788779393.830 10316 24531 24581 V AconfigFlags: Read Aconfig default flag value com.android.internal.telephony.flags.notify_initial_ims_provisioning_status = true
1788779393.830 10316 24531 24581 V AconfigFlags: Read Aconfig default flag value com.android.internal.telephony.flags.oem_enabled_satellite_flag = true
1788779393.830 10316 24531 24581 V AconfigFlags: Read Aconfig default flag value com.android.internal.telephony.flags.prevent_invocation_repeat_of_ril_call_when_device_does_not_support_voice = true
1788779393.830 10316 24531 24581 V AconfigFlags: Read Aconfig default flag value com.android.internal.telephony.flags.prevent_system_server_and_phone_deadlock = true
1788779393.830 10316 24531 24581 V AconfigFlags: Read Aconfig default flag value com.android.internal.telephony.flags.reconnect_qualified_network = true
1788779393.830 10316 24531 24581 V AconfigFlags: Read Aconfig default flag value com.android.internal.telephony.flags.refine_preferred_data_profile_selection = true
1788779393.830 10316 24531 24581 V AconfigFlags: Read Aconfig default flag value com.android.internal.telephony.flags.relax_ho_teardown = true
1788779393.830 10316 24531 24581 V AconfigFlags: Read Aconfig default flag value com.android.internal.telephony.flags.remove_country_code_from_local_singapore_calls = true
1788779393.830 10316 24531 24581 V AconfigFlags: Read Aconfig default flag value com.android.internal.telephony.flags.reorganize_roaming_notification = true
1788779393.830 10316 24531 24581 V AconfigFlags: Read Aconfig default flag value com.android.internal.telephony.flags.reset_mobile_network_settings = true
1788779393.830 10316 24531 24581 V AconfigFlags: Read Aconfig default flag value com.android.internal.telephony.flags.reset_primary_sim_default_values = false
1788779393.831 10316 24531 24581 V AconfigFlags: Read Aconfig default flag value com.android.internal.telephony.flags.roaming_notification_for_single_data_network = true
1788779393.831 10316 24531 24581 V AconfigFlags: Read Aconfig default flag value com.android.internal.telephony.flags.safer_get_phone_number = false
1788779393.831 10316 24531 24581 V AconfigFlags: Read Aconfig default flag value com.android.internal.telephony.flags.satellite_internet = true
1788779393.831 10316 24531 24581 V AconfigFlags: Read Aconfig default flag value com.android.internal.telephony.flags.satellite_persistent_logging = false
1788779393.831 10316 24531 24581 V AconfigFlags: Read Aconfig default flag value com.android.internal.telephony.flags.set_carrier_restriction_status = false
1788779393.831 10316 24531 24581 V AconfigFlags: Read Aconfig default flag value com.android.internal.telephony.flags.set_no_reply_timer_for_cfnry = true
1788779393.831 10316 24531 24581 V AconfigFlags: Read Aconfig default flag value com.android.internal.telephony.flags.set_number_of_sim_for_ims_enable = true
1788779393.831 10316 24531 24581 V AconfigFlags: Read Aconfig default flag value com.android.internal.telephony.flags.show_call_fail_notification_for_2g_toggle = true
1788779393.831 10316 24531 24581 V AconfigFlags: Read Aconfig default flag value com.android.internal.telephony.flags.show_call_id_and_call_waiting_in_additional_settings_menu = true
1788779393.831 10316 24531 24581 V AconfigFlags: Read Aconfig default flag value com.android.internal.telephony.flags.simultaneous_calling_indications = true
1788779393.831 10316 24531 24581 V AconfigFlags: Read Aconfig default flag value com.android.internal.telephony.flags.slicing_additional_error_codes = true
1788779393.831 10316 24531 24581 V AconfigFlags: Read Aconfig default flag value com.android.internal.telephony.flags.sms_domain_selection_enabled = true
1788779393.831 10316 24531 24581 V AconfigFlags: Read Aconfig default flag value com.android.internal.telephony.flags.stop_spamming_emergency_notification = false
1788779393.831 10316 24531 24581 V AconfigFlags: Read Aconfig default flag value com.android.internal.telephony.flags.subscription_user_association_query = false
1788779393.831 10316 24531 24581 V AconfigFlags: Read Aconfig default flag value com.android.internal.telephony.flags.support_nr_sa_rrc_idle = true
1788779393.831 10316 24531 24581 V AconfigFlags: Read Aconfig default flag value com.android.internal.telephony.flags.support_psim_to_esim_conversion = true
1788779393.831 10316 24531 24581 V AconfigFlags: Read Aconfig default flag value com.android.internal.telephony.flags.terminate_active_video_call_when_accepting_second_video_call_as_audio_only = true
1788779393.831 10316 24531 24581 V AconfigFlags: Read Aconfig default flag value com.android.internal.telephony.flags.unregister_sms_broadcast_receiver_from_cat_service = false
1788779393.831 10316 24531 24581 V AconfigFlags: Read Aconfig default flag value com.android.internal.telephony.flags.unthrottle_check_transport = true
1788779393.831 10316 24531 24581 V AconfigFlags: Read Aconfig default flag value com.android.internal.telephony.flags.update_ims_service_by_gathering_provisioning_changes = true
1788779393.831 10316 24531 24581 V AconfigFlags: Read Aconfig default flag value com.android.internal.telephony.flags.update_roaming_state_to_set_wfc_mode = true
1788779393.831 10316 24531 24581 V AconfigFlags: Read Aconfig default flag value com.android.internal.telephony.flags.use_alarm_callback = true
1788779393.831 10316 24531 24581 V AconfigFlags: Read Aconfig default flag value com.android.internal.telephony.flags.use_aosp_domain_selection_service = false
1788779393.831 10316 24531 24581 V AconfigFlags: Read Aconfig default flag value com.android.internal.telephony.flags.use_oem_domain_selection_service = true
1788779393.831 10316 24531 24581 V AconfigFlags: Read Aconfig default flag value com.android.internal.telephony.flags.use_relaxed_id_match = true
1788779393.831 10316 24531 24581 V AconfigFlags: Read Aconfig default flag value com.android.internal.telephony.flags.vonr_enabled_metric = true
1788779393.831 10316 24531 24581 V AconfigFlags: Read Aconfig default flag value com.android.internal.telephony.flags.work_profile_api_split = false
1788779393.831 10316 24531 24581 V AconfigFlags: Read Aconfig default flag value com.android.media.audio.abs_volume_index_fix = false
1788779393.831 10316 24531 24581 V AconfigFlags: Read Aconfig default flag value com.android.media.audio.alarm_min_volume_zero = true
1788779393.831 10316 24531 24581 V AconfigFlags: Read Aconfig default flag value com.android.media.audio.as_device_connection_failure = false
1788779393.831 10316 24531 24581 V AconfigFlags: Read Aconfig default flag value com.android.media.audio.audioserver_permissions = false
1788779393.831 10316 24531 24581 V AconfigFlags: Read Aconfig default flag value com.android.media.audio.bluetooth_mac_address_anonymization = true
1788779393.832 10316 24531 24581 V AconfigFlags: Read Aconfig default flag value com.android.media.audio.disable_prescale_absolute_volume = true
1788779393.832 10316 24531 24581 V AconfigFlags: Read Aconfig default flag value com.android.media.audio.dsa_over_bt_le_audio = true
1788779393.832 10316 24531 24581 V AconfigFlags: Read Aconfig default flag value com.android.media.audio.music_fx_edge_to_edge = true
1788779393.832 10316 24531 24581 V AconfigFlags: Read Aconfig default flag value com.android.media.audio.port_to_piid_simplification = false
1788779393.832 10316 24531 24581 V AconfigFlags: Read Aconfig default flag value com.android.media.audio.replace_stream_bt_sco = false
1788779393.832 10316 24531 24581 V AconfigFlags: Read Aconfig default flag value com.android.media.audio.ringer_mode_affects_alarm = true
1788779393.832 10316 24531 24581 V AconfigFlags: Read Aconfig default flag value com.android.media.audio.set_stream_volume_order = true
1788779393.832 10316 24531 24581 V AconfigFlags: Read Aconfig default flag value com.android.media.audio.spatializer_offload = false
1788779393.832 10316 24531 24581 V AconfigFlags: Read Aconfig default flag value com.android.media.audio.spatializer_upmix = false
1788779393.832 10316 24531 24581 V AconfigFlags: Read Aconfig default flag value com.android.media.audio.stereo_spatialization = false
1788779393.832 10316 24531 24581 V AconfigFlags: Read Aconfig default flag value com.android.media.audio.vgs_vss_sync_mute_order = true
1788779393.832 10316 24531 24581 V AconfigFlags: Read Aconfig default flag value com.android.media.audio.volume_refactoring = false
1788779393.832 10316 24531 24581 V AconfigFlags: Read Aconfig default flag value com.android.media.audioclient.audiosystem_service_acquisition = false
1788779393.832 10316 24531 24581 V AconfigFlags: Read Aconfig default flag value com.android.media.audioserver.direct_track_reprioritization = true
1788779393.832 10316 24531 24581 V AconfigFlags: Read Aconfig default flag value com.android.media.audioserver.effect_chain_callback_improve = false
1788779393.832 10316 24531 24581 V AconfigFlags: Read Aconfig default flag value com.android.media.audioserver.fdtostring_timeout_fix = true
1788779393.832 10316 24531 24581 V AconfigFlags: Read Aconfig default flag value com.android.media.audioserver.fix_concurrent_playback_behavior_with_bit_perfect_client = false
1788779393.832 10316 24531 24581 V AconfigFlags: Read Aconfig default flag value com.android.media.audioserver.fix_input_sharing_logic = false
1788779393.832 10316 24531 24581 V AconfigFlags: Read Aconfig default flag value com.android.media.audioserver.mutex_priority_inheritance = true
1788779393.832 10316 24531 24581 V AconfigFlags: Read Aconfig default flag value com.android.media.audioserver.use_bt_sco_for_media = false
1788779393.832 10316 24531 24581 V AconfigFlags: Read Aconfig default flag value com.android.media.codec.flags.aidl_hal = true
1788779393.832 10316 24531 24581 V AconfigFlags: Read Aconfig default flag value com.android.media.codec.flags.codec_importance = true
1788779393.832 10316 24531 24581 V AconfigFlags: Read Aconfig default flag value com.android.media.codec.flags.large_audio_frame = true
1788779393.832 10316 24531 24581 V AconfigFlags: Read Aconfig default flag value com.android.media.editing.flags.add_media_metrics_editing = true
1788779393.832 10316 24531 24581 V AconfigFlags: Read Aconfig default flag value com.android.media.flags.adjust_volume_for_foreground_app_playing_audio_without_media_session = true
1788779393.832 10316 24531 24581 V AconfigFlags: Read Aconfig default flag value com.android.media.flags.enable_audio_policies_device_and_bluetooth_controller = true
1788779393.832 10316 24531 24581 V AconfigFlags: Read Aconfig default flag value com.android.media.flags.enable_built_in_speaker_route_suitability_statuses = true
1788779393.832 10316 24531 24581 V AconfigFlags: Read Aconfig default flag value com.android.media.flags.enable_cross_user_routing_in_media_router2 = true
1788779393.832 10316 24531 24581 V AconfigFlags: Read Aconfig default flag value com.android.media.flags.enable_full_scan_with_media_content_control = true
1788779393.832 10316 24531 24581 V AconfigFlags: Read Aconfig default flag value com.android.media.flags.enable_get_transferable_routes = true
1788779393.832 10316 24531 24581 V AconfigFlags: Read Aconfig default flag value com.android.media.flags.enable_mr2_service_non_main_bg_thread = true
1788779393.832 10316 24531 24581 V AconfigFlags: Read Aconfig default flag value com.android.media.flags.enable_new_media_route_2_info_types = true
1788779393.832 10316 24531 24581 V AconfigFlags: Read Aconfig default flag value com.android.media.flags.enable_notifying_activity_manager_with_media_session_status_change = false
1788779393.832 10316 24531 24581 V AconfigFlags: Read Aconfig default flag value com.android.media.flags.enable_null_session_in_media_browser_service = true
1788779393.832 10316 24531 24581 V AconfigFlags: Read Aconfig default flag value com.android.media.flags.enable_prevention_of_keep_alive_route_providers = true
1788779393.832 10316 24531 24581 V AconfigFlags: Read Aconfig default flag value com.android.media.flags.enable_prevention_of_manager_scans_when_no_apps_scan = true
1788779393.832 10316 24531 24581 V AconfigFlags: Read Aconfig default flag value com.android.media.flags.enable_privileged_routing_for_media_routing_control = true
1788779393.832 10316 24531 24581 V AconfigFlags: Read Aconfig default flag value com.android.media.flags.enable_rlp_callbacks_in_media_router2 = true
1788779393.832 10316 24531 24581 V AconfigFlags: Read Aconfig default flag value com.android.media.flags.enable_screen_off_scanning = true
1788779393.832 10316 24531 24581 V AconfigFlags: Read Aconfig default flag value com.android.media.flags.enable_use_of_bluetooth_device_get_alias_for_mr2info_get_name = true
1788779393.833 10316 24531 24581 V AconfigFlags: Read Aconfig default flag value com.android.media.flags.enable_waiting_state_for_system_session_creation_request = true
1788779393.833 10316 24531 24581 V AconfigFlags: Read Aconfig default flag value com.android.media.flags.fallback_to_default_handling_when_media_session_has_fixed_volume_handling = true
1788779393.833 10316 24531 24581 V AconfigFlags: Read Aconfig default flag value com.android.media.performance.flags.media_description_ashmem_bitmap = true
1788779393.833 10316 24531 24581 V AconfigFlags: Read Aconfig default flag value com.android.media.projection.flags.limit_manage_media_projection = false
1788779393.833 10316 24531 24581 V AconfigFlags: Read Aconfig default flag value com.android.net.thread.platform.flags.thread_enabled_platform = false
1788779393.833 10316 24531 24581 V AconfigFlags: Read Aconfig default flag value com.android.net.thread.platform.flags.thread_user_restriction_enabled = false
1788779393.833 10316 24531 24581 V AconfigFlags: Read Aconfig default flag value com.android.server.accessibility.add_window_token_without_lock = false
1788779393.833 10316 24531 24581 V AconfigFlags: Read Aconfig default flag value com.android.server.accessibility.cleanup_a11y_overlays = false
1788779393.833 10316 24531 24581 V AconfigFlags: Read Aconfig default flag value com.android.server.accessibility.clear_default_from_a11y_shortcut_target_service_restore = true
1788779393.833 10316 24531 24581 V AconfigFlags: Read Aconfig default flag value com.android.server.accessibility.compute_window_changes_on_a11y_v2 = true
1788779393.833 10316 24531 24581 V AconfigFlags: Read Aconfig default flag value com.android.server.accessibility.deprecate_package_list_observer = false
1788779393.833 10316 24531 24581 V AconfigFlags: Read Aconfig default flag value com.android.server.accessibility.disable_continuous_shortcut_on_force_stop = false
1788779393.833 10316 24531 24581 V AconfigFlags: Read Aconfig default flag value com.android.server.accessibility.do_not_reset_key_event_state = true
1788779393.833 10316 24531 24581 V AconfigFlags: Read Aconfig default flag value com.android.server.accessibility.enable_a11y_checker_logging = false
1788779393.833 10316 24531 24581 V AconfigFlags: Read Aconfig default flag value com.android.server.accessibility.enable_color_correction_saturation = false
1788779393.833 10316 24531 24581 V AconfigFlags: Read Aconfig default flag value com.android.server.accessibility.enable_hardware_shortcut_disables_warning = false
1788779393.833 10316 24531 24581 V AconfigFlags: Read Aconfig default flag value com.android.server.accessibility.enable_magnification_joystick = false
1788779393.833 10316 24531 24581 V AconfigFlags: Read Aconfig default flag value com.android.server.accessibility.enable_magnification_multiple_finger_multiple_tap_gesture = false
1788779393.833 10316 24531 24581 V AconfigFlags: Read Aconfig default flag value com.android.server.accessibility.enable_magnification_one_finger_panning_gesture = false
1788779393.833 10316 24531 24581 V AconfigFlags: Read Aconfig default flag value com.android.server.accessibility.fix_drag_pointer_when_ending_drag = false
1788779393.833 10316 24531 24581 V AconfigFlags: Read Aconfig default flag value com.android.server.accessibility.focus_click_point_window_bounds_from_a11y_window_info = false
1788779393.833 10316 24531 24581 V AconfigFlags: Read Aconfig default flag value com.android.server.accessibility.fullscreen_fling_gesture = false
1788779393.833 10316 24531 24581 V AconfigFlags: Read Aconfig default flag value com.android.server.accessibility.handle_multi_device_input = false
1788779393.833 10316 24531 24581 V AconfigFlags: Read Aconfig default flag value com.android.server.accessibility.manager_avoid_receiver_timeout = true
1788779393.833 10316 24531 24581 V AconfigFlags: Read Aconfig default flag value com.android.server.accessibility.manager_package_monitor_logic_fix = true
1788779393.833 10316 24531 24581 V AconfigFlags: Read Aconfig default flag value com.android.server.accessibility.pinch_zoom_zero_min_span = true
1788779393.833 10316 24531 24581 V AconfigFlags: Read Aconfig default flag value com.android.server.accessibility.proxy_use_apps_on_virtual_device_listener = true
1788779393.833 10316 24531 24581 V AconfigFlags: Read Aconfig default flag value com.android.server.accessibility.remove_on_window_infos_changed_handler = false
1788779393.833 10316 24531 24581 V AconfigFlags: Read Aconfig default flag value com.android.server.accessibility.reset_hover_event_timer_on_action_up = false
1788779393.833 10316 24531 24581 V AconfigFlags: Read Aconfig default flag value com.android.server.accessibility.resettable_dynamic_properties = false
1788779393.833 10316 24531 24581 V AconfigFlags: Read Aconfig default flag value com.android.server.accessibility.scan_packages_without_lock = true
1788779393.833 10316 24531 24581 V AconfigFlags: Read Aconfig default flag value com.android.server.accessibility.send_a11y_events_based_on_state = false
1788779393.833 10316 24531 24581 V AconfigFlags: Read Aconfig default flag value com.android.server.accessibility.send_hover_events_based_on_event_stream = true
1788779393.833 10316 24531 24581 V AconfigFlags: Read Aconfig default flag value com.android.server.accessibility.skip_package_change_before_user_switch = false
1788779393.834 10316 24531 24581 V AconfigFlags: Read Aconfig default flag value com.android.server.alarm.start_user_before_scheduled_alarms = false
1788779393.834 10316 24531 24581 V AconfigFlags: Read Aconfig default flag value com.android.server.alarm.use_frozen_state_to_drop_listener_alarms = true
1788779393.834 10316 24531 24581 V AconfigFlags: Read Aconfig default flag value com.android.server.am.avoid_repeated_bcast_re_enqueues = true
1788779393.834 10316 24531 24581 V AconfigFlags: Read Aconfig default flag value com.android.server.am.avoid_resolving_type = true
1788779393.834 10316 24531 24581 V AconfigFlags: Read Aconfig default flag value com.android.server.am.batching_oom_adj = false
1788779393.834 10316 24531 24581 V AconfigFlags: Read Aconfig default flag value com.android.server.am.bfgs_managed_network_access = false
1788779393.834 10316 24531 24581 V AconfigFlags: Read Aconfig default flag value com.android.server.am.defer_outgoing_broadcasts = false
1788779393.834 10316 24531 24581 V AconfigFlags: Read Aconfig default flag value com.android.server.am.fgs_abuse_detection = false
1788779393.834 10316 24531 24581 V AconfigFlags: Read Aconfig default flag value com.android.server.am.fgs_boot_completed = true
1788779393.834 10316 24531 24581 V AconfigFlags: Read Aconfig default flag value com.android.server.am.fgs_disable_saw = true
1788779393.834 10316 24531 24581 V AconfigFlags: Read Aconfig default flag value com.android.server.am.follow_up_oomadj_updates = false
1788779393.834 10316 24531 24581 V AconfigFlags: Read Aconfig default flag value com.android.server.am.log_excessive_binder_proxies = false
1788779393.834 10316 24531 24581 V AconfigFlags: Read Aconfig default flag value com.android.server.am.migrate_full_oomadj_updates = true
1788779393.834 10316 24531 24581 V AconfigFlags: Read Aconfig default flag value com.android.server.am.new_fgs_restriction_logic = true
1788779393.834 10316 24531 24581 V AconfigFlags: Read Aconfig default flag value com.android.server.am.oomadjuster_correctness_rewrite = true
1788779393.834 10316 24531 24581 V AconfigFlags: Read Aconfig default flag value com.android.server.am.service_binding_oom_adj_policy = true
1788779393.834 10316 24531 24581 V AconfigFlags: Read Aconfig default flag value com.android.server.am.simplify_process_traversal = true
1788779393.834 10316 24531 24581 V AconfigFlags: Read Aconfig default flag value com.android.server.am.skip_unimportant_connections = false
1788779393.834 10316 24531 24581 V AconfigFlags: Read Aconfig default flag value com.android.server.am.trace_receiver_registration = true
1788779393.834 10316 24531 24581 V AconfigFlags: Read Aconfig default flag value com.android.server.am.use_permission_manager_for_broadcast_delivery_check = true
1788779393.834 10316 24531 24581 V AconfigFlags: Read Aconfig default flag value com.android.server.appop.flags.enable_jingyue = false
1788779393.834 10316 24531 24581 V AconfigFlags: Read Aconfig default flag value com.android.server.backup.enable_clear_pipe_after_restore_file = true
1788779393.834 10316 24531 24581 V AconfigFlags: Read Aconfig default flag value com.android.server.backup.enable_increase_datatypes_for_agent_logging = true
1788779393.834 10316 24531 24581 V AconfigFlags: Read Aconfig default flag value com.android.server.backup.enable_increased_bmm_logging_for_restore_at_install = false
1788779393.834 10316 24531 24581 V AconfigFlags: Read Aconfig default flag value com.android.server.backup.enable_max_size_writes_to_pipes = true
1788779393.834 10316 24531 24581 V AconfigFlags: Read Aconfig default flag value com.android.server.backup.enable_metrics_system_backup_agents = true
1788779393.834 10316 24531 24581 V AconfigFlags: Read Aconfig default flag value com.android.server.backup.enable_skipping_restore_launched_apps = false
1788779393.834 10316 24531 24581 V AconfigFlags: Read Aconfig default flag value com.android.server.backup.enable_v_to_u_restore_for_system_components_in_allowlist = false
1788779393.834 10316 24531 24581 V AconfigFlags: Read Aconfig default flag value com.android.server.biometrics.face_vhal_feature = false
1788779393.834 10316 24531 24581 V AconfigFlags: Read Aconfig default flag value com.android.server.biometrics.use_vhal_for_testing = false
1788779393.834 10316 24531 24581 V AconfigFlags: Read Aconfig default flag value com.android.server.companion.virtual.dump_history = true
1788779393.834 10316 24531 24581 V AconfigFlags: Read Aconfig default flag value com.android.server.connectivity.replace_vpn_profile_store = false
1788779393.834 10316 24531 24581 V AconfigFlags: Read Aconfig default flag value com.android.server.contextualsearch.flags.enable_exclude_persistent_ui = false
1788779393.834 10316 24531 24581 V AconfigFlags: Read Aconfig default flag value com.android.server.deviceidle.disable_wakelocks_in_light_idle = false
1788779393.834 10316 24531 24581 V AconfigFlags: Read Aconfig default flag value com.android.server.deviceidle.remove_idle_location = false
1788779393.834 10316 24531 24581 V AconfigFlags: Read Aconfig default flag value com.android.server.display.feature.flags.always_rotate_display_device = true
1788779393.835 10316 24531 24581 V AconfigFlags: Read Aconfig default flag value com.android.server.display.feature.flags.auto_brightness_modes = true
1788779393.835 10316 24531 24581 V AconfigFlags: Read Aconfig default flag value com.android.server.display.feature.flags.back_up_smooth_display_and_force_peak_refresh_rate = true
1788779393.835 10316 24531 24581 V AconfigFlags: Read Aconfig default flag value com.android.server.display.feature.flags.brightness_int_range_user_perception = false
1788779393.835 10316 24531 24581 V AconfigFlags: Read Aconfig default flag value com.android.server.display.feature.flags.brightness_wear_bedtime_mode_clamper = true
1788779393.835 10316 24531 24581 V AconfigFlags: Read Aconfig default flag value com.android.server.display.feature.flags.enable_adaptive_tone_improvements_1 = true
1788779393.835 10316 24531 24581 V AconfigFlags: Read Aconfig default flag value com.android.server.display.feature.flags.enable_adaptive_tone_improvements_2 = true
1788779393.835 10316 24531 24581 V AconfigFlags: Read Aconfig default flag value com.android.server.display.feature.flags.enable_connected_display_error_handling = true
1788779393.835 10316 24531 24581 V AconfigFlags: Read Aconfig default flag value com.android.server.display.feature.flags.enable_connected_display_management = false
1788779393.835 10316 24531 24581 V AconfigFlags: Read Aconfig default flag value com.android.server.display.feature.flags.enable_display_offload = true
1788779393.835 10316 24531 24581 V AconfigFlags: Read Aconfig default flag value com.android.server.display.feature.flags.enable_display_resolution_range_voting = false
1788779393.835 10316 24531 24581 V AconfigFlags: Read Aconfig default flag value com.android.server.display.feature.flags.enable_displays_refresh_rates_synchronization = false
1788779393.835 10316 24531 24581 V AconfigFlags: Read Aconfig default flag value com.android.server.display.feature.flags.enable_hdr_clamper = true
1788779393.835 10316 24531 24581 V AconfigFlags: Read Aconfig default flag value com.android.server.display.feature.flags.enable_mode_limit_for_external_display = true
1788779393.835 10316 24531 24581 V AconfigFlags: Read Aconfig default flag value com.android.server.display.feature.flags.enable_nbm_controller = false
1788779393.835 10316 24531 24581 V AconfigFlags: Read Aconfig default flag value com.android.server.display.feature.flags.enable_peak_refresh_rate_physical_limit = true
1788779393.835 10316 24531 24581 V AconfigFlags: Read Aconfig default flag value com.android.server.display.feature.flags.enable_pixel_anisotropy_correction = true
1788779393.835 10316 24531 24581 V AconfigFlags: Read Aconfig default flag value com.android.server.display.feature.flags.enable_port_in_display_layout = true
1788779393.835 10316 24531 24581 V AconfigFlags: Read Aconfig default flag value com.android.server.display.feature.flags.enable_power_throttling_clamper = false
1788779393.835 10316 24531 24581 V AconfigFlags: Read Aconfig default flag value com.android.server.display.feature.flags.enable_restrict_display_modes = true
1788779393.835 10316 24531 24581 V AconfigFlags: Read Aconfig default flag value com.android.server.display.feature.flags.enable_synthetic_60hz_modes = false
1788779393.835 10316 24531 24581 V AconfigFlags: Read Aconfig default flag value com.android.server.display.feature.flags.enable_user_preferred_mode_vote = false
1788779393.835 10316 24531 24581 V AconfigFlags: Read Aconfig default flag value com.android.server.display.feature.flags.enable_vsync_low_light_vote = true
1788779393.835 10316 24531 24581 V AconfigFlags: Read Aconfig default flag value com.android.server.display.feature.flags.enable_vsync_low_power_vote = true
1788779393.835 10316 24531 24581 V AconfigFlags: Read Aconfig default flag value com.android.server.display.feature.flags.even_dimmer = false
1788779393.835 10316 24531 24581 V AconfigFlags: Read Aconfig default flag value com.android.server.display.feature.flags.fast_hdr_transitions = true
1788779393.835 10316 24531 24581 V AconfigFlags: Read Aconfig default flag value com.android.server.display.feature.flags.idle_screen_refresh_rate_timeout = true
1788779393.835 10316 24531 24581 V AconfigFlags: Read Aconfig default flag value com.android.server.display.feature.flags.ignore_app_preferred_refresh_rate_request = true
1788779393.835 10316 24531 24581 V AconfigFlags: Read Aconfig default flag value com.android.server.display.feature.flags.offload_controls_doze_auto_brightness = false
1788779393.835 10316 24531 24581 V AconfigFlags: Read Aconfig default flag value com.android.server.display.feature.flags.offload_doze_override_holds_wakelock = false
1788779393.835 10316 24531 24581 V AconfigFlags: Read Aconfig default flag value com.android.server.display.feature.flags.refactor_display_power_controller = false
1788779393.835 10316 24531 24581 V AconfigFlags: Read Aconfig default flag value com.android.server.display.feature.flags.refresh_rate_voting_telemetry = true
1788779393.835 10316 24531 24581 V AconfigFlags: Read Aconfig default flag value com.android.server.display.feature.flags.resolution_backup_restore = true
1788779393.835 10316 24531 24581 V AconfigFlags: Read Aconfig default flag value com.android.server.display.feature.flags.sensor_based_brightness_throttling = true
1788779393.835 10316 24531 24581 V AconfigFlags: Read Aconfig default flag value com.android.server.display.feature.flags.use_fusion_prox_sensor = false
1788779393.835 10316 24531 24581 V AconfigFlags: Read Aconfig default flag value com.android.server.dreams.use_battery_changed_broadcast = true
1788779393.835 10316 24531 24581 V AconfigFlags: Read Aconfig default flag value com.android.server.feature.flags.enable_read_dropbox_permission = true
1788779393.835 10316 24531 24581 V AconfigFlags: Read Aconfig default flag value com.android.server.flags.disable_system_compaction = true
1788779393.835 10316 24531 24581 V AconfigFlags: Read Aconfig default flag value com.android.server.flags.enable_odp_feature_guard = true
1788779393.835 10316 24531 24581 V AconfigFlags: Read Aconfig default flag value com.android.server.flags.new_bugreport_keyboard_shortcut = true
1788779393.835 10316 24531 24581 V AconfigFlags: Read Aconfig default flag value com.android.server.flags.pin_webview = true
1788779393.836 10316 24531 24581 V AconfigFlags: Read Aconfig default flag value com.android.server.flags.pkg_targeted_battery_changed_not_sticky = true
1788779393.836 10316 24531 24581 V AconfigFlags: Read Aconfig default flag value com.android.server.flags.skip_home_art_pins = false
1788779393.836 10316 24531 24581 V AconfigFlags: Read Aconfig default flag value com.android.server.job.batch_active_bucket_jobs = false
1788779393.836 10316 24531 24581 V AconfigFlags: Read Aconfig default flag value com.android.server.job.batch_connectivity_jobs_per_network = false
1788779393.836 10316 24531 24581 V AconfigFlags: Read Aconfig default flag value com.android.server.job.count_quota_fix = true
1788779393.836 10316 24531 24581 V AconfigFlags: Read Aconfig default flag value com.android.server.job.do_not_force_rush_execution_at_boot = false
1788779393.836 10316 24531 24581 V AconfigFlags: Read Aconfig default flag value com.android.server.job.relax_prefetch_connectivity_constraint_only_on_charger = true
1788779393.836 10316 24531 24581 V AconfigFlags: Read Aconfig default flag value com.android.server.job.thermal_restrictions_to_fgs_jobs = false
1788779393.836 10316 24531 24581 V AconfigFlags: Read Aconfig default flag value com.android.server.net.network_blocked_for_top_sleeping_and_above = true
1788779393.836 10316 24531 24581 V AconfigFlags: Read Aconfig default flag value com.android.server.net.use_different_delays_for_background_chain = false
1788779393.836 10316 24531 24581 V AconfigFlags: Read Aconfig default flag value com.android.server.net.use_metered_firewall_chains = true
1788779393.836 10316 24531 24581 V AconfigFlags: Read Aconfig default flag value com.android.server.notification.all_notifs_need_ttl = false
1788779393.836 10316 24531 24581 V AconfigFlags: Read Aconfig default flag value com.android.server.notification.autogroup_summary_icon_update = true
1788779393.836 10316 24531 24581 V AconfigFlags: Read Aconfig default flag value com.android.server.notification.cross_app_polite_notifications = false
1788779393.836 10316 24531 24581 V AconfigFlags: Read Aconfig default flag value com.android.server.notification.exit_invalid_cancel_early = false
1788779393.836 10316 24531 24581 V AconfigFlags: Read Aconfig default flag value com.android.server.notification.expire_bitmaps = true
1788779393.836 10316 24531 24581 V AconfigFlags: Read Aconfig default flag value com.android.server.notification.notification_custom_view_uri_restriction = false
1788779393.836 10316 24531 24581 V AconfigFlags: Read Aconfig default flag value com.android.server.notification.notification_hide_unused_channels = false
1788779393.836 10316 24531 24581 V AconfigFlags: Read Aconfig default flag value com.android.server.notification.notification_reduce_messagequeue_usage = false
1788779393.836 10316 24531 24581 V AconfigFlags: Read Aconfig default flag value com.android.server.notification.notification_test = false
1788779393.836 10316 24531 24581 V AconfigFlags: Read Aconfig default flag value com.android.server.notification.persist_incomplete_restore_data = true
1788779393.836 10316 24531 24581 V AconfigFlags: Read Aconfig default flag value com.android.server.notification.polite_notifications = false
1788779393.836 10316 24531 24581 V AconfigFlags: Read Aconfig default flag value com.android.server.notification.polite_notifications_attn_update = false
1788779393.836 10316 24531 24581 V AconfigFlags: Read Aconfig default flag value com.android.server.notification.refactor_attention_helper = true
1788779393.836 10316 24531 24581 V AconfigFlags: Read Aconfig default flag value com.android.server.notification.reject_old_notifications = false
1788779393.836 10316 24531 24581 V AconfigFlags: Read Aconfig default flag value com.android.server.notification.screenshare_notification_hiding = true
1788779393.836 10316 24531 24581 V AconfigFlags: Read Aconfig default flag value com.android.server.notification.trace_cancel_events = false
1788779393.836 10316 24531 24581 V AconfigFlags: Read Aconfig default flag value com.android.server.notification.use_ipcdatacache_channels = false
1788779393.836 10316 24531 24581 V AconfigFlags: Read Aconfig default flag value com.android.server.notification.use_ssm_user_switch_signal = false
1788779393.836 10316 24531 24581 V AconfigFlags: Read Aconfig default flag value com.android.server.notification.vibrate_while_unlocked = false
1788779393.836 10316 24531 24581 V AconfigFlags: Read Aconfig default flag value com.android.server.os.async_start_bugreport = false
1788779393.836 10316 24531 24581 V AconfigFlags: Read Aconfig default flag value com.android.server.os.proto_tombstone = false
1788779393.836 10316 24531 24581 V AconfigFlags: Read Aconfig default flag value com.android.server.policy.support_input_wakeup_delegate = true
1788779393.836 10316 24531 24581 V AconfigFlags: Read Aconfig default flag value com.android.server.power.batterysaver.update_auto_turn_on_notification_string_and_action = true
1788779393.836 10316 24531 24581 V AconfigFlags: Read Aconfig default flag value com.android.server.power.feature.flags.enable_early_screen_timeout_detector = true
1788779393.836 10316 24531 24581 V AconfigFlags: Read Aconfig default flag value com.android.server.power.feature.flags.improve_wakelock_latency = false
1788779393.836 10316 24531 24581 V AconfigFlags: Read Aconfig default flag value com.android.server.power.hint.adpf_session_tag = false
1788779393.836 10316 24531 24581 V AconfigFlags: Read Aconfig default flag value com.android.server.power.hint.powerhint_thread_cleanup = true
1788779393.837 10316 24531 24581 V AconfigFlags: Read Aconfig default flag value com.android.server.power.optimization.disable_system_service_power_attr = true
1788779393.837 10316 24531 24581 V AconfigFlags: Read Aconfig default flag value com.android.server.power.optimization.oneway_battery_stats_service = false
1788779393.837 10316 24531 24581 V AconfigFlags: Read Aconfig default flag value com.android.server.power.optimization.power_monitor_api = true
1788779393.837 10316 24531 24581 V AconfigFlags: Read Aconfig default flag value com.android.server.power.optimization.streamlined_battery_stats = true
1788779393.837 10316 24531 24581 V AconfigFlags: Read Aconfig default flag value com.android.server.power.optimization.streamlined_connectivity_battery_stats = false
1788779393.837 10316 24531 24581 V AconfigFlags: Read Aconfig default flag value com.android.server.power.optimization.streamlined_misc_battery_stats = false
1788779393.837 10316 24531 24581 V AconfigFlags: Read Aconfig default flag value com.android.server.powerstats.alarm_based_powerstats_logging = false
1788779393.837 10316 24531 24581 V AconfigFlags: Read Aconfig default flag value com.android.server.stats.add_mobile_bytes_transfer_by_proc_state_puller = true
1788779393.837 10316 24531 24581 V AconfigFlags: Read Aconfig default flag value com.android.server.telecom.flags.add_call_uri_for_missed_calls = true
1788779393.837 10316 24531 24581 V AconfigFlags: Read Aconfig default flag value com.android.server.telecom.flags.associated_user_refactor_for_work_profile = true
1788779393.837 10316 24531 24581 V AconfigFlags: Read Aconfig default flag value com.android.server.telecom.flags.available_routes_never_updated_after_set_system_audio_state = true
1788779393.837 10316 24531 24581 V AconfigFlags: Read Aconfig default flag value com.android.server.telecom.flags.business_call_composer = true
1788779393.837 10316 24531 24581 V AconfigFlags: Read Aconfig default flag value com.android.server.telecom.flags.cache_call_audio_callbacks = false
1788779393.837 10316 24531 24581 V AconfigFlags: Read Aconfig default flag value com.android.server.telecom.flags.call_audio_communication_device_refactor = true
1788779393.837 10316 24531 24581 V AconfigFlags: Read Aconfig default flag value com.android.server.telecom.flags.call_details_id_changes = true
1788779393.837 10316 24531 24581 V AconfigFlags: Read Aconfig default flag value com.android.server.telecom.flags.cancel_removal_on_emergency_redial = true
1788779393.837 10316 24531 24581 V AconfigFlags: Read Aconfig default flag value com.android.server.telecom.flags.clear_communication_device_after_audio_ops_complete = true
1788779393.837 10316 24531 24581 V AconfigFlags: Read Aconfig default flag value com.android.server.telecom.flags.communication_device_protected_by_lock = true
1788779393.837 10316 24531 24581 V AconfigFlags: Read Aconfig default flag value com.android.server.telecom.flags.early_binding_to_incall_service = true
1788779393.837 10316 24531 24581 V AconfigFlags: Read Aconfig default flag value com.android.server.telecom.flags.early_update_internal_call_audio_state = false
1788779393.837 10316 24531 24581 V AconfigFlags: Read Aconfig default flag value com.android.server.telecom.flags.ecc_keyguard = true
1788779393.837 10316 24531 24581 V AconfigFlags: Read Aconfig default flag value com.android.server.telecom.flags.enable_call_sequencing = false
1788779393.837 10316 24531 24581 V AconfigFlags: Read Aconfig default flag value com.android.server.telecom.flags.ensure_audio_mode_updates_on_foreground_call_change = true
1788779393.837 10316 24531 24581 V AconfigFlags: Read Aconfig default flag value com.android.server.telecom.flags.fix_audio_flicker_for_outgoing_calls = true
1788779393.837 10316 24531 24581 V AconfigFlags: Read Aconfig default flag value com.android.server.telecom.flags.gen_anom_report_on_focus_timeout = false
1788779393.837 10316 24531 24581 V AconfigFlags: Read Aconfig default flag value com.android.server.telecom.flags.get_last_known_cell_identity = false
1788779393.837 10316 24531 24581 V AconfigFlags: Read Aconfig default flag value com.android.server.telecom.flags.get_registered_phone_accounts = true
1788779393.837 10316 24531 24581 V AconfigFlags: Read Aconfig default flag value com.android.server.telecom.flags.ignore_auto_route_to_watch_device = true
1788779393.837 10316 24531 24581 V AconfigFlags: Read Aconfig default flag value com.android.server.telecom.flags.is_new_outgoing_call_broadcast_unblocking = true
1788779393.837 10316 24531 24581 V AconfigFlags: Read Aconfig default flag value com.android.server.telecom.flags.only_update_telephony_on_valid_sub_ids = true
1788779393.837 10316 24531 24581 V AconfigFlags: Read Aconfig default flag value com.android.server.telecom.flags.postpone_register_to_leaudio = false
1788779393.837 10316 24531 24581 V AconfigFlags: Read Aconfig default flag value com.android.server.telecom.flags.profile_user_support = true
1788779393.837 10316 24531 24581 V AconfigFlags: Read Aconfig default flag value com.android.server.telecom.flags.reset_mute_when_entering_quiescent_bt_route = false
1788779393.837 10316 24531 24581 V AconfigFlags: Read Aconfig default flag value com.android.server.telecom.flags.resolve_switching_bt_devices_computation = false
1788779393.837 10316 24531 24581 V AconfigFlags: Read Aconfig default flag value com.android.server.telecom.flags.separately_bind_to_bt_incall_service = false
1788779393.838 10316 24531 24581 V AconfigFlags: Read Aconfig default flag value com.android.server.telecom.flags.set_audio_mode_before_abandon_focus = true
1788779393.838 10316 24531 24581 V AconfigFlags: Read Aconfig default flag value com.android.server.telecom.flags.set_mute_state = true
1788779393.838 10316 24531 24581 V AconfigFlags: Read Aconfig default flag value com.android.server.telecom.flags.set_remote_connection_call_id = false
1788779393.838 10316 24531 24581 V AconfigFlags: Read Aconfig default flag value com.android.server.telecom.flags.skip_filter_phone_account_perform_dnd_filter = true
1788779393.838 10316 24531 24581 V AconfigFlags: Read Aconfig default flag value com.android.server.telecom.flags.telecom_log_external_wearable_calls = true
1788779393.838 10316 24531 24581 V AconfigFlags: Read Aconfig default flag value com.android.server.telecom.flags.telecom_mainline_blocked_numbers_manager = false
1788779393.838 10316 24531 24581 V AconfigFlags: Read Aconfig default flag value com.android.server.telecom.flags.telecom_resolve_hidden_dependencies = false
1788779393.838 10316 24531 24581 V AconfigFlags: Read Aconfig default flag value com.android.server.telecom.flags.telecom_skip_log_based_on_extra = true
1788779393.838 10316 24531 24581 V AconfigFlags: Read Aconfig default flag value com.android.server.telecom.flags.telephony_has_default_but_telecom_does_not = false
1788779393.838 10316 24531 24581 V AconfigFlags: Read Aconfig default flag value com.android.server.telecom.flags.transactional_cs_verifier = false
1788779393.838 10316 24531 24581 V AconfigFlags: Read Aconfig default flag value com.android.server.telecom.flags.transactional_hold_disconnects_unholdable = false
1788779393.838 10316 24531 24581 V AconfigFlags: Read Aconfig default flag value com.android.server.telecom.flags.transactional_video_state = true
1788779393.838 10316 24531 24581 V AconfigFlags: Read Aconfig default flag value com.android.server.telecom.flags.transit_route_before_audio_disconnect_bt = false
1788779393.838 10316 24531 24581 V AconfigFlags: Read Aconfig default flag value com.android.server.telecom.flags.unregister_unresolvable_accounts = false
1788779393.838 10316 24531 24581 V AconfigFlags: Read Aconfig default flag value com.android.server.telecom.flags.update_route_mask_when_bt_connected = false
1788779393.838 10316 24531 24581 V AconfigFlags: Read Aconfig default flag value com.android.server.telecom.flags.updated_rcs_call_count_tracking = false
1788779393.838 10316 24531 24581 V AconfigFlags: Read Aconfig default flag value com.android.server.telecom.flags.use_actual_address_to_enter_connecting_state = true
1788779393.838 10316 24531 24581 V AconfigFlags: Read Aconfig default flag value com.android.server.telecom.flags.use_device_provided_serialized_ringer_vibration = true
1788779393.838 10316 24531 24581 V AconfigFlags: Read Aconfig default flag value com.android.server.telecom.flags.use_improved_listener_order = true
1788779393.838 10316 24531 24581 V AconfigFlags: Read Aconfig default flag value com.android.server.telecom.flags.use_refactored_audio_route_switching = false
1788779393.838 10316 24531 24581 V AconfigFlags: Read Aconfig default flag value com.android.server.telecom.flags.voip_app_actions_support = true
1788779393.838 10316 24531 24581 V AconfigFlags: Read Aconfig default flag value com.android.server.usage.avoid_idle_check = false
1788779393.838 10316 24531 24581 V AconfigFlags: Read Aconfig default flag value com.android.server.usb.flags.allow_restriction_of_overlay_activities = true
1788779393.838 10316 24531 24581 V AconfigFlags: Read Aconfig default flag value com.android.server.usb.flags.enable_bind_to_mtp_service = true
1788779393.838 10316 24531 24581 V AconfigFlags: Read Aconfig default flag value com.android.server.utils.anr_timer_freezer = false
1788779393.838 10316 24531 24581 V AconfigFlags: Read Aconfig default flag value com.android.server.utils.anr_timer_service = false
1788779393.838 10316 24531 24581 V AconfigFlags: Read Aconfig default flag value com.android.server.wm.miui_bar_follow_animation = true
1788779393.838 10316 24531 24581 V AconfigFlags: Read Aconfig default flag value com.android.server.wm.miui_element_animation = true
1788779393.838 10316 24531 24581 V AconfigFlags: Read Aconfig default flag value com.android.server.wm.miuix_astc = true
1788779393.838 10316 24531 24581 V AconfigFlags: Read Aconfig default flag value com.android.systemui.activity_transition_use_largest_window = true
1788779393.838 10316 24531 24581 V AconfigFlags: Read Aconfig default flag value com.android.systemui.ambient_touch_monitor_listen_to_display_changes = false
1788779393.838 10316 24531 24581 V AconfigFlags: Read Aconfig default flag value com.android.systemui.app_clips_backlinks = false
1788779393.838 10316 24531 24581 V AconfigFlags: Read Aconfig default flag value com.android.systemui.bind_keyguard_media_visibility = true
1788779393.838 10316 24531 24581 V AconfigFlags: Read Aconfig default flag value com.android.systemui.bp_talkback = true
1788779393.838 10316 24531 24581 V AconfigFlags: Read Aconfig default flag value com.android.systemui.brightness_slider_focus_state = false
1788779393.839 10316 24531 24581 V AconfigFlags: Read Aconfig default flag value com.android.systemui.centralized_status_bar_height_fix = true
1788779393.839 10316 24531 24581 V AconfigFlags: Read Aconfig default flag value com.android.systemui.clipboard_noninteractive_on_lockscreen = false
1788779393.839 10316 24531 24581 V AconfigFlags: Read Aconfig default flag value com.android.systemui.clock_reactive_variants = false
1788779393.839 10316 24531 24581 V AconfigFlags: Read Aconfig default flag value com.android.systemui.communal_bouncer_do_not_modify_plugin_open = false
1788779393.839 10316 24531 24581 V AconfigFlags: Read Aconfig default flag value com.android.systemui.communal_hub = false
1788779393.839 10316 24531 24581 V AconfigFlags: Read Aconfig default flag value com.android.systemui.compose_bouncer = false
1788779393.839 10316 24531 24581 V AconfigFlags: Read Aconfig default flag value com.android.systemui.compose_lockscreen = false
1788779393.839 10316 24531 24581 V AconfigFlags: Read Aconfig default flag value com.android.systemui.confine_notification_touch_to_view_width = false
1788779393.839 10316 24531 24581 V AconfigFlags: Read Aconfig default flag value com.android.systemui.constraint_bp = true
1788779393.839 10316 24531 24581 V AconfigFlags: Read Aconfig default flag value com.android.systemui.contextual_tips_assistant_dismiss_fix = true
1788779393.839 10316 24531 24581 V AconfigFlags: Read Aconfig default flag value com.android.systemui.coroutine_tracing = false
1788779393.839 10316 24531 24581 V AconfigFlags: Read Aconfig default flag value com.android.systemui.create_windowless_window_magnifier = true
1788779393.839 10316 24531 24581 V AconfigFlags: Read Aconfig default flag value com.android.systemui.dedicated_notif_inflation_thread = true
1788779393.839 10316 24531 24581 V AconfigFlags: Read Aconfig default flag value com.android.systemui.delay_show_magnification_button = true
1788779393.839 10316 24531 24581 V AconfigFlags: Read Aconfig default flag value com.android.systemui.delayed_wakelock_release_on_background_thread = true
1788779393.839 10316 24531 24581 V AconfigFlags: Read Aconfig default flag value com.android.systemui.device_entry_udfps_refactor = true
1788779393.839 10316 24531 24581 V AconfigFlags: Read Aconfig default flag value com.android.systemui.disable_contextual_tips_frequency_check = false
1788779393.839 10316 24531 24581 V AconfigFlags: Read Aconfig default flag value com.android.systemui.disable_contextual_tips_ios_switcher_check = false
1788779393.839 10316 24531 24581 V AconfigFlags: Read Aconfig default flag value com.android.systemui.dozeui_scheduling_alarms_background_execution = false
1788779393.839 10316 24531 24581 V AconfigFlags: Read Aconfig default flag value com.android.systemui.dream_input_session_pilfer_once = false
1788779393.839 10316 24531 24581 V AconfigFlags: Read Aconfig default flag value com.android.systemui.dream_overlay_bouncer_swipe_direction_filtering = true
1788779393.839 10316 24531 24581 V AconfigFlags: Read Aconfig default flag value com.android.systemui.dual_shade = false
1788779393.839 10316 24531 24581 V AconfigFlags: Read Aconfig default flag value com.android.systemui.edge_back_gesture_handler_thread = false
1788779393.839 10316 24531 24581 V AconfigFlags: Read Aconfig default flag value com.android.systemui.edgeback_gesture_handler_get_running_tasks_background = false
1788779393.839 10316 24531 24581 V AconfigFlags: Read Aconfig default flag value com.android.systemui.enable_background_keyguard_ondrawn_callback = true
1788779393.839 10316 24531 24581 V AconfigFlags: Read Aconfig default flag value com.android.systemui.enable_contextual_tip_for_mute_volume = false
1788779393.839 10316 24531 24581 V AconfigFlags: Read Aconfig default flag value com.android.systemui.enable_contextual_tip_for_power_off = true
1788779393.839 10316 24531 24581 V AconfigFlags: Read Aconfig default flag value com.android.systemui.enable_contextual_tip_for_take_screenshot = true
1788779393.839 10316 24531 24581 V AconfigFlags: Read Aconfig default flag value com.android.systemui.enable_contextual_tips = true
1788779393.839 10316 24531 24581 V AconfigFlags: Read Aconfig default flag value com.android.systemui.enable_efficient_display_repository = false
1788779393.839 10316 24531 24581 V AconfigFlags: Read Aconfig default flag value com.android.systemui.enable_layout_tracing = false
1788779393.839 10316 24531 24581 V AconfigFlags: Read Aconfig default flag value com.android.systemui.enable_view_capture_tracing = false
1788779393.839 10316 24531 24581 V AconfigFlags: Read Aconfig default flag value com.android.systemui.enable_widget_picker_size_filter = false
1788779393.839 10316 24531 24581 V AconfigFlags: Read Aconfig default flag value com.android.systemui.enforce_brightness_base_user_restriction = true
1788779393.839 10316 24531 24581 V AconfigFlags: Read Aconfig default flag value com.android.systemui.example_flag = false
1788779393.839 10316 24531 24581 V AconfigFlags: Read Aconfig default flag value com.android.systemui.fast_unlock_transition = false
1788779393.839 10316 24531 24581 V AconfigFlags: Read Aconfig default flag value com.android.systemui.fix_image_wallpaper_crash_surface_already_released = false
1788779393.840 10316 24531 24581 V AconfigFlags: Read Aconfig default flag value com.android.systemui.fix_screenshot_action_dismiss_system_windows = true
1788779393.840 10316 24531 24581 V AconfigFlags: Read Aconfig default flag value com.android.systemui.floating_menu_animated_tuck = false
1788779393.840 10316 24531 24581 V AconfigFlags: Read Aconfig default flag value com.android.systemui.floating_menu_drag_to_edit = true
1788779393.840 10316 24531 24581 V AconfigFlags: Read Aconfig default flag value com.android.systemui.floating_menu_drag_to_hide = false
1788779393.840 10316 24531 24581 V AconfigFlags: Read Aconfig default flag value com.android.systemui.floating_menu_ime_displacement_animation = false
1788779393.840 10316 24531 24581 V AconfigFlags: Read Aconfig default flag value com.android.systemui.floating_menu_narrow_target_content_observer = true
1788779393.840 10316 24531 24581 V AconfigFlags: Read Aconfig default flag value com.android.systemui.floating_menu_overlaps_nav_bars_flag = false
1788779393.840 10316 24531 24581 V AconfigFlags: Read Aconfig default flag value com.android.systemui.floating_menu_radii_animation = false
1788779393.840 10316 24531 24581 V AconfigFlags: Read Aconfig default flag value com.android.systemui.get_connected_device_name_unsynchronized = true
1788779393.840 10316 24531 24581 V AconfigFlags: Read Aconfig default flag value com.android.systemui.glanceable_hub_allow_keyguard_when_dreaming = false
1788779393.840 10316 24531 24581 V AconfigFlags: Read Aconfig default flag value com.android.systemui.glanceable_hub_fullscreen_swipe = false
1788779393.840 10316 24531 24581 V AconfigFlags: Read Aconfig default flag value com.android.systemui.glanceable_hub_gesture_handle = false
1788779393.840 10316 24531 24581 V AconfigFlags: Read Aconfig default flag value com.android.systemui.glanceable_hub_shortcut_button = false
1788779393.840 10316 24531 24581 V AconfigFlags: Read Aconfig default flag value com.android.systemui.haptic_brightness_slider = true
1788779393.840 10316 24531 24581 V AconfigFlags: Read Aconfig default flag value com.android.systemui.haptic_volume_slider = true
1788779393.840 10316 24531 24581 V AconfigFlags: Read Aconfig default flag value com.android.systemui.hearing_aids_qs_tile_dialog = true
1788779393.840 10316 24531 24581 V AconfigFlags: Read Aconfig default flag value com.android.systemui.hearing_devices_dialog_related_tools = true
1788779393.840 10316 24531 24581 V AconfigFlags: Read Aconfig default flag value com.android.systemui.keyboard_docking_indicator = false
1788779393.840 10316 24531 24581 V AconfigFlags: Read Aconfig default flag value com.android.systemui.keyboard_shortcut_helper_rewrite = false
1788779393.840 10316 24531 24581 V AconfigFlags: Read Aconfig default flag value com.android.systemui.keyguard_bottom_area_refactor = false
1788779393.840 10316 24531 24581 V AconfigFlags: Read Aconfig default flag value com.android.systemui.keyguard_wm_state_refactor = false
1788779393.840 10316 24531 24581 V AconfigFlags: Read Aconfig default flag value com.android.systemui.light_reveal_migration = false
1788779393.840 10316 24531 24581 V AconfigFlags: Read Aconfig default flag value com.android.systemui.media_controls_lockscreen_shade_bug_fix = true
1788779393.840 10316 24531 24581 V AconfigFlags: Read Aconfig default flag value com.android.systemui.media_controls_refactor = false
1788779393.840 10316 24531 24581 V AconfigFlags: Read Aconfig default flag value com.android.systemui.media_controls_user_initiated_deleteintent = true
1788779393.840 10316 24531 24581 V AconfigFlags: Read Aconfig default flag value com.android.systemui.migrate_clocks_to_blueprint = false
1788779393.840 10316 24531 24581 V AconfigFlags: Read Aconfig default flag value com.android.systemui.new_aod_transition = true
1788779393.840 10316 24531 24581 V AconfigFlags: Read Aconfig default flag value com.android.systemui.new_touchpad_gestures_tutorial = false
1788779393.840 10316 24531 24581 V AconfigFlags: Read Aconfig default flag value com.android.systemui.new_volume_panel = true
1788779393.840 10316 24531 24581 V AconfigFlags: Read Aconfig default flag value com.android.systemui.notification_async_group_header_inflation = false
1788779393.840 10316 24531 24581 V AconfigFlags: Read Aconfig default flag value com.android.systemui.notification_async_hybrid_view_inflation = false
1788779393.840 10316 24531 24581 V AconfigFlags: Read Aconfig default flag value com.android.systemui.notification_avalanche_suppression = false
1788779393.840 10316 24531 24581 V AconfigFlags: Read Aconfig default flag value com.android.systemui.notification_avalanche_throttle_hun = false
1788779393.840 10316 24531 24581 V AconfigFlags: Read Aconfig default flag value com.android.systemui.notification_background_tint_optimization = true
1788779393.840 10316 24531 24581 V AconfigFlags: Read Aconfig default flag value com.android.systemui.notification_color_update_logger = false
1788779393.840 10316 24531 24581 V AconfigFlags: Read Aconfig default flag value com.android.systemui.notification_content_alpha_optimization = false
1788779393.840 10316 24531 24581 V AconfigFlags: Read Aconfig default flag value com.android.systemui.notification_footer_background_tint_optimization = false
1788779393.840 10316 24531 24581 V AconfigFlags: Read Aconfig default flag value com.android.systemui.notification_media_manager_background_execution = false
1788779393.840 10316 24531 24581 V AconfigFlags: Read Aconfig default flag value com.android.systemui.notification_minimalism_prototype = false
1788779393.840 10316 24531 24581 V AconfigFlags: Read Aconfig default flag value com.android.systemui.notification_over_expansion_clipping_fix = true
1788779393.840 10316 24531 24581 V AconfigFlags: Read Aconfig default flag value com.android.systemui.notification_pulsing_fix = false
1788779393.841 10316 24531 24581 V AconfigFlags: Read Aconfig default flag value com.android.systemui.notification_row_content_binder_refactor = false
1788779393.841 10316 24531 24581 V AconfigFlags: Read Aconfig default flag value com.android.systemui.notification_row_user_context = true
1788779393.841 10316 24531 24581 V AconfigFlags: Read Aconfig default flag value com.android.systemui.notification_view_flipper_pausing_v2 = true
1788779393.841 10316 24531 24581 V AconfigFlags: Read Aconfig default flag value com.android.systemui.notifications_background_icons = false
1788779393.841 10316 24531 24581 V AconfigFlags: Read Aconfig default flag value com.android.systemui.notifications_footer_view_refactor = false
1788779393.841 10316 24531 24581 V AconfigFlags: Read Aconfig default flag value com.android.systemui.notifications_heads_up_refactor = false
1788779393.841 10316 24531 24581 V AconfigFlags: Read Aconfig default flag value com.android.systemui.notifications_hide_on_display_switch = false
1788779393.841 10316 24531 24581 V AconfigFlags: Read Aconfig default flag value com.android.systemui.notifications_icon_container_refactor = true
1788779393.841 10316 24531 24581 V AconfigFlags: Read Aconfig default flag value com.android.systemui.notifications_improved_hun_animation = true
1788779393.841 10316 24531 24581 V AconfigFlags: Read Aconfig default flag value com.android.systemui.notifications_live_data_store_refactor = false
1788779393.841 10316 24531 24581 V AconfigFlags: Read Aconfig default flag value com.android.systemui.notify_power_manager_user_activity_background = true
1788779393.841 10316 24531 24581 V AconfigFlags: Read Aconfig default flag value com.android.systemui.pin_input_field_styled_focus_state = true
1788779393.841 10316 24531 24581 V AconfigFlags: Read Aconfig default flag value com.android.systemui.predictive_back_animate_bouncer = true
1788779393.841 10316 24531 24581 V AconfigFlags: Read Aconfig default flag value com.android.systemui.predictive_back_animate_dialogs = true
1788779393.841 10316 24531 24581 V AconfigFlags: Read Aconfig default flag value com.android.systemui.predictive_back_animate_shade = false
1788779393.841 10316 24531 24581 V AconfigFlags: Read Aconfig default flag value com.android.systemui.predictive_back_sysui = true
1788779393.841 10316 24531 24581 V AconfigFlags: Read Aconfig default flag value com.android.systemui.priority_people_section = false
1788779393.841 10316 24531 24581 V AconfigFlags: Read Aconfig default flag value com.android.systemui.privacy_dot_unfold_wrong_corner_fix = true
1788779393.841 10316 24531 24581 V AconfigFlags: Read Aconfig default flag value com.android.systemui.pss_app_selector_abrupt_exit_fix = true
1788779393.841 10316 24531 24581 V AconfigFlags: Read Aconfig default flag value com.android.systemui.pss_app_selector_recents_split_screen = true
1788779393.841 10316 24531 24581 V AconfigFlags: Read Aconfig default flag value com.android.systemui.pss_task_switcher = false
1788779393.841 10316 24531 24581 V AconfigFlags: Read Aconfig default flag value com.android.systemui.qs_custom_tile_click_guaranteed_bug_fix = true
1788779393.841 10316 24531 24581 V AconfigFlags: Read Aconfig default flag value com.android.systemui.qs_new_pipeline = true
1788779393.841 10316 24531 24581 V AconfigFlags: Read Aconfig default flag value com.android.systemui.qs_new_tiles = false
1788779393.841 10316 24531 24581 V AconfigFlags: Read Aconfig default flag value com.android.systemui.qs_new_tiles_future = false
1788779393.841 10316 24531 24581 V AconfigFlags: Read Aconfig default flag value com.android.systemui.qs_tile_focus_state = false
1788779393.841 10316 24531 24581 V AconfigFlags: Read Aconfig default flag value com.android.systemui.qs_ui_refactor = false
1788779393.841 10316 24531 24581 V AconfigFlags: Read Aconfig default flag value com.android.systemui.quick_settings_visual_haptics_longpress = false
1788779393.841 10316 24531 24581 V AconfigFlags: Read Aconfig default flag value com.android.systemui.record_issue_qs_tile = false
1788779393.841 10316 24531 24581 V AconfigFlags: Read Aconfig default flag value com.android.systemui.refactor_get_current_user = true
1788779393.841 10316 24531 24581 V AconfigFlags: Read Aconfig default flag value com.android.systemui.register_battery_controller_receivers_in_corestartable = false
1788779393.841 10316 24531 24581 V AconfigFlags: Read Aconfig default flag value com.android.systemui.register_new_wallet_card_in_background = true
1788779393.841 10316 24531 24581 V AconfigFlags: Read Aconfig default flag value com.android.systemui.register_wallpaper_notifier_background = true
1788779393.841 10316 24531 24581 V AconfigFlags: Read Aconfig default flag value com.android.systemui.register_zen_mode_content_observer_background = true
1788779393.841 10316 24531 24581 V AconfigFlags: Read Aconfig default flag value com.android.systemui.remove_dream_overlay_hide_on_touch = true
1788779393.841 10316 24531 24581 V AconfigFlags: Read Aconfig default flag value com.android.systemui.rest_to_unlock = false
1788779393.841 10316 24531 24581 V AconfigFlags: Read Aconfig default flag value com.android.systemui.restart_dream_on_unocclude = false
1788779393.841 10316 24531 24581 V AconfigFlags: Read Aconfig default flag value com.android.systemui.revamped_bouncer_messages = true
1788779393.842 10316 24531 24581 V AconfigFlags: Read Aconfig default flag value com.android.systemui.run_fingerprint_detect_on_dismissible_keyguard = false
1788779393.842 10316 24531 24581 V AconfigFlags: Read Aconfig default flag value com.android.systemui.save_and_restore_magnification_settings_buttons = false
1788779393.842 10316 24531 24581 V AconfigFlags: Read Aconfig default flag value com.android.systemui.scene_container = false
1788779393.842 10316 24531 24581 V AconfigFlags: Read Aconfig default flag value com.android.systemui.screenshare_notification_hiding_bug_fix = true
1788779393.842 10316 24531 24581 V AconfigFlags: Read Aconfig default flag value com.android.systemui.screenshot_action_dismiss_system_windows = false
1788779393.842 10316 24531 24581 V AconfigFlags: Read Aconfig default flag value com.android.systemui.screenshot_private_profile_accessibility_announcement_fix = true
1788779393.842 10316 24531 24581 V AconfigFlags: Read Aconfig default flag value com.android.systemui.screenshot_private_profile_behavior_fix = true
1788779393.842 10316 24531 24581 V AconfigFlags: Read Aconfig default flag value com.android.systemui.screenshot_scroll_crop_view_crash_fix = true
1788779393.842 10316 24531 24581 V AconfigFlags: Read Aconfig default flag value com.android.systemui.screenshot_shelf_ui2 = true
1788779393.842 10316 24531 24581 V AconfigFlags: Read Aconfig default flag value com.android.systemui.shade_collapse_activity_launch_fix = false
1788779393.842 10316 24531 24581 V AconfigFlags: Read Aconfig default flag value com.android.systemui.shaderlib_loading_effect_refactor = false
1788779393.842 10316 24531 24581 V AconfigFlags: Read Aconfig default flag value com.android.systemui.shared.bouncer_area_exclusion = true
1788779393.842 10316 24531 24581 V AconfigFlags: Read Aconfig default flag value com.android.systemui.shared.enable_home_delay = false
1788779393.842 10316 24531 24581 V AconfigFlags: Read Aconfig default flag value com.android.systemui.shared.example_shared_flag = false
1788779393.842 10316 24531 24581 V AconfigFlags: Read Aconfig default flag value com.android.systemui.shared.return_animation_framework_library = false
1788779393.842 10316 24531 24581 V AconfigFlags: Read Aconfig default flag value com.android.systemui.shared.shade_allow_back_gesture = false
1788779393.842 10316 24531 24581 V AconfigFlags: Read Aconfig default flag value com.android.systemui.shared.sidefps_controller_refactor = true
1788779393.842 10316 24531 24581 V AconfigFlags: Read Aconfig default flag value com.android.systemui.slice_broadcast_relay_in_background = false
1788779393.842 10316 24531 24581 V AconfigFlags: Read Aconfig default flag value com.android.systemui.slice_manager_binder_call_background = true
1788779393.842 10316 24531 24581 V AconfigFlags: Read Aconfig default flag value com.android.systemui.smartspace_lockscreen_viewmodel = false
1788779393.842 10316 24531 24581 V AconfigFlags: Read Aconfig default flag value com.android.systemui.smartspace_relocate_to_bottom = false
1788779393.842 10316 24531 24581 V AconfigFlags: Read Aconfig default flag value com.android.systemui.smartspace_remoteviews_rendering = false
1788779393.842 10316 24531 24581 V AconfigFlags: Read Aconfig default flag value com.android.systemui.status_bar_monochrome_icons_fix = true
1788779393.842 10316 24531 24581 V AconfigFlags: Read Aconfig default flag value com.android.systemui.status_bar_screen_sharing_chips = false
1788779393.842 10316 24531 24581 V AconfigFlags: Read Aconfig default flag value com.android.systemui.status_bar_static_inout_indicators = false
1788779393.842 10316 24531 24581 V AconfigFlags: Read Aconfig default flag value com.android.systemui.switch_user_on_bg = true
1788779393.842 10316 24531 24581 V AconfigFlags: Read Aconfig default flag value com.android.systemui.sysui_teamfood = false
1788779393.842 10316 24531 24581 V AconfigFlags: Read Aconfig default flag value com.android.systemui.theme_overlay_controller_wakefulness_deprecation = false
1788779393.842 10316 24531 24581 V AconfigFlags: Read Aconfig default flag value com.android.systemui.translucent_occluding_activity_fix = true
1788779393.842 10316 24531 24581 V AconfigFlags: Read Aconfig default flag value com.android.systemui.truncated_status_bar_icons_fix = true
1788779393.842 10316 24531 24581 V AconfigFlags: Read Aconfig default flag value com.android.systemui.udfps_view_performance = true
1788779393.842 10316 24531 24581 V AconfigFlags: Read Aconfig default flag value com.android.systemui.unfold_animation_background_progress = true
1788779393.842 10316 24531 24581 V AconfigFlags: Read Aconfig default flag value com.android.systemui.update_user_switcher_background = true
1788779393.843 10316 24531 24581 V AconfigFlags: Read Aconfig default flag value com.android.systemui.validate_keyboard_shortcut_helper_icon_uri = false
1788779393.843 10316 24531 24581 V AconfigFlags: Read Aconfig default flag value com.android.systemui.visual_interruptions_refactor = true
1788779393.843 10316 24531 24581 V AconfigFlags: Read Aconfig default flag value com.android.text.flags.complete_font_load_in_system_services_ready = true
1788779393.843 10316 24531 24581 V AconfigFlags: Read Aconfig default flag value com.android.text.flags.deprecate_ui_fonts = true
1788779393.843 10316 24531 24581 V AconfigFlags: Read Aconfig default flag value com.android.text.flags.disable_handwriting_initiator_for_ime = true
1788779393.843 10316 24531 24581 V AconfigFlags: Read Aconfig default flag value com.android.text.flags.escape_clears_focus = true
1788779393.843 10316 24531 24581 V AconfigFlags: Read Aconfig default flag value com.android.text.flags.fix_double_underline = true
1788779393.843 10316 24531 24581 V AconfigFlags: Read Aconfig default flag value com.android.text.flags.fix_font_update_failure = true
1788779393.843 10316 24531 24581 V AconfigFlags: Read Aconfig default flag value com.android.text.flags.fix_line_height_for_locale = true
1788779393.843 10316 24531 24581 V AconfigFlags: Read Aconfig default flag value com.android.text.flags.fix_misaligned_context_menu = true
1788779393.843 10316 24531 24581 V AconfigFlags: Read Aconfig default flag value com.android.text.flags.fix_null_typeface_bolding = false
1788779393.843 10316 24531 24581 V AconfigFlags: Read Aconfig default flag value com.android.text.flags.handwriting_cursor_position = true
1788779393.843 10316 24531 24581 V AconfigFlags: Read Aconfig default flag value com.android.text.flags.handwriting_end_of_line_tap = true
1788779393.843 10316 24531 24581 V AconfigFlags: Read Aconfig default flag value com.android.text.flags.handwriting_gesture_with_transformation = true
1788779393.843 10316 24531 24581 V AconfigFlags: Read Aconfig default flag value com.android.text.flags.handwriting_unsupported_message = true
1788779393.843 10316 24531 24581 V AconfigFlags: Read Aconfig default flag value com.android.text.flags.icu_bidi_migration = true
1788779393.843 10316 24531 24581 V AconfigFlags: Read Aconfig default flag value com.android.text.flags.insert_mode_crash_update_layout_span = true
1788779393.843 10316 24531 24581 V AconfigFlags: Read Aconfig default flag value com.android.text.flags.insert_mode_crash_when_delete = true
1788779393.843 10316 24531 24581 V AconfigFlags: Read Aconfig default flag value com.android.text.flags.insert_mode_highlight_range = true
1788779393.843 10316 24531 24581 V AconfigFlags: Read Aconfig default flag value com.android.text.flags.insert_mode_not_update_selection = false
1788779393.843 10316 24531 24581 V AconfigFlags: Read Aconfig default flag value com.android.text.flags.lazy_variation_instance = true
1788779393.843 10316 24531 24581 V AconfigFlags: Read Aconfig default flag value com.android.text.flags.letter_spacing_justification = true
1788779393.843 10316 24531 24581 V AconfigFlags: Read Aconfig default flag value com.android.text.flags.missing_getter_apis = false
1788779393.843 10316 24531 24581 V AconfigFlags: Read Aconfig default flag value com.android.text.flags.miui_layout_engine = false
1788779393.843 10316 24531 24581 V AconfigFlags: Read Aconfig default flag value com.android.text.flags.miui_layout_engine_second_version = true
1788779393.843 10316 24531 24581 V AconfigFlags: Read Aconfig default flag value com.android.text.flags.new_fonts_fallback_xml = true
1788779393.843 10316 24531 24581 V AconfigFlags: Read Aconfig default flag value com.android.text.flags.no_break_no_hyphenation_span = true
1788779393.843 10316 24531 24581 V AconfigFlags: Read Aconfig default flag value com.android.text.flags.phrase_strict_fallback = true
1788779393.843 10316 24531 24581 V AconfigFlags: Read Aconfig default flag value com.android.text.flags.rust_hyphenator = false
1788779393.843 10316 24531 24581 V AconfigFlags: Read Aconfig default flag value com.android.text.flags.use_bounds_for_width = true
1788779393.843 10316 24531 24581 V AconfigFlags: Read Aconfig default flag value com.android.text.flags.use_optimized_boottime_font_loading = true
1788779393.843 10316 24531 24581 V AconfigFlags: Read Aconfig default flag value com.android.text.flags.vendor_custom_locale_fallback = true
1788779393.843 10316 24531 24581 V AconfigFlags: Read Aconfig default flag value com.android.text.flags.word_style_auto = true
1788779393.843 10316 24531 24581 V AconfigFlags: Read Aconfig default flag value com.android.window.flags.activity_embedding_animation_customization_flag = false
1788779393.843 10316 24531 24581 V AconfigFlags: Read Aconfig default flag value com.android.window.flags.activity_embedding_interactive_divider_flag = true
1788779393.844 10316 24531 24581 V AconfigFlags: Read Aconfig default flag value com.android.window.flags.activity_embedding_overlay_presentation_flag = true
1788779393.844 10316 24531 24581 V AconfigFlags: Read Aconfig default flag value com.android.window.flags.activity_snapshot_by_default = true
1788779393.844 10316 24531 24581 V AconfigFlags: Read Aconfig default flag value com.android.window.flags.activity_window_info_flag = true
1788779393.844 10316 24531 24581 V AconfigFlags: Read Aconfig default flag value com.android.window.flags.allow_disable_activity_record_input_sink = true
1788779393.844 10316 24531 24581 V AconfigFlags: Read Aconfig default flag value com.android.window.flags.allow_hide_scm_button = true
1788779393.844 10316 24531 24581 V AconfigFlags: Read Aconfig default flag value com.android.window.flags.allows_screen_size_decoupled_from_status_bar_and_cutout = true
1788779393.844 10316 24531 24581 V AconfigFlags: Read Aconfig default flag value com.android.window.flags.always_defer_transition_when_apply_wct = true
1788779393.844 10316 24531 24581 V AconfigFlags: Read Aconfig default flag value com.android.window.flags.always_draw_magnification_fullscreen_border = true
1788779393.844 10316 24531 24581 V AconfigFlags: Read Aconfig default flag value com.android.window.flags.always_update_wallpaper_permission = true
1788779393.844 10316 24531 24581 V AconfigFlags: Read Aconfig default flag value com.android.window.flags.app_compat_properties_api = true
1788779393.844 10316 24531 24581 V AconfigFlags: Read Aconfig default flag value com.android.window.flags.app_compat_refactoring = false
1788779393.844 10316 24531 24581 V AconfigFlags: Read Aconfig default flag value com.android.window.flags.bal_dont_bring_existing_background_task_stack_to_fg = true
1788779393.844 10316 24531 24581 V AconfigFlags: Read Aconfig default flag value com.android.window.flags.bal_improve_real_caller_visibility_check = true
1788779393.844 10316 24531 24581 V AconfigFlags: Read Aconfig default flag value com.android.window.flags.bal_improved_metrics = false
1788779393.844 10316 24531 24581 V AconfigFlags: Read Aconfig default flag value com.android.window.flags.bal_require_opt_in_by_pending_intent_creator = true
1788779393.844 10316 24531 24581 V AconfigFlags: Read Aconfig default flag value com.android.window.flags.bal_require_opt_in_same_uid = false
1788779393.844 10316 24531 24581 V AconfigFlags: Read Aconfig default flag value com.android.window.flags.bal_respect_app_switch_state_when_check_bound_by_foreground_uid = true
1788779393.844 10316 24531 24581 V AconfigFlags: Read Aconfig default flag value com.android.window.flags.bal_show_toasts = false
1788779393.844 10316 24531 24581 V AconfigFlags: Read Aconfig default flag value com.android.window.flags.bal_show_toasts_blocked = false
1788779393.844 10316 24531 24581 V AconfigFlags: Read Aconfig default flag value com.android.window.flags.blast_sync_notification_shade_on_display_switch = false
1788779393.844 10316 24531 24581 V AconfigFlags: Read Aconfig default flag value com.android.window.flags.bundle_client_transaction_flag = true
1788779393.844 10316 24531 24581 V AconfigFlags: Read Aconfig default flag value com.android.window.flags.camera_compat_for_freeform = false
1788779393.844 10316 24531 24581 V AconfigFlags: Read Aconfig default flag value com.android.window.flags.close_to_square_config_includes_status_bar = false
1788779393.844 10316 24531 24581 V AconfigFlags: Read Aconfig default flag value com.android.window.flags.configurable_font_scale_default = true
1788779393.844 10316 24531 24581 V AconfigFlags: Read Aconfig default flag value com.android.window.flags.cover_display_opt_in = true
1788779393.844 10316 24531 24581 V AconfigFlags: Read Aconfig default flag value com.android.window.flags.defer_display_updates = true
1788779393.844 10316 24531 24581 V AconfigFlags: Read Aconfig default flag value com.android.window.flags.delay_notification_to_magnification_when_recents_window_to_front_transition = true
1788779393.844 10316 24531 24581 V AconfigFlags: Read Aconfig default flag value com.android.window.flags.delegate_unhandled_drags = true
1788779393.844 10316 24531 24581 V AconfigFlags: Read Aconfig default flag value com.android.window.flags.delete_capture_display = true
1788779393.844 10316 24531 24581 V AconfigFlags: Read Aconfig default flag value com.android.window.flags.density_390_api = true
1788779393.844 10316 24531 24581 V AconfigFlags: Read Aconfig default flag value com.android.window.flags.disable_object_pool = false
1788779393.844 10316 24531 24581 V AconfigFlags: Read Aconfig default flag value com.android.window.flags.disable_thin_letterboxing_policy = true
1788779393.844 10316 24531 24581 V AconfigFlags: Read Aconfig default flag value com.android.window.flags.do_not_check_intersection_when_non_magnifiable_window_transitions = false
1788779393.844 10316 24531 24581 V AconfigFlags: Read Aconfig default flag value com.android.window.flags.draw_snapshot_aspect_ratio_match = false
1788779393.844 10316 24531 24581 V AconfigFlags: Read Aconfig default flag value com.android.window.flags.edge_to_edge_by_default = false
1788779393.844 10316 24531 24581 V AconfigFlags: Read Aconfig default flag value com.android.window.flags.embedded_activity_back_nav_flag = true
1788779393.844 10316 24531 24581 V AconfigFlags: Read Aconfig default flag value com.android.window.flags.enable_additional_windows_above_status_bar = false
1788779393.844 10316 24531 24581 V AconfigFlags: Read Aconfig default flag value com.android.window.flags.enable_app_header_with_task_density = false
1788779393.845 10316 24531 24581 V AconfigFlags: Read Aconfig default flag value com.android.window.flags.enable_buffer_transform_hint_from_display = true
1788779393.845 10316 24531 24581 V AconfigFlags: Read Aconfig default flag value com.android.window.flags.enable_camera_compat_for_desktop_windowing = false
1788779393.845 10316 24531 24581 V AconfigFlags: Read Aconfig default flag value com.android.window.flags.enable_compatui_sysui_launcher = false
1788779393.845 10316 24531 24581 V AconfigFlags: Read Aconfig default flag value com.android.window.flags.enable_desktop_windowing_immersive_handle_hiding = false
1788779393.845 10316 24531 24581 V AconfigFlags: Read Aconfig default flag value com.android.window.flags.enable_desktop_windowing_modals_policy = false
1788779393.845 10316 24531 24581 V AconfigFlags: Read Aconfig default flag value com.android.window.flags.enable_desktop_windowing_mode = false
1788779393.845 10316 24531 24581 V AconfigFlags: Read Aconfig default flag value com.android.window.flags.enable_desktop_windowing_quick_switch = false
1788779393.845 10316 24531 24581 V AconfigFlags: Read Aconfig default flag value com.android.window.flags.enable_desktop_windowing_scvh_cache = false
1788779393.845 10316 24531 24581 V AconfigFlags: Read Aconfig default flag value com.android.window.flags.enable_desktop_windowing_size_constraints = false
1788779393.845 10316 24531 24581 V AconfigFlags: Read Aconfig default flag value com.android.window.flags.enable_desktop_windowing_task_limit = false
1788779393.845 10316 24531 24581 V AconfigFlags: Read Aconfig default flag value com.android.window.flags.enable_desktop_windowing_taskbar_running_apps = false
1788779393.845 10316 24531 24581 V AconfigFlags: Read Aconfig default flag value com.android.window.flags.enable_desktop_windowing_wallpaper_activity = false
1788779393.845 10316 24531 24581 V AconfigFlags: Read Aconfig default flag value com.android.window.flags.enable_scaled_resizing = false
1788779393.845 10316 24531 24581 V AconfigFlags: Read Aconfig default flag value com.android.window.flags.enable_task_stack_observer_in_shell = false
1788779393.845 10316 24531 24581 V AconfigFlags: Read Aconfig default flag value com.android.window.flags.enable_themed_app_headers = false
1788779393.845 10316 24531 24581 V AconfigFlags: Read Aconfig default flag value com.android.window.flags.enable_windowing_dynamic_initial_bounds = false
1788779393.845 10316 24531 24581 V AconfigFlags: Read Aconfig default flag value com.android.window.flags.enable_windowing_edge_drag_resize = false
1788779393.845 10316 24531 24581 V AconfigFlags: Read Aconfig default flag value com.android.window.flags.enable_wm_extensions_for_all_flag = true
1788779393.845 10316 24531 24581 V AconfigFlags: Read Aconfig default flag value com.android.window.flags.enforce_edge_to_edge = true
1788779393.845 10316 24531 24581 V AconfigFlags: Read Aconfig default flag value com.android.window.flags.ensure_wallpaper_in_transitions = false
1788779393.845 10316 24531 24581 V AconfigFlags: Read Aconfig default flag value com.android.window.flags.explicit_refresh_rate_hints = true
1788779393.845 10316 24531 24581 V AconfigFlags: Read Aconfig default flag value com.android.window.flags.fifo_priority_for_major_ui_processes = false
1788779393.845 10316 24531 24581 V AconfigFlags: Read Aconfig default flag value com.android.window.flags.fix_no_container_update_without_resize = true
1788779393.845 10316 24531 24581 V AconfigFlags: Read Aconfig default flag value com.android.window.flags.fix_pip_restore_to_overlay = true
1788779393.845 10316 24531 24581 V AconfigFlags: Read Aconfig default flag value com.android.window.flags.fullscreen_dim_flag = true
1788779393.845 10316 24531 24581 V AconfigFlags: Read Aconfig default flag value com.android.window.flags.get_dimmer_on_closing = false
1788779393.845 10316 24531 24581 V AconfigFlags: Read Aconfig default flag value com.android.window.flags.immersive_app_repositioning = true
1788779393.845 10316 24531 24581 V AconfigFlags: Read Aconfig default flag value com.android.window.flags.insets_control_changed_item = true
1788779393.845 10316 24531 24581 V AconfigFlags: Read Aconfig default flag value com.android.window.flags.insets_control_seq = false
1788779393.845 10316 24531 24581 V AconfigFlags: Read Aconfig default flag value com.android.window.flags.insets_decoupled_configuration = true
1788779393.845 10316 24531 24581 V AconfigFlags: Read Aconfig default flag value com.android.window.flags.introduce_smoother_dimmer = true
1788779393.845 10316 24531 24581 V AconfigFlags: Read Aconfig default flag value com.android.window.flags.keyguard_appear_transition = true
1788779393.845 10316 24531 24581 V AconfigFlags: Read Aconfig default flag value com.android.window.flags.letterbox_background_wallpaper = false
1788779393.845 10316 24531 24581 V AconfigFlags: Read Aconfig default flag value com.android.window.flags.movable_cutout_configuration = true
1788779393.845 10316 24531 24581 V AconfigFlags: Read Aconfig default flag value com.android.window.flags.move_animation_options_to_change = false
1788779393.845 10316 24531 24581 V AconfigFlags: Read Aconfig default flag value com.android.window.flags.multi_crop = true
1788779393.845 10316 24531 24581 V AconfigFlags: Read Aconfig default flag value com.android.window.flags.nav_bar_transparent_by_default = false
1788779393.845 10316 24531 24581 V AconfigFlags: Read Aconfig default flag value com.android.window.flags.no_consecutive_visibility_events = true
1788779393.845 10316 24531 24581 V AconfigFlags: Read Aconfig default flag value com.android.window.flags.no_visibility_event_on_display_state_change = false
1788779393.846 10316 24531 24581 V AconfigFlags: Read Aconfig default flag value com.android.window.flags.offload_color_extraction = false
1788779393.846 10316 24531 24581 V AconfigFlags: Read Aconfig default flag value com.android.window.flags.predictive_back_system_anims = true
1788779393.846 10316 24531 24581 V AconfigFlags: Read Aconfig default flag value com.android.window.flags.rear_display_disable_force_desktop_system_decorations = false
1788779393.846 10316 24531 24581 V AconfigFlags: Read Aconfig default flag value com.android.window.flags.release_snapshot_aggressively = false
1788779393.846 10316 24531 24581 V AconfigFlags: Read Aconfig default flag value com.android.window.flags.remove_prepare_surface_in_placement = true
1788779393.846 10316 24531 24581 V AconfigFlags: Read Aconfig default flag value com.android.window.flags.screen_recording_callbacks = true
1788779393.846 10316 24531 24581 V AconfigFlags: Read Aconfig default flag value com.android.window.flags.sdk_desired_present_time = true
1788779393.846 10316 24531 24581 V AconfigFlags: Read Aconfig default flag value com.android.window.flags.secure_window_state = true
1788779393.846 10316 24531 24581 V AconfigFlags: Read Aconfig default flag value com.android.window.flags.set_sc_properties_in_client = false
1788779393.846 10316 24531 24581 V AconfigFlags: Read Aconfig default flag value com.android.window.flags.skip_sleeping_when_switching_display = false
1788779393.846 10316 24531 24581 V AconfigFlags: Read Aconfig default flag value com.android.window.flags.supports_multi_instance_system_ui = true
1788779393.846 10316 24531 24581 V AconfigFlags: Read Aconfig default flag value com.android.window.flags.surface_control_input_receiver = true
1788779393.846 10316 24531 24581 V AconfigFlags: Read Aconfig default flag value com.android.window.flags.surface_trusted_overlay = true
1788779393.846 10316 24531 24581 V AconfigFlags: Read Aconfig default flag value com.android.window.flags.sync_screen_capture = true
1788779393.846 10316 24531 24581 V AconfigFlags: Read Aconfig default flag value com.android.window.flags.task_fragment_system_organizer_flag = true
1788779393.846 10316 24531 24581 V AconfigFlags: Read Aconfig default flag value com.android.window.flags.transit_ready_tracking = false
1788779393.846 10316 24531 24581 V AconfigFlags: Read Aconfig default flag value com.android.window.flags.trusted_presentation_listener_for_window = true
1788779393.846 10316 24531 24581 V AconfigFlags: Read Aconfig default flag value com.android.window.flags.untrusted_embedding_any_app_permission = false
1788779393.846 10316 24531 24581 V AconfigFlags: Read Aconfig default flag value com.android.window.flags.untrusted_embedding_state_sharing = true
1788779393.846 10316 24531 24581 V AconfigFlags: Read Aconfig default flag value com.android.window.flags.use_window_original_touchable_region_when_magnification_recompute_bounds = false
1788779393.846 10316 24531 24581 V AconfigFlags: Read Aconfig default flag value com.android.window.flags.user_min_aspect_ratio_app_default = true
1788779393.846 10316 24531 24581 V AconfigFlags: Read Aconfig default flag value com.android.window.flags.wait_for_transition_on_display_switch = true
1788779393.846 10316 24531 24581 V AconfigFlags: Read Aconfig default flag value com.android.window.flags.wallpaper_offset_async = true
1788779393.846 10316 24531 24581 V AconfigFlags: Read Aconfig default flag value com.android.window.flags.window_session_relayout_info = true
1788779393.846 10316 24531 24581 V AconfigFlags: Read Aconfig default flag value com.android.window.flags.window_token_config_thread_safe = true
1788779393.846 10316 24531 24581 V AconfigFlags: Read Aconfig default flag value com.android.wm.shell.animate_bubble_size_change = false
1788779393.846 10316 24531 24581 V AconfigFlags: Read Aconfig default flag value com.android.wm.shell.enable_app_pairs = true
1788779393.846 10316 24531 24581 V AconfigFlags: Read Aconfig default flag value com.android.wm.shell.enable_bubble_anything = false
1788779393.846 10316 24531 24581 V AconfigFlags: Read Aconfig default flag value com.android.wm.shell.enable_bubble_bar = false
1788779393.846 10316 24531 24581 V AconfigFlags: Read Aconfig default flag value com.android.wm.shell.enable_bubble_stashing = false
1788779393.846 10316 24531 24581 V AconfigFlags: Read Aconfig default flag value com.android.wm.shell.enable_bubbles_long_press_nav_handle = false
1788779393.846 10316 24531 24581 V AconfigFlags: Read Aconfig default flag value com.android.wm.shell.enable_left_right_split_in_portrait = true
1788779393.846 10316 24531 24581 V AconfigFlags: Read Aconfig default flag value com.android.wm.shell.enable_new_bubble_animations = false
1788779393.847 10316 24531 24581 V AconfigFlags: Read Aconfig default flag value com.android.wm.shell.enable_optional_bubble_overflow = false
1788779393.847 10316 24531 24581 V AconfigFlags: Read Aconfig default flag value com.android.wm.shell.enable_pip2_implementation = false
1788779393.847 10316 24531 24581 V AconfigFlags: Read Aconfig default flag value com.android.wm.shell.enable_pip_umo_experience = false
1788779393.847 10316 24531 24581 V AconfigFlags: Read Aconfig default flag value com.android.wm.shell.enable_retrievable_bubbles = false
1788779393.847 10316 24531 24581 V AconfigFlags: Read Aconfig default flag value com.android.wm.shell.enable_split_contextual = true
1788779393.847 10316 24531 24581 V AconfigFlags: Read Aconfig default flag value com.android.wm.shell.enable_taskbar_navbar_unification = true
1788779393.847 10316 24531 24581 V AconfigFlags: Read Aconfig default flag value com.android.wm.shell.enable_tiny_taskbar = false
1788779393.848 10316 24531 24581 V AconfigFlags: Read Aconfig default flag value com.android.wm.shell.only_reuse_bubbled_task_when_launched_from_bubble = false
1788779393.849 10316 24531 24581 V AconfigFlags: Read Aconfig default flag value com.android.graphics.libgui.flags.bq_extendedallocate = false
1788779393.849 10316 24531 24581 V AconfigFlags: Read Aconfig default flag value com.android.graphics.libgui.flags.bq_setframerate = true
1788779393.849 10316 24531 24581 V AconfigFlags: Read Aconfig default flag value com.android.graphics.libgui.flags.frametimestamps_previousrelease = true
1788779393.849 10316 24531 24581 V AconfigFlags: Read Aconfig default flag value com.android.graphics.libgui.flags.trace_frame_rate_override = false
1788779393.849 10316 24531 24581 V AconfigFlags: Read Aconfig default flag value com.android.media.audioserver.direct_track_reprioritization = true
1788779393.849 10316 24531 24581 V AconfigFlags: Read Aconfig default flag value com.android.media.audioserver.effect_chain_callback_improve = false
1788779393.849 10316 24531 24581 V AconfigFlags: Read Aconfig default flag value com.android.media.audioserver.fdtostring_timeout_fix = true
1788779393.849 10316 24531 24581 V AconfigFlags: Read Aconfig default flag value com.android.media.audioserver.fix_concurrent_playback_behavior_with_bit_perfect_client = false
1788779393.849 10316 24531 24581 V AconfigFlags: Read Aconfig default flag value com.android.media.audioserver.fix_input_sharing_logic = false
1788779393.849 10316 24531 24581 V AconfigFlags: Read Aconfig default flag value com.android.media.audioserver.mutex_priority_inheritance = true
1788779393.849 10316 24531 24581 V AconfigFlags: Read Aconfig default flag value com.android.media.audioserver.use_bt_sco_for_media = false
1788779393.849 10316 24531 24581 V AconfigFlags: Read Aconfig default flag value com.android.media.codec.flags.aidl_hal = true
1788779393.849 10316 24531 24581 V AconfigFlags: Read Aconfig default flag value com.android.media.codec.flags.codec_importance = true
1788779393.849 10316 24531 24581 V AconfigFlags: Read Aconfig default flag value com.android.media.codec.flags.large_audio_frame = true
1788779393.968 10316 24531 24581 W PackageParsing: Ignoring duplicate uses-permissions/uses-permissions-sdk-m: android.permission.INTERNET in package: com.axlebolt.standoff2 at: Binary XML file line #21
1788779393.975 10316 24531 24531 I Unique  : 2026-09-07 18:09:53.974 I NATIVE PROC_VIEW_INSTALLED package=com.axlebolt.standoff2 rules=16 named=16 leaked=0 first=-
1788779394.010 10316 24531 24531 I Unique  : 2026-09-07 18:09:54.008 I LAUNCH GUEST_PATHS_PUBLISHED package=com.axlebolt.standoff2 code=true slots=120 sqlite=8 data=true apk=/data/app/~~qDQo4EJxRkxLXRVkkan8vw/com.axlebolt.standoff2-ZoMeAB0960qrqS53mQb0sw detail=both paths round-tripped into the instance
1788779394.010 10316 24461 24461 I MIUIInput: [MotionEvent] ViewRootImpl windowName 'com.unique/com.unique.app.MainActivity', { action=ACTION_DOWN, id[0]=0, pointerCount=1, eventTime=136188811, downTime=136188811, phoneEventTime=18:09:54.005 } moveCount:0
1788779394.011 10316 24531 24531 I Unique  : 2026-09-07 18:09:54.010 I WEBVIEW WEBVIEW_DATA_DIR_SUFFIX suffix=vapp0 slot=0
1788779394.014 10316 24531 24531 I UniqueNative: crash: recording 6 signal(s) to /data/user/0/com.unique/files/virtual/runtime/diagnostics/0/com.axlebolt.standoff2/native-crash-24531.properties
1788779394.018 10316 24531 24531 I Unique  : 2026-09-07 18:09:54.014 I NATIVE NATIVE_CRASH_HANDLER status=OK file=/data/user/0/com.unique/files/virtual/runtime/diagnostics/0/com.axlebolt.standoff2/native-crash-24531.properties
1788779394.026 10316 24461 24461 W MirrorManager: this model don't Support
1788779394.028 10316 24531 24531 I Unique  : 2026-09-07 18:09:54.027 I PROCESS COMPONENT_STATE_RESTORED package=com.axlebolt.standoff2 vuid=0 entries=1
1788779394.030 10316 24531 24531 I Unique  : 2026-09-07 18:09:54.029 I STORAGE EXTERNAL_STORAGE_REDIRECTED package=com.axlebolt.standoff2 vuid=0 root=/data/user/0/com.unique/files/virtual/users/0/sdcard
1788779394.040 10316 24531 24531 I Unique  : 2026-09-07 18:09:54.038 I HOOK SERVICE_HOOKED service=alarm cache=true singletons=0 managers=0 bound=callerPackage matched=callerPackage=canScheduleExactAlarms+cancelPoweroffAlarm+hasScheduleExactAlarm+removeAll+set+setTimeZone
1788779394.042 10316 24531 24531 I Unique  : 2026-09-07 18:09:54.040 I HOOK IDENTITY_HOOK_INSTALLED service=alarm package=com.axlebolt.standoff2 matched=callerPackage=canScheduleExactAlarms+cancelPoweroffAlarm+hasScheduleExactAlarm+removeAll+set+setTimeZone
1788779394.048 10316 24531 24531 I Unique  : 2026-09-07 18:09:54.046 I HOOK SERVICE_HOOKED service=clipboard cache=true singletons=0 managers=0 bound=callerPackage matched=callerPackage=addPrimaryClipChangedListener+clearPrimaryClip+getPrimaryClip+getPrimaryClipDescription+getPrimaryClipSource+getUserPrimaryClip+hasClipboardText+hasPrimaryClip+removePrimaryClipChangedListener+setPrimaryClip+setPrimaryClipAsPackage
1788779394.050 10316 24531 24531 I Unique  : 2026-09-07 18:09:54.049 I HOOK IDENTITY_HOOK_INSTALLED service=clipboard package=com.axlebolt.standoff2 matched=callerPackage=addPrimaryClipChangedListener+clearPrimaryClip+getPrimaryClip+getPrimaryClipDescription+getPrimaryClipSource+getUserPrimaryClip+hasClipboardText+hasPrimaryClip+removePrimaryClipChangedListener+setPrimaryClip+setPrimaryClipAsPackage
1788779394.061 10316 24531 24531 I Unique  : 2026-09-07 18:09:54.055 I HOOK SERVICE_HOOKED service=restrictions cache=true singletons=0 managers=0 bound=callerPackage matched=callerPackage=getApplicationRestrictions+getApplicationRestrictionsPerAdminForUser+notifyPermissionResponse+requestPermission
1788779394.063 10316 24531 24531 I Unique  : 2026-09-07 18:09:54.061 I HOOK IDENTITY_HOOK_INSTALLED service=restrictions package=com.axlebolt.standoff2 matched=callerPackage=getApplicationRestrictions+getApplicationRestrictionsPerAdminForUser+notifyPermissionResponse+requestPermission
1788779394.067 10316 24461 24461 I MIUIInput: [MotionEvent] ViewRootImpl windowName 'com.unique/com.unique.app.MainActivity', { action=ACTION_UP, id[0]=0, pointerCount=1, eventTime=136188871, downTime=136188811, phoneEventTime=18:09:54.066 } moveCount:2
1788779394.073 10316 24531 24531 I Unique  : 2026-09-07 18:09:54.068 I HOOK SERVICE_HOOKED service=locale cache=true singletons=0 managers=0 bound=callerPackage,setApplicationLocales matched=callerPackage=getApplicationLocales+getOverrideLocaleConfig+setOverrideLocaleConfig,setApplicationLocales
1788779394.076 10316 24531 24531 I Unique  : 2026-09-07 18:09:54.074 I HOOK IDENTITY_HOOK_INSTALLED service=locale package=com.axlebolt.standoff2 matched=callerPackage=getApplicationLocales+getOverrideLocaleConfig+setOverrideLocaleConfig,setApplicationLocales
1788779394.095 10316 24531 24531 I Unique  : 2026-09-07 18:09:54.082 I HOOK SERVICE_HOOKED service=connectivity cache=true singletons=0 managers=0 bound=callerPackage matched=callerPackage=getDefaultNetworkCapabilitiesForUser+getLastTetherError+getNetworkCapabilities+getRedactedLinkPropertiesForPackage+getRedactedNetworkCapabilitiesForPackage+isConnectivityServiceFeatureEnabledForTesting+listenForNetwork+pendingListenForNetwork+pendingRequestForNetwork+registerConnectivityDiagnosticsCallback+registerNetworkProvider+requestNetwork+requestRouteToHostAddress+setProvisioni
1788779394.098 10316 24531 24531 I Unique  : 2026-09-07 18:09:54.096 I HOOK IDENTITY_HOOK_INSTALLED service=connectivity package=com.axlebolt.standoff2 matched=callerPackage=getDefaultNetworkCapabilitiesForUser+getLastTetherError+getNetworkCapabilities+getRedactedLinkPropertiesForPackage+getRedactedNetworkCapabilitiesForPackage+isConnectivityServiceFeatureEnabledForTesting+listenForNetwork+pendingListenForNetwork+pendingRequestForNetwork+registerConnectivi
1788779394.105 10316 24531 24531 I Unique  : 2026-09-07 18:09:54.102 I HOOK SERVICE_HOOKED service=power cache=true singletons=0 managers=0 bound=callerPackage matched=callerPackage=acquireWakeLock+acquireWakeLockAsync+acquireWakeLockWithUid+crash+isAmbientDisplaySuppressedForToken+isAmbientDisplaySuppressedForTokenByApp+isFeatureAllowedInLowPowerStandby+reboot+shutdown+suppressAmbientDisplay+updateWakeLockWorkSource+wakeUp
1788779394.108 10316 24531 24531 I Unique  : 2026-09-07 18:09:54.105 I HOOK IDENTITY_HOOK_INSTALLED service=power package=com.axlebolt.standoff2 matched=callerPackage=acquireWakeLock+acquireWakeLockAsync+acquireWakeLockWithUid+crash+isAmbientDisplaySuppressedForToken+isAmbientDisplaySuppressedForTokenByApp+isFeatureAllowedInLowPowerStandby+reboot+shutdown+suppressAmbientDisplay+updateWakeLockWorkSource+wakeUp
1788779394.133 10316 24531 24531 I Unique  : 2026-09-07 18:09:54.130 I HOOK SERVICE_HOOKED service=wifi cache=true singletons=0 managers=0 bound=callerPackage matched=callerPackage=acquireMulticastLock+acquireWifiLock+addLocalOnlyConnectionStatusListener+addNetworkSuggestions+addOrUpdateNetwork+addOrUpdateNetworkPrivileged+addOrUpdatePasspointConfiguration+addQosPolicies+addSuggestionUserApprovalStatusListener+allowAutojoinGlobal+allowAutojoinPasspoint+connect+disableEphemeralNetwork+disableNetwork+disconnect+enableNetwork+enableTdls+enableTdlsWithMacAddress+en
1788779394.138 10316 24531 24531 I Unique  : 2026-09-07 18:09:54.134 I HOOK IDENTITY_HOOK_INSTALLED service=wifi package=com.axlebolt.standoff2 matched=callerPackage=acquireMulticastLock+acquireWifiLock+addLocalOnlyConnectionStatusListener+addNetworkSuggestions+addOrUpdateNetwork+addOrUpdateNetworkPrivileged+addOrUpdatePasspointConfiguration+addQosPolicies+addSuggestionUserApprovalStatusListener+allowAutojoinGlobal+allowAutojoinPasspoint+connect+di
1788779394.149 10316 24531 24531 I Unique  : 2026-09-07 18:09:54.145 I HOOK SERVICE_HOOKED service=location cache=true singletons=0 managers=0 bound=callerPackage matched=callerPackage=addGnssAntennaInfoListener+addGnssMeasurementsListener+addGnssNavigationMessageListener+addTestProvider+getCurrentLocation+getLastLocation+getProviderPackages+getProviderProperties+hasProvider+isProviderEnabledForUser+isProviderPackage+registerGnssNmeaCallback+registerGnssStatusCallback+registerLocationListener+registerLocationPendingIntent+removeTestProvider+requestGeofence+requestL
1788779394.153 10316 24531 24531 I Unique  : 2026-09-07 18:09:54.150 I HOOK IDENTITY_HOOK_INSTALLED service=location package=com.axlebolt.standoff2 matched=callerPackage=addGnssAntennaInfoListener+addGnssMeasurementsListener+addGnssNavigationMessageListener+addTestProvider+getCurrentLocation+getLastLocation+getProviderPackages+getProviderProperties+hasProvider+isProviderEnabledForUser+isProviderPackage+registerGnssNmeaCallback+registerGnssStatusCallbac
1788779394.173 10316 24531 24531 I Unique  : 2026-09-07 18:09:54.170 I HOOK SERVICE_HOOKED service=audio cache=true singletons=0 managers=0 bound=callerPackage matched=callerPackage=abandonAudioFocus+abandonAudioFocusForTest+adjustStreamVolume+adjustStreamVolumeForUid+adjustStreamVolumeWithAttribution+adjustSuggestedStreamVolumeForUid+adjustVolumeGroupVolume+cacheParameters+disableSafeMediaVolume+getBluetoothAudioDeviceCategory+getBluetoothAudioDeviceCategory_legacy+getCacheParameters+getDeviceVolume+getNotificationUri+getPlayerVolume+handleVolumeKey+isBluetooth
1788779394.176 10316 24531 24531 I Unique  : 2026-09-07 18:09:54.174 I HOOK IDENTITY_HOOK_INSTALLED service=audio package=com.axlebolt.standoff2 matched=callerPackage=abandonAudioFocus+abandonAudioFocusForTest+adjustStreamVolume+adjustStreamVolumeForUid+adjustStreamVolumeWithAttribution+adjustSuggestedStreamVolumeForUid+adjustVolumeGroupVolume+cacheParameters+disableSafeMediaVolume+getBluetoothAudioDeviceCategory+getBluetoothAudioDeviceCategory_lega
1788779394.185 10316 24531 24531 I Unique  : 2026-09-07 18:09:54.183 I HOOK SERVICE_HOOKED service=vibrator_manager cache=true singletons=0 managers=0 bound=callerPackage matched=callerPackage=performHapticFeedback+setAlwaysOnEffect+vibrate
1788779394.188 10316 24531 24531 I Unique  : 2026-09-07 18:09:54.185 I HOOK IDENTITY_HOOK_INSTALLED service=vibrator_manager package=com.axlebolt.standoff2 matched=callerPackage=performHapticFeedback+setAlwaysOnEffect+vibrate
1788779394.197 10316 24531 24531 I Unique  : 2026-09-07 18:09:54.194 I HOOK SERVICE_HOOKED service=usagestats cache=true singletons=0 managers=0 bound=callerPackage matched=callerPackage=clearBroadcastEvents+clearBroadcastResponseStats+getAppMinStandbyBucket+getAppStandbyBucket+getAppStandbyBuckets+getAppStandbyConstant+getLastTimeAnyComponentUsed+isAppInactive+isPackageExemptedFromBroadcastResponseStats+queryBroadcastResponseStats+queryConfigurationStats+queryEventStats+queryEvents+queryEventsForPackage+queryEventsForPackageForUser+queryEventsForUser+queryEventsWith
1788779394.200 10316 24531 24531 I Unique  : 2026-09-07 18:09:54.197 I HOOK IDENTITY_HOOK_INSTALLED service=usagestats package=com.axlebolt.standoff2 matched=callerPackage=clearBroadcastEvents+clearBroadcastResponseStats+getAppMinStandbyBucket+getAppStandbyBucket+getAppStandbyBuckets+getAppStandbyConstant+getLastTimeAnyComponentUsed+isAppInactive+isPackageExemptedFromBroadcastResponseStats+queryBroadcastResponseStats+queryConfigurationStats+queryEventSta
1788779394.211 10316 24531 24531 I Unique  : 2026-09-07 18:09:54.209 I HOOK SERVICE_HOOKED service=netstats cache=true singletons=0 managers=0 bound=callerPackage matched=callerPackage=getIfaceStats+notifyNetworkStatus+openSessionForUsageStats+registerNetworkStatsProvider+registerUsageCallback+setStatsProviderWarningAndLimitAsync
1788779394.213 10316 24531 24531 I Unique  : 2026-09-07 18:09:54.211 I HOOK IDENTITY_HOOK_INSTALLED service=netstats package=com.axlebolt.standoff2 matched=callerPackage=getIfaceStats+notifyNetworkStatus+openSessionForUsageStats+registerNetworkStatsProvider+registerUsageCallback+setStatsProviderWarningAndLimitAsync
1788779394.221 10316 24531 24531 I Unique  : 2026-09-07 18:09:54.217 I HOOK SERVICE_HOOKED service=content cache=true singletons=0 managers=0 bound=callerPackage matched=callerPackage=addPeriodicSync+cancelSync+cancelSyncAsUser+getCache+getIsSyncable+getIsSyncableAsUser+getPeriodicSyncs+getSyncAdapterPackageAsUser+getSyncAdapterPackagesForAuthorityAsUser+getSyncAutomatically+getSyncAutomaticallyAsUser+getSyncStatus+getSyncStatusAsUser+isSyncActive+isSyncPending+isSyncPendingAsUser+notifyChange+onDbCorruption+putCache+removePeriodicSync+requestSync+setIsSyncable+se
1788779394.224 10316 24531 24531 I Unique  : 2026-09-07 18:09:54.222 I HOOK IDENTITY_HOOK_INSTALLED service=content package=com.axlebolt.standoff2 matched=callerPackage=addPeriodicSync+cancelSync+cancelSyncAsUser+getCache+getIsSyncable+getIsSyncableAsUser+getPeriodicSyncs+getSyncAdapterPackageAsUser+getSyncAdapterPackagesForAuthorityAsUser+getSyncAutomatically+getSyncAutomaticallyAsUser+getSyncStatus+getSyncStatusAsUser+isSyncActive+isSyncPending+isSy
1788779394.232 10316 24531 24531 I Unique  : 2026-09-07 18:09:54.230 I HOOK SERVICE_HOOKED service=shortcut cache=true singletons=0 managers=0 bound=shortcutPublish,callerPackage matched=shortcutPublish=addDynamicShortcuts+createShortcutResultIntent+pushDynamicShortcut+requestPinShortcut+setDynamicShortcuts+updateShortcuts,callerPackage=disableShortcuts+enableShortcuts+getIconMaxDimensions+getMaxShortcutCountPerActivity+getRateLimitResetTime+getRemainingCallCount+getShareTargets+getShortcuts+hasShareTargets+onApplicationActive+removeAllDynamicShortcuts+removeDynamicShortcuts+remov
1788779394.235 10316 24531 24531 I Unique  : 2026-09-07 18:09:54.233 I HOOK IDENTITY_HOOK_INSTALLED service=shortcut package=com.axlebolt.standoff2 matched=shortcutPublish=addDynamicShortcuts+createShortcutResultIntent+pushDynamicShortcut+requestPinShortcut+setDynamicShortcuts+updateShortcuts,callerPackage=disableShortcuts+enableShortcuts+getIconMaxDimensions+getMaxShortcutCountPerActivity+getRateLimitResetTime+getRemainingCallCount+getShareTargets+get
1788779394.244 10316 24531 24531 I Unique  : 2026-09-07 18:09:54.241 I HOOK SERVICE_HOOKED service=mount cache=true singletons=0 managers=0 bound=callerPackage,volumeList matched=callerPackage=abortChanges+allocateBytes+benchmark+destroyUserStorage+disableAppDataIsolation+fixupAppDir+fixupAppDirRecursive+fixupSysfsFile+forgetVolume+format+getAllocatableBytes+getCacheQuotaBytes+getCacheSizeBytes+getExternalStorageMountMode+getManageSpaceActivityIntent+getMountedObbPath+isAppIoBlocked+isObbMounted+mkdirs+mount+mountObb+moveStorageQuickly+notifyAppIoBlocked+notifyAppIoResumed
1788779394.251 10316 24531 24531 I Unique  : 2026-09-07 18:09:54.244 I HOOK IDENTITY_HOOK_INSTALLED service=mount package=com.axlebolt.standoff2 matched=callerPackage=abortChanges+allocateBytes+benchmark+destroyUserStorage+disableAppDataIsolation+fixupAppDir+fixupAppDirRecursive+fixupSysfsFile+forgetVolume+format+getAllocatableBytes+getCacheQuotaBytes+getCacheSizeBytes+getExternalStorageMountMode+getManageSpaceActivityIntent+getMountedObbPath+isAppI
1788779394.265 10316 24531 24531 I Unique  : 2026-09-07 18:09:54.262 I HOOK SERVICE_HOOKED service=account cache=true singletons=0 managers=0 bound=callerPackage matched=callerPackage=addAccount+addAccountAsUser+addAccountExplicitly+addAccountExplicitlyWithVisibility+addSharedAccountsFromParentUser+createRequestAccountAccessIntentSenderAsUser+editProperties+getAccountByTypeAndFeatures+getAccountVisibility+getAccountsAndVisibilityForPackage+getAccountsAsUser+getAccountsByFeatures+getAccountsByTypeForPackage+getAccountsForPackage+getAuthToken+getAuthTokenLabel+getUs
1788779394.267 10316 24531 24531 I Unique  : 2026-09-07 18:09:54.265 I HOOK IDENTITY_HOOK_INSTALLED service=account package=com.axlebolt.standoff2 matched=callerPackage=addAccount+addAccountAsUser+addAccountExplicitly+addAccountExplicitlyWithVisibility+addSharedAccountsFromParentUser+createRequestAccountAccessIntentSenderAsUser+editProperties+getAccountByTypeAndFeatures+getAccountVisibility+getAccountsAndVisibilityForPackage+getAccountsAsUser+getAccou
1788779394.280 10316 24461 24482 I Unique  : 2026-09-07 18:09:54.279 I GOOGLE GOOGLE_ENVIRONMENT gmsPresent=true gmsEnabled=true gmsVersionCode=263234035 gmsVersionName=26.32.34 (260400-968093310) vendingPresent=true gsfPresent=true customTabs=com.android.chrome hostGmsAvailable=true virtualGmsInstalled=false customTabsAvailable=true
1788779394.290 10316 24531 24531 I Unique  : 2026-09-07 18:09:54.288 I HOOK SERVICE_HOOKED service=phone cache=true singletons=0 managers=0 bound=callerPackage matched=callerPackage=call+canChangeDtmfToneLength+changeIccLockPassword+checkCarrierPrivilegesForPackage+checkCarrierPrivilegesForPackageAnyPhone+clearSignalStrengthUpdateRequest+deprovisionSatelliteService+dial+disableDataConnectivity+disableVisualVoicemailSmsFilter+doesSwitchMultiSimConfigTriggerReboot+enableDataConnectivity+enableVisualVoicemailSmsFilter+enqueueSmsPickResult+factoryReset+getAllCellInf
1788779394.293 10316 24531 24531 I Unique  : 2026-09-07 18:09:54.291 I HOOK IDENTITY_HOOK_INSTALLED service=phone package=com.axlebolt.standoff2 matched=callerPackage=call+canChangeDtmfToneLength+changeIccLockPassword+checkCarrierPrivilegesForPackage+checkCarrierPrivilegesForPackageAnyPhone+clearSignalStrengthUpdateRequest+deprovisionSatelliteService+dial+disableDataConnectivity+disableVisualVoicemailSmsFilter+doesSwitchMultiSimConfigTriggerReboot+e
1788779394.315 10316 24531 24531 I Unique  : 2026-09-07 18:09:54.312 I HOOK SERVICE_HOOKED service=device_policy cache=true singletons=0 managers=0 bound=callerPackage matched=callerPackage=addCrossProfileIntentFilter+addCrossProfileWidgetProvider+addPersistentPreferredActivity+approveCaCert+checkDeviceIdentifierAccess+checkProvisioningPrecondition+choosePrivateKeyAlias+clearApplicationUserData+clearCrossProfileIntentFilters+clearDeviceOwner+clearPackagePersistentPreferredActivities+clearResetPasswordToken+createAdminSupportIntent+createAndManageUser+createAndProvisionM
1788779394.317 10316 24531 24531 I Unique  : 2026-09-07 18:09:54.315 I HOOK IDENTITY_HOOK_INSTALLED service=device_policy package=com.axlebolt.standoff2 matched=callerPackage=addCrossProfileIntentFilter+addCrossProfileWidgetProvider+addPersistentPreferredActivity+approveCaCert+checkDeviceIdentifierAccess+checkProvisioningPrecondition+choosePrivateKeyAlias+clearApplicationUserData+clearCrossProfileIntentFilters+clearDeviceOwner+clearPackagePersistentPreferre
1788779394.327 10316 24531 24531 I Unique  : 2026-09-07 18:09:54.324 I HOOK SERVICE_HOOKED service=media.camera cache=true singletons=0 managers=0 bound=callerPackage matched=callerPackage=connect+connectDevice+createDefaultRequest+getCameraCharacteristics+getSessionCharacteristics+getTorchStrengthLevel+injectCamera+injectSessionParams+isHiddenPhysicalCamera+isSessionConfigurationWithParametersSupported+setTorchMode+supportsCameraApi+turnOnTorchWithStrengthLevel
1788779394.328 10316 24461 24483 I Unique  : 2026-09-07 18:09:54.326 I GOOGLE GOOGLE_ENVIRONMENT gmsPresent=true gmsEnabled=true gmsVersionCode=263234035 gmsVersionName=26.32.34 (260400-968093310) vendingPresent=true gsfPresent=true customTabs=com.android.chrome hostGmsAvailable=true virtualGmsInstalled=false customTabsAvailable=true
1788779394.329 10316 24461 24483 I Unique  : 2026-09-07 18:09:54.328 I GOOGLE GOOGLE_ROUTE package=com.axlebolt.standoff2 flow=SIGN_IN mode=UNSUPPORTED why=Google Play services works for this app, but sign-in does not: it identifies the app by package name and signing certificate, and inside UNIQUE the call arrives as UNIQUE. Google answers DEVELOPER_ERROR. Only in-space Google Play services can present the app's own identity.
1788779394.329 10316 24531 24531 I Unique  : 2026-09-07 18:09:54.327 I HOOK IDENTITY_HOOK_INSTALLED service=media.camera package=com.axlebolt.standoff2 matched=callerPackage=connect+connectDevice+createDefaultRequest+getCameraCharacteristics+getSessionCharacteristics+getTorchStrengthLevel+injectCamera+injectSessionParams+isHiddenPhysicalCamera+isSessionConfigurationWithParametersSupported+setTorchMode+supportsCameraApi+turnOnTorchWithStrengthLevel
1788779394.330 10316 24461 24483 I Unique  : 2026-09-07 18:09:54.329 I GOOGLE GOOGLE_ROUTE package=com.axlebolt.standoff2 flow=CREDENTIAL_MANAGER mode=HOST_BRIDGE why=Unverified: Sign in with Google issues a token for the app's server client, so the device's own Google Play services should be able to answer. Not yet confirmed against a real sample.
1788779394.335 10316 24461 24483 I Unique  : 2026-09-07 18:09:54.330 I GOOGLE GOOGLE_ROUTE package=com.axlebolt.standoff2 flow=ACCOUNT_MANAGER mode=HOST_BRIDGE why=Account access is bridged to the device's accounts; consent is shown as UNIQUE.
1788779394.336 10316 24461 24483 I Unique  : 2026-09-07 18:09:54.335 I GOOGLE GOOGLE_ROUTE package=com.axlebolt.standoff2 flow=FIREBASE_AUTH mode=HOST_BRIDGE why=Firebase Auth consumes a token from Sign in with Google, which the host bridge can provide.
1788779394.338 10316 24531 24531 I Unique  : 2026-09-07 18:09:54.335 I HOOK SERVICE_HOOKED service=telecom cache=true singletons=0 managers=0 bound=callerPackage matched=callerPackage=acceptHandover+acceptRingingCall+acceptRingingCallWithVideoState+addCall+addNewIncomingCall+addNewIncomingConference+addOrRemoveTestCallCompanionApp+cancelMissedCallsNotification+clearAccounts+createLaunchEmergencyDialerIntent+createManageBlockedNumbersIntent+endCall+getAdnUriForPhoneAccount+getCallCapablePhoneAccounts+getCallStateUsingPackage+getCurrentTtyMode+getDefaultDialerPackag
1788779394.339 10316 24461 24483 I Unique  : 2026-09-07 18:09:54.337 I GOOGLE GOOGLE_ROUTE package=com.axlebolt.standoff2 flow=OAUTH_WEB mode=UNSUPPORTED why=The browser can be opened, but the redirect back to axlebolt:// cannot arrive: that scheme is declared by a package the device has not installed, so nothing resolves it. Use in-space Google Play services, or a sign-in the app can complete without leaving itself.
1788779394.340 10316 24531 24531 I Unique  : 2026-09-07 18:09:54.338 I HOOK IDENTITY_HOOK_INSTALLED service=telecom package=com.axlebolt.standoff2 matched=callerPackage=acceptHandover+acceptRingingCall+acceptRingingCallWithVideoState+addCall+addNewIncomingCall+addNewIncomingConference+addOrRemoveTestCallCompanionApp+cancelMissedCallsNotification+clearAccounts+createLaunchEmergencyDialerIntent+createManageBlockedNumbersIntent+endCall+getAdnUriForPhoneA
1788779394.343 10316 24461 24483 I Unique  : 2026-09-07 18:09:54.340 I GOOGLE GOOGLE_ROUTE package=com.axlebolt.standoff2 flow=FCM mode=HOST_BRIDGE why=Experimental: push registration is bridged through the host. Whether Google Play services accepts it varies by version; the result is recorded per device.
1788779394.344 10316 24461 24483 I Unique  : 2026-09-07 18:09:54.343 I GOOGLE GOOGLE_ROUTE package=com.axlebolt.standoff2 flow=PLAY_GAMES mode=UNSUPPORTED why=Not supported yet: Play Games checks an attested app identity, and UNIQUE has not been tested against it.
1788779394.347 10316 24531 24531 I Unique  : 2026-09-07 18:09:54.344 I HOOK SERVICE_HOOKED service=media_router cache=true singletons=0 managers=0 bound=callerPackage matched=callerPackage=deselectRouteWithManager+deselectRouteWithRouter2+getSystemRoutes+getSystemSessionInfoForPackage+registerClientAsUser+registerClientGroupId+registerManager+registerProxyRouter+registerRouter2+releaseSessionWithManager+releaseSessionWithRouter2+requestCreateSessionWithManager+requestSetVolume+requestUpdateVolume+selectRouteWithManager+selectRouteWithRouter2+setSelectedRoute+setSession
1788779394.349 10316 24531 24531 I Unique  : 2026-09-07 18:09:54.347 I HOOK IDENTITY_HOOK_INSTALLED service=media_router package=com.axlebolt.standoff2 matched=callerPackage=deselectRouteWithManager+deselectRouteWithRouter2+getSystemRoutes+getSystemSessionInfoForPackage+registerClientAsUser+registerClientGroupId+registerManager+registerProxyRouter+registerRouter2+releaseSessionWithManager+releaseSessionWithRouter2+requestCreateSessionWithManager+requestSet
1788779394.356 10316 24531 24531 I Unique  : 2026-09-07 18:09:54.354 I HOOK SERVICE_HOOKED service=media_session cache=true singletons=0 managers=0 bound=callerPackage matched=callerPackage=addOnMediaKeyEventSessionChangedListener+createSession+dispatchAdjustVolume+dispatchMediaKeyEvent+dispatchMediaKeyEventToSessionAsSystemService+dispatchVolumeKeyEvent+dispatchVolumeKeyEventToSessionAsSystemService+getMediaKeyEventSession+getMediaKeyEventSessionPackageName+hasCustomMediaKeyDispatcher+hasCustomMediaSessionPolicyProvider+isTrusted+setCustomMediaKeyDispatcher+setCustomMe
1788779394.359 10316 24531 24531 I Unique  : 2026-09-07 18:09:54.357 I HOOK IDENTITY_HOOK_INSTALLED service=media_session package=com.axlebolt.standoff2 matched=callerPackage=addOnMediaKeyEventSessionChangedListener+createSession+dispatchAdjustVolume+dispatchMediaKeyEvent+dispatchMediaKeyEventToSessionAsSystemService+dispatchVolumeKeyEvent+dispatchVolumeKeyEventToSessionAsSystemService+getMediaKeyEventSession+getMediaKeyEventSessionPackageName+hasCustomMedi
1788779394.368 10316 24531 24531 I Unique  : 2026-09-07 18:09:54.366 I HOOK SERVICE_HOOKED service=appwidget cache=true singletons=0 managers=0 bound=callerPackage,appWidgetIdentity matched=callerPackage=allocateAppWidgetId+bindRemoteViewsService+createAppWidgetConfigIntentSender+deleteAppWidgetId+deleteHost+getAppWidgetIdsForHost+getAppWidgetInfo+getAppWidgetOfHost+getAppWidgetOptions+getAppWidgetViews+getInstalledProvidersForProfile+hasBindAppWidgetPermission+isBoundWidgetPackage+noteAppWidgetTapped+notifyAppWidgetViewDataChanged+partiallyUpdateAppWidgetIds+setAppWidgetHidden+setBi
1788779394.371 10316 24531 24531 I Unique  : 2026-09-07 18:09:54.369 I HOOK IDENTITY_HOOK_INSTALLED service=appwidget package=com.axlebolt.standoff2 matched=callerPackage=allocateAppWidgetId+bindRemoteViewsService+createAppWidgetConfigIntentSender+deleteAppWidgetId+deleteHost+getAppWidgetIdsForHost+getAppWidgetInfo+getAppWidgetOfHost+getAppWidgetOptions+getAppWidgetViews+getInstalledProvidersForProfile+hasBindAppWidgetPermission+isBoundWidgetPackage+not
1788779394.380 10316 24531 24531 I Unique  : 2026-09-07 18:09:54.378 I HOOK SERVICE_HOOKED service=input_method cache=true singletons=1 managers=0 bound=callerPackage,editorIdentity matched=callerPackage=acceptStylusHandwritingDelegation+acceptStylusHandwritingDelegationAsync+getEnabledInputMethodSubtypeList+prepareStylusHandwritingDelegation+setAdditionalInputMethodSubtypes+setExplicitlyEnabledInputMethodSubtypes+startConnectionlessStylusHandwriting+startProtoDump,editorIdentity=startInputOrWindowGainedFocus+startInputOrWindowGainedFocusAsync
1788779394.382 10316 24531 24531 I Unique  : 2026-09-07 18:09:54.380 I HOOK IDENTITY_HOOK_INSTALLED service=input_method package=com.axlebolt.standoff2 matched=callerPackage=acceptStylusHandwritingDelegation+acceptStylusHandwritingDelegationAsync+getEnabledInputMethodSubtypeList+prepareStylusHandwritingDelegation+setAdditionalInputMethodSubtypes+setExplicitlyEnabledInputMethodSubtypes+startConnectionlessStylusHandwriting+startProtoDump,editorIdentity=start
1788779394.384 10316 24531 24531 I Unique  : 2026-09-07 18:09:54.382 I HOOK IDENTITY_HOOKS_INSTALLED package=com.axlebolt.standoff2 installed=alarm,clipboard,restrictions,locale,connectivity,power,wifi,location,audio,vibrator_manager,usagestats,netstats,content,shortcut,mount,account,phone,device_policy,media.camera,telecom,media_router,media_session,appwidget,input_method skipped=
1788779394.386 10316 24531 24531 W Unique  : 2026-09-07 18:09:54.385 W PROCESS ALARM_EXACT_UNAVAILABLE detail=UNIQUE does not hold SCHEDULE_EXACT_ALARM; a guest asking for an exact alarm will get the platform's SecurityException
1788779394.406 10316 24531 24531 I Unique  : 2026-09-07 18:09:54.391 I HOOK SERVICE_HOOKED service=jobscheduler cache=true singletons=0 managers=0 bound=jobById,scheduleJob,pendingJobs matched=jobById=cancel+getPendingJob+getPendingJobReason,scheduleJob=enqueue+schedule+scheduleAsPackage,pendingJobs=getAllPendingJobs+getAllPendingJobsInNamespace
1788779394.409 10316 24531 24531 I Unique  : 2026-09-07 18:09:54.407 I HOOK JOB_HOOKED package=com.axlebolt.standoff2 slot=0 matched=jobById=cancel+getPendingJob+getPendingJobReason,scheduleJob=enqueue+schedule+scheduleAsPackage,pendingJobs=getAllPendingJobs+getAllPendingJobsInNamespace
1788779394.445 10316 24531 24531 I Unique  : 2026-09-07 18:09:54.442 I HOOK SERVICE_HOOKED service=notification cache=true singletons=1 managers=0 bound=notificationIdentity,enqueue,channels matched=notificationIdentity=addAutomaticZenRule+areBubblesAllowed+areNotificationsEnabled+areNotificationsEnabledForPackage+buzzBeepBlinkForNotification+canNotifyAsPackage+canShowBadge+cancelAllNotifications+cancelNotificationFromListener+cancelToast+clearData+deleteNotificationHistoryItem+enqueueTextToast+enqueueToast+finishToken+getActiveNotifications+getActiveNotificationsWithAttribution+getAllowedAss
1788779394.452 10316 24531 24531 I Unique  : 2026-09-07 18:09:54.450 I HOOK NOTIFICATION_HOOKED package=com.axlebolt.standoff2 vuid=0 matched=notificationIdentity=addAutomaticZenRule+areBubblesAllowed+areNotificationsEnabled+areNotificationsEnabledForPackage+buzzBeepBlinkForNotification+canNotifyAsPackage+canShowBadge+cancelAllNotifications+cancelNotificationFromListener+cancelToast+clearData+deleteNotificationHistoryItem+enqueueTextToast+enqueueToast+finishToken+getActiveNotifications+getActiveNotificationsWithAttribution+getAllowedAss
1788779394.503 10316 24531 24531 I Unique  : 2026-09-07 18:09:54.501 I PROCESS RECEIVERS_REGISTERED package=com.axlebolt.standoff2 declared=9 registered=12 actions=com.adjust.sdk.AdjustPreinstallReferrerReceiver#com.attribution.SYSTEM_INSTALLER_REFERRER;com.adjust.sdk.AdjustReferrerReceiver#com.android.vending.INSTALL_REFERRER;com.facebook.CurrentAccessTokenExpirationBroadcastReceiver#com.facebook.sdk.ACTION_CURRENT_ACCESS_TOKEN_CHANGED;com.facebook.AuthenticationTokenManager$CurrentAuthenticationTokenChangedBroadcastReceiver#com.facebook.sdk.ACTION_CURRENT_ exported=6
1788779394.505 10316 24531 24531 I Unique  : 2026-09-07 18:09:54.504 I LAUNCH ACTIVITY_LIFECYCLE_INSTALLED package=com.axlebolt.standoff2
1788779394.519 10316 24531 24531 D Unique  : 2026-09-07 18:09:54.517 D PROCESS PERMISSION_CHECK permission=android.permission.INTERNET result=GRANTED
1788779394.545 10316 24531 24531 W com.facebook.UserSettingsManager: You haven't set a value for AdvertiserIDCollectionEnabled. Set the flag to TRUE if you want to collect Advertiser ID for better advertising and analytics results. To request user consent before collecting data, set the flag value to FALSE, then change to TRUE once user consent is received. Learn more: https://developers.facebook.com/docs/app-events/getting-started-app-events-android#disable-auto-events.
1788779394.565 10316 24531 24641 W com.facebook.internal.NativeProtocol: Apps that target Android API 30+ (Android 11+) cannot call Facebook native apps unless the package visibility needs are declared. Please follow https://developers.facebook.com/docs/android/troubleshooting/#faq_267321845055988 to make the declaration.
1788779394.603 10316 24531 24581 I Unique  : 2026-09-07 18:09:54.598 I LAUNCH SIGNATURES_LOADED package=com.axlebolt.standoff2 signers=1 hasSigningInfo=true
1788779394.630 10316 24531 24531 D FirebaseSessions: Dependency to CRASHLYTICS added.
1788779394.636 10316 24531 24531 I FirebaseApp: Device unlocked: initializing all Firebase APIs for app [DEFAULT]
1788779394.649 10316 24531 24531 I UniqueNative: io_redirect: excluded (not hooked, on purpose): /vendor/lib64/libbase.so
1788779394.649 10316 24531 24531 I UniqueNative: io_redirect: excluded (not hooked, on purpose): /vendor/lib64/libutils.so
1788779394.649 10316 24531 24531 I UniqueNative: io_redirect: excluded (not hooked, on purpose): /vendor/lib64/libcutils.so
1788779394.649 10316 24531 24531 I UniqueNative: io_redirect: excluded (not hooked, on purpose): /vendor/lib64/libz.so
1788779394.649 10316 24531 24531 I UniqueNative: io_redirect installed: 0 slot(s) in 17/390 libraries (4 excluded, 16 seen before, 120 total), 13 rule(s), page size 4096
1788779394.649 10316 24531 24531 I UniqueNative: io_redirect: hooked libcrashlytics.so=0
1788779394.649 10316 24531 24531 I UniqueNative: io_redirect: nothing in this process imports: openat,fstatat64,faccessat,renameat,readlinkat,fchmodat,__readlinkat_chk,open64,openat64,fopen64,creat,creat64
1788779394.654 10316 24531 24531 I UniqueNative: io_redirect: library-load watch installed (1 slot(s) in 22 libraries)
1788779394.654 10316 24531 24531 W UniqueNative: io_redirect: watch saw but did not match: /data/misc/apexdata/com.android.art/dalvik-cache/arm64/boot.oat
1788779394.654 10316 24531 24531 W UniqueNative: io_redirect: watch saw but did not match: /data/misc/apexdata/com.android.art/dalvik-cache/arm64/boot-framework-adservices.oat
1788779394.654 10316 24531 24531 W UniqueNative: io_redirect: watch saw but did not match: /data/app/~~tWsv6EXqqzygc9AK_QduMQ==/com.unique-kzb7howaBu3vTJ89NnVeNQ==/oat/arm64/base.odex
1788779394.654 10316 24531 24531 W UniqueNative: io_redirect: watch saw but did not match: /data/app/~~tWsv6EXqqzygc9AK_QduMQ==/com.unique-kzb7howaBu3vTJ89NnVeNQ==/base.apk!/lib/arm64-v8a/libunique_native.so
1788779394.654 10316 24531 24531 D nativeloader: Load /data/user/0/com.unique/files/virtual/apk/com.axlebolt.standoff2/203908/lib/arm64-v8a/libcrashlytics.so using class loader ns clns-8 (caller=/data/user/0/com.unique/files/virtual/apk/com.axlebolt.standoff2/203908/base.apk!classes6.dex): ok
1788779394.691 10316 24531 24531 I UniqueNative: io_redirect: excluded (not hooked, on purpose): /vendor/lib64/libbase.so
1788779394.692 10316 24531 24531 I UniqueNative: io_redirect: excluded (not hooked, on purpose): /vendor/lib64/libutils.so
1788779394.692 10316 24531 24531 I UniqueNative: io_redirect: excluded (not hooked, on purpose): /vendor/lib64/libcutils.so
1788779394.692 10316 24531 24531 I UniqueNative: io_redirect: excluded (not hooked, on purpose): /vendor/lib64/libz.so
1788779394.692 10316 24531 24531 I UniqueNative: io_redirect installed: 0 slot(s) in 18/391 libraries (4 excluded, 17 seen before, 120 total), 13 rule(s), page size 4096
1788779394.692 10316 24531 24531 I UniqueNative: io_redirect: hooked libdatastore_shared_counter.so=0
1788779394.692 10316 24531 24531 I UniqueNative: io_redirect: nothing in this process imports: openat,fstatat64,faccessat,renameat,readlinkat,fchmodat,__readlinkat_chk,open64,openat64,fopen64,creat,creat64
1788779394.697 10316 24531 24531 D nativeloader: Load /data/user/0/com.unique/files/virtual/apk/com.axlebolt.standoff2/203908/lib/arm64-v8a/libdatastore_shared_counter.so using class loader ns clns-8 (caller=/data/user/0/com.unique/files/virtual/apk/com.axlebolt.standoff2/203908/base.apk!classes6.dex): ok
1788779394.713 10316 24531 24531 D FirebaseSessions: Initializing Firebase Sessions 3.0.1.
1788779394.721 10316 24531 24531 I FirebaseCrashlytics: Initializing Firebase Crashlytics 20.0.1 for com.axlebolt.standoff2
1788779394.729 10316 24531 24674 D Unique  : 2026-09-07 18:09:54.728 D PROCESS PERMISSION_CHECK permission=android.permission.WAKE_LOCK result=GRANTED
1788779394.735 10316 24531 24672 D Unique  : 2026-09-07 18:09:54.733 D PROCESS SERVICE_CONNECTION_WRAPPED connection=h2.q
1788779394.737 10316 24531 24531 D FirebaseSessions: Subscriber CRASHLYTICS registered.
1788779394.744 10316 24531 24663 D FirebaseSessions: Notified CRASHLYTICS of new session ee7bb5199d084b8fa925077392cd6459
1788779394.745 10316 24531 24674 D Unique  : 2026-09-07 18:09:54.741 D PROCESS PERMISSION_CHECK permission=android.permission.ACCESS_NETWORK_STATE result=GRANTED
1788779394.769 10316 24531 24531 I FirebaseInitProvider: FirebaseApp initialization successful
1788779394.783 10316 24531 24531 D WM-WrkMgrInitializer: Initializing WorkManager with default configuration.
1788779394.794 10316 24531 24663 I FirebaseCrashlytics: Saved version control info
1788779394.794 10316 24531 24531 D WM-PackageManagerHelper: Skipping component enablement for androidx.work.impl.background.systemjob.SystemJobService
1788779394.794 10316 24531 24531 D WM-Schedulers: Created SystemJobScheduler and enabled SystemJobService
1788779394.816 10316 24531 24695 D Unique  : 2026-09-07 18:09:54.815 D PROCESS SERVICE_CONNECTION_WRAPPED connection=com.google.android.gms.common.a
1788779394.817 10316 24531 24531 I Unique  : 2026-09-07 18:09:54.816 I PROCESS PROVIDERS_PUBLISHED package=com.axlebolt.standoff2 process=com.axlebolt.standoff2 declared=21 authorities=[redacted]
1788779394.818 10316 24531 24653 W om.unique:vapp0: Long monitor contention with owner main (24531) at void com.unique.core.vam.VirtualProviderRegistry.install(com.unique.core.vam.AppBootstrap$Result$Ready)(VirtualProviderRegistry.kt:92) waiters=0 in boolean com.unique.core.vam.VirtualProviderRegistry.owns(java.lang.String) for 132ms
1788779394.825 10316 24531 24531 I UniqueNative: io_redirect: excluded (not hooked, on purpose): /vendor/lib64/libbase.so
1788779394.825 10316 24531 24531 I UniqueNative: io_redirect: excluded (not hooked, on purpose): /vendor/lib64/libutils.so
1788779394.825 10316 24531 24531 I UniqueNative: io_redirect: excluded (not hooked, on purpose): /vendor/lib64/libcutils.so
1788779394.825 10316 24531 24531 I UniqueNative: io_redirect: excluded (not hooked, on purpose): /vendor/lib64/libz.so
1788779394.825 10316 24531 24531 I UniqueNative: io_redirect installed: 0 slot(s) in 18/391 libraries (4 excluded, 18 seen before, 120 total), 13 rule(s), page size 4096
1788779394.825 10316 24531 24531 I UniqueNative: io_redirect: nothing in this process imports: openat,fstatat64,faccessat,renameat,readlinkat,fchmodat,__readlinkat_chk,open64,openat64,fopen64,creat,creat64
1788779394.827 10316 24531 24708 D Unique  : 2026-09-07 18:09:54.826 D PROCESS u0 com.axlebolt.standoff2 SERVICE_CONNECTION_WRAPPED connection=com.google.android.gms.common.internal.j1
1788779394.828 10316 24531 24531 I Unique  : 2026-09-07 18:09:54.825 I NATIVE u0 com.axlebolt.standoff2 IO_REDIRECT_INSTALLED status=OK watch=OK rules=13 procView=16 slots=120 sqlite=8 scope=/data/user/0/com.unique/files/virtual/apk/com.axlebolt.standoff2/203908/lib/arm64-v8a,/data/data/com.unique/files/virtual/apk/com.axlebolt.standoff2/203908/lib/arm64-v8a,/data/user/0/com.unique/files/ excluded=/libc.so,/libdl.so,/libm.so,/linker64,/odm/,/system/vendor/,/vendor/,libgrave.so,libunique_native.so
1788779394.830 10316 24531 24653 I DynamiteModule: Considering local module com.google.android.gms.measurement.dynamite:155 and remote module com.google.android.gms.measurement.dynamite:205
1788779394.830 10316 24531 24653 I DynamiteModule: Selected remote version of com.google.android.gms.measurement.dynamite, version >= 205
1788779394.831 10316 24531 24653 V DynamiteModule: Dynamite loader version >= 2, using loadModule2NoCrashUtils
1788779394.831 10316 24531 24531 I Unique  : 2026-09-07 18:09:54.828 I LAUNCH u0 com.axlebolt.standoff2 BOOTSTRAP_OK package=com.axlebolt.standoff2 vuid=0 slot=0 applicationClass=android.app.Application dataDir=/data/user/0/com.axlebolt.standoff2 sourceDir=/data/app/~~qDQo4EJxRkxLXRVkkan8vw/com.axlebolt.standoff2-ZoMeAB0960qrqS53mQb0sw/base.apk nativeLibraryDir=/data/app/~~qDQo4EJxRkxLXRVkkan8vw/com.axlebolt.standoff2-ZoMeAB0960qrqS53mQb0sw/lib/arm64 targetSdk=36 observedPackageName=com.axlebolt.standoff2 observedFilesDir=/data/user/0/com.axlebolt.standoff2/files millis=1997
1788779394.832 10316 24531 24694 I DynamiteModule: Considering local module com.google.android.gms.cronet_dynamite:0 and remote module com.google.android.gms.cronet_dynamite:4911
1788779394.832 10316 24531 24694 I DynamiteModule: Selected remote version of com.google.android.gms.cronet_dynamite, version >= 4911
1788779394.832 10316 24531 24694 V DynamiteModule: Dynamite loader version >= 2, using loadModule2NoCrashUtils
1788779394.836 10316 24531 24531 I Unique  : 2026-09-07 18:09:54.835 I PROCESS u0 com.axlebolt.standoff2 BROADCAST_DELIVERED receiver=com.mbridge.msdk.foundation.same.broadcast.NetWorkChangeReceiver action=android.net.conn.CONNECTIVITY_CHANGE
1788779394.836 10316 24461 24621 I Unique  : 2026-09-07 18:09:54.836 I PROCESS PROVIDER_SLOT_READY slot=0 vuid=0 pid=24531
1788779394.837 10316 24531 24531 I Unique  : 2026-09-07 18:09:54.836 I PROCESS u0 com.axlebolt.standoff2 COLD_BROADCAST_DELIVERED package=com.axlebolt.standoff2 vuid=0 receiver=com.mbridge.msdk.foundation.same.broadcast.NetWorkChangeReceiver action=android.net.conn.CONNECTIVITY_CHANGE delivered=true
1788779394.839 10316 24461 24621 I Unique  : 2026-09-07 18:09:54.838 I PROCESS COLD_BROADCAST_ACKNOWLEDGED vuid=0 receiver=com.mbridge.msdk.foundation.same.broadcast.NetWorkChangeReceiver action=android.net.conn.CONNECTIVITY_CHANGE wasPending=true
1788779394.842 10316 24531 24531 W libc    : Access denied finding property "ro.vendor.perf.scroll_opt"
1788779394.842 10316 24531 24653 W System  : ClassLoader referenced unknown path:
1788779394.842 10316 24531 24653 D nativeloader: Configuring clns-9 for other apk . target_sdk_version=37, uses_libraries=, library_path=/data/app/~~LGFpv3Im5Siq4WgWd5h5rg==/com.google.android.gms-R7X6lxCf-Hd419IiSvoKBQ==/lib/arm64:/data/app/~~LGFpv3Im5Siq4WgWd5h5rg==/com.google.android.gms-R7X6lxCf-Hd419IiSvoKBQ==/base.apk!/lib/arm64-v8a, permitted_path=/data:/mnt/expand:/data/user/0/com.google.android.gms
1788779394.854 10316 24531 24531 D nativeloader: Load libpowerhalwrap_jni.so using system ns (caller=/system_ext/framework/mediatek-framework.jar): ok
1788779394.855 10316 24531 24531 I PowerHalWrapper: PowerHalWrapper.getInstance
1788779394.855 10316 24531 24531 I M-ProMotion: M-ProMotion is disabled
1788779394.859 10316 24531 24531 W Looper  : Loop again would have the queued messages be executed before this one completed.
1788779394.861 10316 24531 24531 I Unique  : 2026-09-07 18:09:54.859 I PROCESS u0 com.axlebolt.standoff2 BROADCAST_DELIVERED receiver=com.mbridge.msdk.foundation.same.broadcast.NetWorkChangeReceiver action=android.net.conn.CONNECTIVITY_CHANGE
1788779394.863 10316 24531 24531 I Unique  : 2026-09-07 18:09:54.862 I LAUNCH u0 com.axlebolt.standoff2 GMS_BROKER_WRAPPED descriptor=android.os.IMessenger package=com.axlebolt.standoff2 service=com.google.android.gms
1788779394.864 10316 24531 24676 W JavaBinder: ibinderForJavaObject: 0x7a4edd8fb0 is not a Binder object
1788779394.864 10316 24531 24676 E Parcel  : Native binder in markForBinder is null for non-null jobject
1788779394.864 10316 24531 24676 E Parcel  : Attempt to read from protected data in Parcel 0xb400007b7b124ac0
1788779394.864 10316 24531 24676 E Parcel  : Attempt to read from protected data in Parcel 0xb400007b7b124ac0
1788779394.864 10316 24531 24676 E Parcel  : Attempt to read from protected data in Parcel 0xb400007b7b124ac0
1788779394.864 10316 24531 24676 E Parcel  : Attempt to read from protected data in Parcel 0xb400007b7b124ac0
1788779394.864 10316 24531 24676 E Parcel  : Attempt to read from protected data in Parcel 0xb400007b7b124ac0
1788779394.864 10316 24531 24676 E Parcel  : Attempt to read from protected data in Parcel 0xb400007b7b124ac0
1788779394.865 10316 24531 24676 E Parcel  : Attempt to read from protected data in Parcel 0xb400007b7b124ac0
1788779394.865 10316 24531 24676 E Parcel  : Attempt to read from protected data in Parcel 0xb400007b7b124ac0
1788779394.865 10316 24531 24676 E Parcel  : Attempt to read from protected data in Parcel 0xb400007b7b124ac0
1788779394.865 10316 24531 24676 E Parcel  : Attempt to read from protected data in Parcel 0xb400007b7b124ac0
1788779394.865 10316 24531 24676 E Parcel  : Attempt to read from protected data in Parcel 0xb400007b7b124ac0
1788779394.865 10316 24531 24676 E Parcel  : Attempt to read from protected data in Parcel 0xb400007b7b124ac0
1788779394.867 10316 24531 24676 W Unique  : 2026-09-07 18:09:54.865 W LAUNCH u0 com.axlebolt.standoff2 GMS_PACKAGE_NOT_REWRITTEN descriptor=android.os.IMessenger code=1 package=com.axlebolt.standoff2 bareAt=144 size=308 detail=the name is in this request but not as a SafeParcel field
1788779394.867 10316 24531 24676 W JavaBinder: ibinderForJavaObject: 0x7a4edd8fb0 is not a Binder object
1788779394.867 10316 24531 24676 E Parcel  : Native binder in markForBinder is null for non-null jobject
1788779394.867 10316 24531 24676 E Parcel  : Attempt to read from protected data in Parcel 0xb400007b7b124ac0
1788779394.867 10316 24531 24676 E Parcel  : Attempt to read from protected data in Parcel 0xb400007b7b124ac0
1788779394.867 10316 24531 24676 E Parcel  : Attempt to read from protected data in Parcel 0xb400007b7b124ac0
1788779394.868 10316 24531 24676 E Parcel  : Attempt to read from protected data in Parcel 0xb400007b7b124ac0
1788779394.868 10316 24531 24676 E Parcel  : Attempt to read from protected data in Parcel 0xb400007b7b124ac0
1788779394.868 10316 24531 24676 E Parcel  : Attempt to read from protected data in Parcel 0xb400007b7b124ac0
1788779394.868 10316 24531 24531 I Unique  : 2026-09-07 18:09:54.866 I LAUNCH u0 com.axlebolt.standoff2 GMS_BROKER_WRAPPED descriptor=com.google.android.gms.ads.identifier.internal.IAdvertisingIdService package=com.axlebolt.standoff2 service=com.google.android.gms
1788779394.868 10316 24531 24676 W JavaBinder: ibinderForJavaObject: 0x7a4edd8fb0 is not a Binder object
1788779394.868 10316 24531 24676 E Parcel  : Native binder in markForBinder is null for non-null jobject
1788779394.868 10316 24531 24676 E Parcel  : Attempt to read from protected data in Parcel 0xb400007b7b124ac0
1788779394.868 10316 24531 24676 E Parcel  : Attempt to read from protected data in Parcel 0xb400007b7b124ac0
1788779394.868 10316 24531 24676 E Parcel  : Attempt to read from protected data in Parcel 0xb400007b7b124ac0
1788779394.868 10316 24531 24676 E Parcel  : Attempt to read from protected data in Parcel 0xb400007b7b124ac0
1788779394.868 10316 24531 24676 E Parcel  : Attempt to read from protected data in Parcel 0xb400007b7b124ac0
1788779394.868 10316 24531 24676 E Parcel  : Attempt to read from protected data in Parcel 0xb400007b7b124ac0
1788779394.871 10316 24531 24531 I Unique  : 2026-09-07 18:09:54.869 I LAUNCH u0 com.axlebolt.standoff2 GMS_BROKER_WRAPPED descriptor=com.google.android.gms.common.internal.IGmsServiceBroker package=com.axlebolt.standoff2 service=com.google.android.gms
1788779394.872 10316 24531 24531 D Unique  : 2026-09-07 18:09:54.871 D LAUNCH u0 com.axlebolt.standoff2 CALLBACK_ALIVE what=116 obj=android.os.BinderProxy
1788779394.872 10316 24531 24708 E Parcel  : Attempt to read from protected data in Parcel 0xb400007b7b14b2b0
1788779394.872 10316 24531 24708 E Parcel  : Attempt to read from protected data in Parcel 0xb400007b7b14b2b0
1788779394.872 10316 24531 24708 E Parcel  : Attempt to read from protected data in Parcel 0xb400007b7b14b2b0
1788779394.873 10316 24531 24708 E Parcel  : Attempt to read from protected data in Parcel 0xb400007b7b14b2b0
1788779394.873 10316 24531 24708 E Parcel  : Attempt to read from protected data in Parcel 0xb400007b7b14b2b0
1788779394.873 10316 24531 24708 E Parcel  : Attempt to read from protected data in Parcel 0xb400007b7b14b2b0
1788779394.875 10316 24531 24708 D Unique  : 2026-09-07 18:09:54.873 D LAUNCH u0 com.axlebolt.standoff2 GMS_CALLING_PACKAGE_REWRITTEN from=com.axlebolt.standoff2 to=com.unique fields=1
1788779394.880 10316 24531 24725 I AppMetrica: AppMetrica [5834-IAA-CDE-1] Initializing of AppMetrica, Release type, Version 7.12.0, API Level 115, Dated 04.09.2025.
1788779394.886 10316 24531 24694 I UniqueNative: io_redirect: excluded (not hooked, on purpose): /vendor/lib64/libbase.so
1788779394.886 10316 24531 24694 I UniqueNative: io_redirect: excluded (not hooked, on purpose): /vendor/lib64/libutils.so
1788779394.886 10316 24531 24694 I UniqueNative: io_redirect: excluded (not hooked, on purpose): /vendor/lib64/libcutils.so
1788779394.886 10316 24531 24694 I UniqueNative: io_redirect: excluded (not hooked, on purpose): /vendor/lib64/libz.so
1788779394.887 10316 24531 24694 I UniqueNative: io_redirect installed: 0 slot(s) in 18/398 libraries (4 excluded, 18 seen before, 120 total), 13 rule(s), page size 4096
1788779394.887 10316 24531 24694 I UniqueNative: io_redirect: nothing in this process imports: openat,fstatat64,faccessat,renameat,readlinkat,fchmodat,__readlinkat_chk,open64,openat64,fopen64,creat,creat64
1788779394.888 10316 24531 24708 D Unique  : 2026-09-07 18:09:54.886 D PROCESS u0 com.axlebolt.standoff2 SERVICE_CONNECTION_WRAPPED connection=com.google.android.gms.common.internal.j1
1788779394.896 10316 24531 24694 W om.unique:vapp0: ClassLoaderContext classpath element checksum mismatch. expected=3267616312, found=119435614 (DLC[];PCL[base.apk*3267616312]{PCL[/system/framework/org.apache.http.legacy.jar*4025584831]#PCL[/system/framework/com.android.location.provider.jar*3414091812]#PCL[/system/framework/com.android.media.remotedisplay.jar*2042759013]#PCL[/system_ext/framework/androidx.window.extensions.jar*3209159789]#PCL[/system_ext/framework/androidx.window.sidecar.jar*2958050178]} | DLC[];PCL[/data/user/0/com.unique/files/virtual/apk/com.axlebolt.standoff2/203908/base.apk*119435614])
1788779394.902 10316 24531 24531 I Unique  : 2026-09-07 18:09:54.897 I LAUNCH u0 com.axlebolt.standoff2 GMS_BROKER_WRAPPED descriptor=com.google.android.gms.common.internal.IGmsServiceBroker package=com.axlebolt.standoff2 service=com.google.android.gms
1788779394.909 10316 24531 24708 E Parcel  : Attempt to read from protected data in Parcel 0xb400007b7b145c10
1788779394.911 10316 24531 24708 E Parcel  : Attempt to read from protected data in Parcel 0xb400007b7b145c10
1788779394.911 10316 24531 24708 E Parcel  : Attempt to read from protected data in Parcel 0xb400007b7b145c10
1788779394.911 10316 24531 24708 E Parcel  : Attempt to read from protected data in Parcel 0xb400007b7b145c10
1788779394.911 10316 24531 24708 E Parcel  : Attempt to read from protected data in Parcel 0xb400007b7b145c10
1788779394.911 10316 24531 24708 E Parcel  : Attempt to read from protected data in Parcel 0xb400007b7b145c10
1788779394.912 10316 24531 24708 D Unique  : 2026-09-07 18:09:54.911 D LAUNCH u0 com.axlebolt.standoff2 GMS_CALLING_PACKAGE_REWRITTEN from=com.axlebolt.standoff2 to=com.unique fields=1
1788779394.917 10316 24531 24737 D Unique  : 2026-09-07 18:09:54.915 D PROCESS u0 com.axlebolt.standoff2 SERVICE_INTENT_CROSS_APP action=com.google.android.gms.phenotype.service.START target=com.google.android.gms
1788779394.918 10316 24531 24737 D Unique  : 2026-09-07 18:09:54.917 D PROCESS u0 com.axlebolt.standoff2 SERVICE_CONNECTION_WRAPPED connection=m7.fy
1788779394.924 10316 24531 24737 I Unique  : 2026-09-07 18:09:54.922 I LAUNCH u0 com.axlebolt.standoff2 GMS_BROKER_WRAPPED descriptor=com.google.android.gms.common.internal.IGmsServiceBroker package=com.axlebolt.standoff2 service=com.google.android.gms
1788779394.926 10316 24531 24737 E Parcel  : Attempt to read from protected data in Parcel 0xb400007b7b14b850
1788779394.926 10316 24531 24737 E Parcel  : Attempt to read from protected data in Parcel 0xb400007b7b14b850
1788779394.926 10316 24531 24737 E Parcel  : Attempt to read from protected data in Parcel 0xb400007b7b14b850
1788779394.926 10316 24531 24737 E Parcel  : Attempt to read from protected data in Parcel 0xb400007b7b14b850
1788779394.926 10316 24531 24737 E Parcel  : Attempt to read from protected data in Parcel 0xb400007b7b14b850
1788779394.926 10316 24531 24737 E Parcel  : Attempt to read from protected data in Parcel 0xb400007b7b14b850
1788779394.931 10316 24531 24737 D Unique  : 2026-09-07 18:09:54.926 D LAUNCH u0 com.axlebolt.standoff2 GMS_CALLING_PACKAGE_REWRITTEN from=com.axlebolt.standoff2 to=com.unique fields=1
1788779394.933 10316 24531 24696 D FBAudienceNetwork: SDK dex loading time: 121
1788779394.952 10316 24531 24725 I AppMetrica: AppMetrica [5834-IAA-CDE-1] Activate AppMetrica in anonymous mode
1788779394.952 10316 24531 24686 D Unique  : 2026-09-07 18:09:54.950 D PROCESS u0 com.axlebolt.standoff2 SERVICE_INTENT_CROSS_APP action=com.google.android.gms.ads.identifier.service.START target=com.google.android.gms
1788779394.956 10316 24531 24739 I Unique  : 2026-09-07 18:09:54.951 I PROCESS u0 com.axlebolt.standoff2 SERVICE_STUB_RESERVED slot=0 stub=0 service=io.appmetrica.analytics.internal.AppMetricaService vuid=0
1788779394.956 10316 24531 24686 D Unique  : 2026-09-07 18:09:54.952 D PROCESS u0 com.axlebolt.standoff2 SERVICE_CONNECTION_WRAPPED connection=com.google.android.gms.common.a
1788779394.957 10316 24531 24725 I AppMetrica: AppMetrica [5834-IAA-CDE-1] Activate reporter with APIKey 20799a27-xxxx-xxxx-xxxx-xxxxxxxx4180
1788779394.958 10316 24531 24739 D Unique  : 2026-09-07 18:09:54.956 D PROCESS u0 com.axlebolt.standoff2 SERVICE_INTENT_ROUTED service=io.appmetrica.analytics.internal.AppMetricaService stub=com.unique.stub.ServiceStub_p0_s0 action=io.appmetrica.analytics.IAppMetricaService
1788779394.959 10316 24531 24739 D Unique  : 2026-09-07 18:09:54.958 D PROCESS u0 com.axlebolt.standoff2 SERVICE_CONNECTION_WRAPPED connection=io.appmetrica.analytics.impl.n0
1788779394.961 10316 24531 24531 I Unique  : 2026-09-07 18:09:54.960 I LAUNCH u0 com.axlebolt.standoff2 GMS_BROKER_WRAPPED descriptor=com.google.android.gms.ads.identifier.internal.IAdvertisingIdService package=com.axlebolt.standoff2 service=com.google.android.gms
1788779394.963 10316 24531 24531 I Unique  : 2026-09-07 18:09:54.962 I PROCESS u0 com.axlebolt.standoff2 CREATE_SERVICE_REWRITTEN stub=com.unique.stub.ServiceStub_p0_s0 service=io.appmetrica.analytics.internal.AppMetricaService
1788779394.972 10316 24531 24531 D Unique  : 2026-09-07 18:09:54.971 D PROCESS u0 com.axlebolt.standoff2 SERVICE_INTENT_ROUTED service=io.appmetrica.analytics.internal.AppMetricaService stub=com.unique.stub.ServiceStub_p0_s0 action=io.appmetrica.analytics.IAppMetricaService
1788779394.980 10316 24531 24738 E om.unique:vapp0: No package ID 6a found for resource ID 0x6a0b0013.
1788779394.982 10316 24531 24738 I FA      : App measurement initialized, version: 181006
1788779394.982 10316 24531 24738 I FA      : To enable debug logging run: adb shell setprop log.tag.FA VERBOSE
1788779394.982 10316 24531 24738 I FA      : To enable faster debug mode event logging run:
1788779394.982 10316 24531 24738 I FA      :   adb shell setprop debug.firebase.analytics.app com.axlebolt.standoff2
1788779394.989 10316 24531 24738 D Unique  : 2026-09-07 18:09:54.987 D PROCESS u0 com.axlebolt.standoff2 PERMISSION_CHECK permission=android.permission.INTERNET result=GRANTED
1788779394.992 10316 24531 24738 D Unique  : 2026-09-07 18:09:54.990 D PROCESS u0 com.axlebolt.standoff2 PERMISSION_CHECK permission=android.permission.ACCESS_NETWORK_STATE result=GRANTED
1788779395.008 10316 24531 24738 D Unique  : 2026-09-07 18:09:55.007 D PROCESS u0 com.axlebolt.standoff2 SERVICE_INTENT_CROSS_APP action=com.google.android.gms.measurement.START target=com.google.android.gms
1788779395.010 10316 24531 24738 D Unique  : 2026-09-07 18:09:55.008 D PROCESS u0 com.axlebolt.standoff2 SERVICE_CONNECTION_WRAPPED connection=m7.fy
1788779395.017 10316 24531 24531 I Unique  : 2026-09-07 18:09:55.016 I LAUNCH u0 com.axlebolt.standoff2 GMS_BROKER_WRAPPED descriptor=com.google.android.gms.common.internal.IGmsServiceBroker package=com.axlebolt.standoff2 service=com.google.android.gms
1788779395.018 10316 24531 24531 E Parcel  : Attempt to read from protected data in Parcel 0xb400007b7b14b850
1788779395.018 10316 24531 24531 E Parcel  : Attempt to read from protected data in Parcel 0xb400007b7b14b850
1788779395.018 10316 24531 24531 E Parcel  : Attempt to read from protected data in Parcel 0xb400007b7b14b850
1788779395.018 10316 24531 24531 E Parcel  : Attempt to read from protected data in Parcel 0xb400007b7b14b850
1788779395.018 10316 24531 24531 E Parcel  : Attempt to read from protected data in Parcel 0xb400007b7b14b850
1788779395.018 10316 24531 24531 E Parcel  : Attempt to read from protected data in Parcel 0xb400007b7b14b850
1788779395.024 10316 24531 24531 D Unique  : 2026-09-07 18:09:55.018 D LAUNCH u0 com.axlebolt.standoff2 GMS_CALLING_PACKAGE_REWRITTEN from=com.axlebolt.standoff2 to=com.unique fields=1
1788779395.034 10316 24531 24738 E FA      : Task exception while flushing queue: java.lang.SecurityException: Unknown calling package name 'com.axlebolt.standoff2'.: m7.ag.c(:com.google.android.gms.dynamite_measurementdynamite@263234035@26.32.34 (260400-0):11)
1788779395.035 10316 24531 24738 E FA      : Task exception while flushing queue: java.lang.SecurityException: Unknown calling package name 'com.axlebolt.standoff2'.: m7.ag.b(:com.google.android.gms.dynamite_measurementdynamite@263234035@26.32.34 (260400-0):11)
1788779395.036 10316 24531 24738 E FA      : Task exception while flushing queue: java.lang.SecurityException: Unknown calling package name 'com.axlebolt.standoff2'.: m7.ag.c(:com.google.android.gms.dynamite_measurementdynamite@263234035@26.32.34 (260400-0):11)
1788779395.047 10316 24531 24539 W om.unique:vapp0: ApkAssets: Deleting an ApkAssets object '<empty> and /data/app/~~qDQo4EJxRkxLXRVkkan8vw/com.axlebolt.standoff2-ZoMeAB0960qrqS53mQb0sw/base.apk' with 1 weak references
1788779395.483 10316 24531 24640 E FeatureFlagsImplExport: android.os.flagging.AconfigStorageReadException: ERROR_PACKAGE_NOT_FOUND: package com.android.libcore cannot be found on the device
1788779395.483 10316 24531 24638 E FeatureFlagsImplExport: android.os.flagging.AconfigStorageReadException: ERROR_PACKAGE_NOT_FOUND: package com.android.libcore cannot be found on the device
1788779395.483 10316 24531 24641 E FeatureFlagsImplExport: android.os.flagging.AconfigStorageReadException: ERROR_PACKAGE_NOT_FOUND: package com.android.libcore cannot be found on the device
1788779395.645 10316 24461 24461 I MIUIInput: [MotionEvent] ViewRootImpl windowName 'com.unique/com.unique.app.MainActivity', { action=ACTION_DOWN, id[0]=0, pointerCount=1, eventTime=136190448, downTime=136190448, phoneEventTime=18:09:55.643 } moveCount:0
1788779395.709 10316 24461 24461 I MIUIInput: [MotionEvent] ViewRootImpl windowName 'com.unique/com.unique.app.MainActivity', { action=ACTION_UP, id[0]=0, pointerCount=1, eventTime=136190513, downTime=136190448, phoneEventTime=18:09:55.707 } moveCount:1
1788779395.716 10316 24461 24507 E com.unique: DynamicFPS DF open fail: No such file or directory
1788779395.729 10316 24461 24483 I Unique  : 2026-09-07 18:09:55.728 I STORAGE GUEST_OBB_IMPORT outcome=NOTHING_TO_IMPORT files=0 bytes=0 source=/storage/emulated/0/Android/obb/com.axlebolt.standoff2 package=com.axlebolt.standoff2 vuid=0
1788779395.752 10316 24461 24483 I Unique  : 2026-09-07 18:09:55.752 I LAUNCH LAUNCH_REQUESTED package=com.axlebolt.standoff2 vuid=0 activity=com.google.firebase.MessagingUnityPlayerActivity slot=:vapp0 launchMode=2
1788779395.770 10316 24531 24531 I Unique  : 2026-09-07 18:09:55.769 I LAUNCH u0 com.axlebolt.standoff2 TRANSACTION_REWRITTEN package=com.axlebolt.standoff2 activity=com.google.firebase.MessagingUnityPlayerActivity vuid=0 item=LaunchActivityItem theme=2131952031
1788779395.796 10316 24531 24723 D AppScoutStateMachine: 24531-ScoutStateMachinecreated
1788779395.903 10316 24531 24531 I Unique  : 2026-09-07 18:09:55.902 I LAUNCH u0 com.axlebolt.standoff2 ACTIVITY_ORIENTATION_APPLIED activity=com.google.firebase.MessagingUnityPlayerActivity orientation=11 applied=true
1788779395.921 10316 24531 24531 W libc    : Access denied finding property "persist.vendor.camera.IsVariableApertureSupported"
1788779395.921 10316 24531 24531 W libc    : Access denied finding property "persist.vendor.camera.IsStreetModeSupported"
1788779395.925 10316 24531 24531 I SurfaceFactory: [static] sSurfaceFactory = com.mediatek.view.impl.SurfaceFactoryImpl@fdcc9e3
1788779395.931 10316 24531 24531 D MiuiMultiWindowUtils: freeform resolution args raw data:{  "wide_default":{    "freeform_args": {        "vertical_portrait":{"aspect_ratio":0.626, "original_ratio":0.5643,"original_scale":0.74,"top_margin":0.168,"left_margin":0.484},        "horizontal_portrait":{"aspect_ratio":0.626, "original_ratio":0.5643,"original_scale":0.74,"top_margin":0.1222,"left_margin":0.59745},        "vertical_landscape":{"aspect_ratio":1.6, "original_ratio":1,"original_scale":0.604,"top_margin":0.2596,"left_margin":0.2624},        "horizontal_landscape":{"aspect_ratio":1.6, "original_ratio":1,"original_scale":0.604,"top_margin":0.213,"left_margin":0.3758}    },    "mini_freeform_args":{        "vertical_portrait":{"original_ratio":0.147},        "horizontal_portrait":{"original_ratio":0.147},        "vertical_landscape":{"original_ratio":0.165},        "horizontal_landscape":{"original_ratio":0.165}    }  },  "narrow_default": {    "freeform_args": {        "vertical_portrait":{"aspect_ratio":0.626, "original_ratio":1,"original_scale":0.74,"top_margin":0.0753,"left_margin":-1},        "horizontal_portrait":{"aspect_ratio":0.626, "original_ratio":1,"original_scale":0.5756,"top_margin":-1,"left_margin":0.0753},        "vertical_landscape":{"aspect_ratio":1.6, "original_ratio":0.6847,"original_scale":0.587,"top_margin":0.0753,"left_margin":-1},        "horizontal_landscape":{"aspect_ratio":1.6, "original_ratio":0.6847,"original_scale":0.587,"top_margin":-1,"left_margin":0.0753}    },    "mini_freeform_args":{        "vertical_portrait":{"original_ratio":0.26},        "horizontal_portrait":{"original_ratio":0.26},        "vertical_landscape":{"original_ratio":0.293},        "horizontal_landscape":{"original_ratio":0.293}    }  },  "regular_default": {    "freeform_args": {      "vertical_portrait":{"aspect_ratio":0.625, "original_ratio":1,"original_scale":0.7,"top_margin":0.109,"left_margin":-1},      "horizontal_portrait":{"aspect_ratio":0.6667, "original_ratio":1,"original_scale":0.6102,"top_margin":-1,"left_margin":0.026},      "vertical_landscape":{"aspect_ratio":1.6, "original_ratio":1,"original_scale":0.4244,"top_margin":0.109,"left_margin":-1},      "horizontal_landscape":{"aspect_ratio":1.6, "original_ratio":1,"original_scale":0.4244,"top_margin":-1,"left_margin":0.026}    },    "mini_freeform_args":{      "vertical_portrait":{"original_ratio":0.25},      "horizontal_portrait":{"original_ratio":0.25},      "vertical_landscape":{"original_ratio":0.25},      "horizontal_landscape":{"original_ratio":0.25}    }  },  "pad_default": {    "freeform_args": {      "vertical_portrait":{"aspect_ratio":0.5625, "original_ratio":0.375,"original_scale":0.835,"top_margin":0.049,"left_margin":0.2775},      "horizontal_portrait":{"aspect_ratio":0.5625, "original_ratio":0.375,"original_scale":0.835,"top_margin":-1,"left_margin":0.6525},      "vertical_landscape":{"aspect_ratio":-1, "original_ratio":1,"original_scale":0.468,"top_margin":0.049,"left_margin":-1},      "horizontal_landscape":{"aspect_ratio":-1, "original_ratio":1,"original_scale":0.468,"top_margin":-1,"left_margin":0.4976}    },    "mini_freeform_args":{      "vertical_portrait":{"original_ratio":0.144},      "horizontal_portrait":{"original_ratio":0.144},      "vertical_landscape":{"original_ratio":0.2},      "horizontal_landscape":{"original_ratio":0.2}    }  }}
1788779395.931 10316 24531 24531 D MiuiMultiWindowUtils: initFreeFormResolutionArgs failed, device is sea
1788779395.931 10316 24531 24531 D IS_CTS_MODE: false
1788779395.931 10316 24531 24531 D MULTI_WINDOW_SWITCH_ENABLED: false
1788779395.938 10316 24531 24531 V PhoneWindowStubImpl: modifyNavigationBarColor from -16777216 to -1
1788779395.952 10316 24531 24531 I UniqueNative: io_redirect: excluded (not hooked, on purpose): /vendor/lib64/libbase.so
1788779395.952 10316 24531 24531 I UniqueNative: io_redirect: excluded (not hooked, on purpose): /vendor/lib64/libutils.so
1788779395.952 10316 24531 24531 I UniqueNative: io_redirect: excluded (not hooked, on purpose): /vendor/lib64/libcutils.so
1788779395.952 10316 24531 24531 I UniqueNative: io_redirect: excluded (not hooked, on purpose): /vendor/lib64/libz.so
1788779395.952 10316 24531 24531 I UniqueNative: io_redirect installed: 0 slot(s) in 19/398 libraries (4 excluded, 18 seen before, 120 total), 13 rule(s), page size 4096
1788779395.952 10316 24531 24531 I UniqueNative: io_redirect: hooked libmain.so=0
1788779395.952 10316 24531 24531 I UniqueNative: io_redirect: nothing in this process imports: openat,fstatat64,faccessat,renameat,readlinkat,fchmodat,__readlinkat_chk,open64,openat64,fopen64,creat,creat64
1788779395.954 10316 24531 24531 I UniqueNative: io_redirect: library-load watch installed (1 slot(s) in 24 libraries)
1788779395.954 10316 24531 24531 W UniqueNative: io_redirect: watch saw but did not match: /data/misc/apexdata/com.android.art/dalvik-cache/arm64/boot.oat
1788779395.954 10316 24531 24531 W UniqueNative: io_redirect: watch saw but did not match: /data/misc/apexdata/com.android.art/dalvik-cache/arm64/boot-framework-adservices.oat
1788779395.954 10316 24531 24531 W UniqueNative: io_redirect: watch saw but did not match: /data/app/~~tWsv6EXqqzygc9AK_QduMQ==/com.unique-kzb7howaBu3vTJ89NnVeNQ==/oat/arm64/base.odex
1788779395.954 10316 24531 24531 W UniqueNative: io_redirect: watch saw but did not match: /data/app/~~tWsv6EXqqzygc9AK_QduMQ==/com.unique-kzb7howaBu3vTJ89NnVeNQ==/base.apk!/lib/arm64-v8a/libunique_native.so
1788779395.954 10316 24531 24531 D nativeloader: Load /data/app/~~qDQo4EJxRkxLXRVkkan8vw/com.axlebolt.standoff2-ZoMeAB0960qrqS53mQb0sw/lib/arm64/libmain.so using class loader ns clns-8 (caller=/data/user/0/com.unique/files/virtual/apk/com.axlebolt.standoff2/203908/base.apk!classes7.dex): ok
1788779396.077 10316 24531 24708 W ServiceBindIntentUtils: Dynamic lookup for intent failed for action: com.google.android.gms.games.internal.connect.service.START
1788779396.078 10316 24531 24708 D Unique  : 2026-09-07 18:09:56.078 D PROCESS u0 com.axlebolt.standoff2 SERVICE_INTENT_CROSS_APP action=com.google.android.gms.games.internal.connect.service.START target=com.google.android.gms
1788779396.079 10316 24531 24708 D Unique  : 2026-09-07 18:09:56.078 D PROCESS u0 com.axlebolt.standoff2 SERVICE_CONNECTION_WRAPPED connection=com.google.android.gms.common.internal.j1
1788779396.373 10316 24531 24531 I UniqueNative: io_redirect: excluded (not hooked, on purpose): /vendor/lib64/libbase.so
1788779396.373 10316 24531 24531 I UniqueNative: io_redirect: excluded (not hooked, on purpose): /vendor/lib64/libutils.so
1788779396.373 10316 24531 24531 I UniqueNative: io_redirect: excluded (not hooked, on purpose): /vendor/lib64/libcutils.so
1788779396.373 10316 24531 24531 I UniqueNative: io_redirect: excluded (not hooked, on purpose): /vendor/lib64/libz.so
1788779396.373 10316 24531 24531 I UniqueNative: io_redirect installed: 2 slot(s) in 20/399 libraries (4 excluded, 19 seen before, 122 total), 13 rule(s), page size 4096
1788779396.373 10316 24531 24531 I UniqueNative: io_redirect: hooked libunity.so=2
1788779396.373 10316 24531 24531 I UniqueNative: io_redirect: nothing in this process imports: openat,fstatat64,faccessat,renameat,readlinkat,fchmodat,__readlinkat_chk,open64,openat64,fopen64,creat,creat64
1788779396.380 10316 24531 24531 I UniqueNative: io_redirect: library-load watch installed (1 slot(s) in 25 libraries)
1788779396.380 10316 24531 24531 W UniqueNative: io_redirect: watch saw but did not match: /data/misc/apexdata/com.android.art/dalvik-cache/arm64/boot.oat
1788779396.380 10316 24531 24531 W UniqueNative: io_redirect: watch saw but did not match: /data/misc/apexdata/com.android.art/dalvik-cache/arm64/boot-framework-adservices.oat
1788779396.380 10316 24531 24531 W UniqueNative: io_redirect: watch saw but did not match: /data/app/~~tWsv6EXqqzygc9AK_QduMQ==/com.unique-kzb7howaBu3vTJ89NnVeNQ==/oat/arm64/base.odex
1788779396.380 10316 24531 24531 W UniqueNative: io_redirect: watch saw but did not match: /data/app/~~tWsv6EXqqzygc9AK_QduMQ==/com.unique-kzb7howaBu3vTJ89NnVeNQ==/base.apk!/lib/arm64-v8a/libunique_native.so
1788779396.380 10316 24531 24531 I UniqueNative: io_redirect: hooked 2 new slot(s) after loading /data/user/0/com.unique/files/virtual/apk/com.axlebolt.standoff2/203908/lib/arm64-v8a/libunity.so (122 total)
1788779396.944 10316 24531 24685 I YandexAds: [Integration] Yandex Mobile Ads 7.16.1 initialized successfully
1788779396.946 10316 24531 24725 I AppMetrica: AppMetrica [5834-IAA-CDE-1] Activate reporter with APIKey 478cb909-xxxx-xxxx-xxxx-xxxxxxxx9f93
1788779397.126 10316 24531 24531 W libc    : Access denied finding property "ro.debuggable"
1788779397.126 10316 24531 24531 V Unity   : Context Type: ActivityOrService
1788779397.128 10316 24531 24531 W WindowOnBackDispatcher: OnBackInvokedCallback is not enabled for the application.
1788779397.128 10316 24531 24531 W WindowOnBackDispatcher: Set 'android:enableOnBackInvokedCallback="true"' in the application manifest.
1788779397.131 10316 24531 24531 W Activity: PerfMonitor: Slow Operation: Activity com.axlebolt.standoff2/com.google.firebase.MessagingUnityPlayerActivity onCreate took 1228ms
1788779397.137 10316 24531 24531 D FirebaseSessions: App foregrounded on com.axlebolt.standoff2
1788779397.138 10316 24531 24531 D FirebaseSessions: Process com.axlebolt.standoff2 is stale
1788779397.140 10316 24531 24531 W libc    : Access denied finding property "ro.vendor.df.effect.conflict"
1788779397.143 10316 24531 24531 D SecurityManager: checkAccessControl flag0
1788779397.143 10316 24531 24662 D FirebaseSessions: Cold app start detected
1788779397.143 10316 24531 24662 D FirebaseSessions: Process com.axlebolt.standoff2 is stale
1788779397.153 10316 24531 24720 I PowerHalWrapper: PowerHalWrapper.getInstance
1788779397.158 10316 24531 24663 D FirebaseSessions: Notified CRASHLYTICS of new session c920ab18028a41ef8b58df5a4f51eafd
1788779397.163 10316 24531 24665 D FirebaseSessions: Session Event Type: SESSION_START
1788779397.163 10316 24531 24665 D FirebaseSessions: Successfully logged Session Start event.
1788779397.165 10316 24531 24531 D MiuiCameraCoveredManager: java.lang.NullPointerException: Attempt to invoke virtual method 'java.lang.String android.provider.MiuiSettings$SettingsCloudData$CloudData.getString(java.lang.String, java.lang.String)' on a null object reference
1788779397.168 10316 24531 24531 D ForceDarkHelperStubImpl: com.unique force enable hardware acceleration
1788779397.169 10316 24531 24531 W HWUI    : Unknown dataspace 0
1788779397.176 10316 24531 24823 W libc    : Access denied finding property "ro.vendor.display.iris_x7.support"
1788779397.177 10316 24461 24461 D VRI[MainActivity]: visibilityChanged oldVisibility=true newVisibility=false
1788779397.179 10316 24531 24531 I ForceDarkHelperStubImpl: setViewRootImplForceDark: false for com.google.firebase.MessagingUnityPlayerActivity@f9dd99d, reason: AppDarkModeEnable
1788779397.179 10316 24531 24531 D VRI[MessagingUnityPlayerActivity]: hardware acceleration = true, forceHwAccelerated = false
1788779397.186 10316 24461 24461 D BLASTBufferQueue: [SurfaceView[com.unique/com.unique.app.MainActivity]#1](f:0,a:1) destructor()
1788779397.188 10316 24461 24461 D BufferQueueConsumer: [SurfaceView[com.unique/com.unique.app.MainActivity]#1(BLAST Consumer)1](id:5f8d00000001,api:0,p:-1,c:24461) disconnect
1788779397.190 10316 24461 24461 V ViewRootImplStubImpl: enableSyncSurfaceView: do not sync surface view, vri:com.unique/com.unique.app.MainActivity, surfaceView:SurfaceView[com.unique/com.unique.app.MainActivity], vri size:1080x2400, surfaceView size:1080x2400
1788779397.190 10316 24461 24488 W libc    : Access denied finding property "ro.vendor.display.iris_x7.support"
1788779397.192 10316 24531 24682 I Unique  : 2026-09-07 18:09:57.189 I PROCESS u0 com.axlebolt.standoff2 JOB_SCHEDULED service=com.google.android.datatransport.runtime.scheduling.jobscheduling.JobInfoSchedulerService virtualJobId=-1954795185 hostJobId=799055 stub=com.unique.stub.JobStub_p0
1788779397.204 10316 24531 24531 D InputEventReceiver: Input log is disabled in InputEventReceiver.
1788779397.206 10316 24531 24531 D Unique  : 2026-09-07 18:09:57.205 D LAUNCH u0 com.axlebolt.standoff2 NO_LAUNCH_ITEM transaction=android.app.servertransaction.ClientTransaction shape=CREATOR: mActivityCallbacks:[TopResumedActivityChangeItem] mActivityToken:BinderProxy mClient:null mLifecycleStateRequest:null mTransactionItems:[TopResumedActivityChangeItem] seen=2
1788779397.207 10316 24531 24531 D Unique  : 2026-09-07 18:09:57.207 D LAUNCH u0 com.axlebolt.standoff2 NO_LAUNCH_ITEM transaction=android.app.servertransaction.ClientTransaction shape=CREATOR: mActivityCallbacks:[ConfigurationChangeItem] mActivityToken:null mClient:null mLifecycleStateRequest:null mTransactionItems:[ConfigurationChangeItem] seen=3
1788779397.208 10316 24461 24461 D BLASTBufferQueue: [VRI[MainActivity]#0](f:0,a:1) destructor()
1788779397.208 10316 24461 24461 D BufferQueueConsumer: [VRI[MainActivity]#0(BLAST Consumer)0](id:5f8d00000000,api:0,p:-1,c:24461) disconnect
1788779397.211 10316 24531 24531 D Unique  : 2026-09-07 18:09:57.210 D LAUNCH u0 com.axlebolt.standoff2 NO_LAUNCH_ITEM transaction=android.app.servertransaction.ClientTransaction shape=CREATOR: mActivityCallbacks:[ActivityConfigurationChangeItem] mActivityToken:BinderProxy mClient:null mLifecycleStateRequest:null mTransactionItems:[ActivityConfigurationChangeItem] seen=4
1788779397.219 10316 24531 24531 I Unique  : 2026-09-07 18:09:57.218 I LAUNCH u0 com.axlebolt.standoff2 GMS_BROKER_WRAPPED descriptor=com.google.android.gms.common.internal.IGmsServiceBroker package=com.axlebolt.standoff2 service=com.google.android.gms
1788779397.225 10316 24531 24708 E Parcel  : Attempt to read from protected data in Parcel 0xb400007b7b146d80
1788779397.225 10316 24531 24708 E Parcel  : Attempt to read from protected data in Parcel 0xb400007b7b146d80
1788779397.225 10316 24531 24708 E Parcel  : Attempt to read from protected data in Parcel 0xb400007b7b146d80
1788779397.225 10316 24531 24708 E Parcel  : Attempt to read from protected data in Parcel 0xb400007b7b146d80
1788779397.225 10316 24531 24708 E Parcel  : Attempt to read from protected data in Parcel 0xb400007b7b146d80
1788779397.225 10316 24531 24708 E Parcel  : Attempt to read from protected data in Parcel 0xb400007b7b146d80
1788779397.227 10316 24531 24708 D Unique  : 2026-09-07 18:09:57.225 D LAUNCH u0 com.axlebolt.standoff2 GMS_CALLING_PACKAGE_REWRITTEN from=com.axlebolt.standoff2 to=com.unique fields=1
1788779397.238 10316 24531 24531 D BufferQueueConsumer: [](id:5fd300000000,api:0,p:-1,c:24531) connect: controlledByApp=false
1788779397.240 10316 24531 24531 D BLASTBufferQueue: [VRI[MessagingUnityPlayerActivity]#0](f:0,a:0) constructor()
1788779397.240 10316 24531 24531 D BLASTBufferQueue: [VRI[MessagingUnityPlayerActivity]#0](f:0,a:0) update width=2400 height=1080 format=-3 mTransformHint=4
1788779397.246 10316 24531 24823 D vulkan  : searching for layers in '/data/app/~~tWsv6EXqqzygc9AK_QduMQ==/com.unique-kzb7howaBu3vTJ89NnVeNQ==/lib/arm64'
1788779397.246 10316 24531 24531 D VRI[MessagingUnityPlayerActivity]: vri.reportNextDraw android.view.ViewRootImpl.performTraversals:4936 android.view.ViewRootImpl.doTraversal:3546 android.view.ViewRootImpl$TraversalRunnable.run:11690 android.view.Choreographer$CallbackRecord.run:1763 android.view.Choreographer$CallbackRecord.run:1772
1788779397.246 10316 24531 24531 D SurfaceView: UPDATE null, mIsCastMode = false
1788779397.246 10316 24531 24823 D vulkan  : searching for layers in '/data/app/~~tWsv6EXqqzygc9AK_QduMQ==/com.unique-kzb7howaBu3vTJ89NnVeNQ==/base.apk!/lib/arm64-v8a'
1788779397.246 10316 24531 24823 D vulkan  : searching for layers in '/data/app/~~tWsv6EXqqzygc9AK_QduMQ==/com.unique-kzb7howaBu3vTJ89NnVeNQ==/lib/arm64'
1788779397.246 10316 24531 24823 D vulkan  : searching for layers in '/data/app/~~tWsv6EXqqzygc9AK_QduMQ==/com.unique-kzb7howaBu3vTJ89NnVeNQ==/base.apk!/lib/arm64-v8a'
1788779397.250 10316 24531 24531 V ViewRootImplStubImpl: enableSyncSurfaceView: do not sync surface view, vri:com.axlebolt.standoff2/com.google.firebase.MessagingUnityPlayerActivity, surfaceView:SurfaceView[com.axlebolt.standoff2/com.google.firebase.MessagingUnityPlayerActivity], vri size:2400x1080, surfaceView size:2400x1080
1788779397.251 10316 24531 24531 D BufferQueueConsumer: [](id:5fd300000001,api:0,p:-1,c:24531) connect: controlledByApp=false
1788779397.251 10316 24531 24531 D BLASTBufferQueue: [SurfaceView[com.axlebolt.standoff2/com.google.firebase.MessagingUnityPlayerActivity]#1](f:0,a:0) constructor()
1788779397.251 10316 24531 24531 D BLASTBufferQueue: [SurfaceView[com.axlebolt.standoff2/com.google.firebase.MessagingUnityPlayerActivity]#1](f:0,a:0) update width=2400 height=1080 format=4 mTransformHint=4
1788779397.254 10316 24531 24823 D MMUD    : mtk_memory_debug_init com.axlebolt.standoff2 0xb400007ddc12a400
1788779397.255 10316 24531 24531 D VRI[MessagingUnityPlayerActivity]: Setup new sync=wmsSync-VRI[MessagingUnityPlayerActivity]#1
1788779397.261 10316 24531 24837 E om.unique:vapp0: setpriority success to 100 : mali-cmar-backend
1788779397.269 10316 24531 24823 D HWUI    : makeCurrent grContext:0xb400007bcb1111d0 reset mTextureAvailable
1788779397.273 10316 24531 24823 I UniqueNative: io_redirect: excluded (not hooked, on purpose): /vendor/lib64/libbase.so
1788779397.273 10316 24531 24823 I UniqueNative: io_redirect: excluded (not hooked, on purpose): /vendor/lib64/libutils.so
1788779397.273 10316 24531 24823 I UniqueNative: io_redirect: excluded (not hooked, on purpose): /vendor/lib64/libcutils.so
1788779397.273 10316 24531 24823 I UniqueNative: io_redirect: excluded (not hooked, on purpose): /vendor/lib64/libz.so
1788779397.273 10316 24531 24823 I UniqueNative: io_redirect installed: 0 slot(s) in 20/404 libraries (4 excluded, 20 seen before, 122 total), 13 rule(s), page size 4096
1788779397.273 10316 24531 24823 I UniqueNative: io_redirect: nothing in this process imports: openat,fstatat64,faccessat,renameat,readlinkat,fchmodat,__readlinkat_chk,open64,openat64,fopen64,creat,creat64
1788779397.275 10316 24531 24823 D om.unique:vapp0: MiuiProcessManagerServiceStub setSchedFifo
1788779397.275 10316 24531 24823 I MiuiProcessManagerImpl: setSchedFifo pid:24531, mode:3
1788779397.276 10316 24531 24823 D MAGT_SYNC_FRAME: MAGT Sync: MAGT is not supported. Disabling Sync.
1788779397.287 10316 24531 24823 I GrallocExtra: gralloc_extra_query:is_SW3D 0
1788779397.288 10316 24531 24823 W libc    : Access denied finding property "ro.vendor.display.iris_x7.support"
1788779397.303 10316 24531 24823 E LB      : fail to open file: No such file or directory
1788779397.303 10316 24531 24823 E LB      : fail to open node: No such file or directory
1788779397.303 10316 24531 24823 E LB      : fail to open node: No such file or directory
1788779397.304 10316 24531 24823 I GrallocExtra: gralloc_extra_query:is_SW3D 0
1788779397.304 10316 24531 24823 W libc    : Access denied finding property "ro.vendor.display.iris_x7.support"
1788779397.304 10316 24531 24823 D BLASTBufferQueue: [VRI[MessagingUnityPlayerActivity]#0](f:0,a:1) acquireNextBufferLocked size=2400x1080 mFrameNumber=1 applyTransaction=true mTimestamp=136192109158885(auto) mPendingTransactions.size=0 graphicBufferId=105359842738176 transform=7
1788779397.306 10316 24531 24531 D VRI[MessagingUnityPlayerActivity]: vri.reportDrawFinished
1788779397.308 10316 24531 24531 D SurfaceView: UPDATE Surface(name=SurfaceView[com.axlebolt.standoff2/com.google.firebase.MessagingUnityPlayerActivity]#85809)/@0x8d00543, mIsProjectionMode = false
1788779397.310 10316 24531 24531 D Unique  : 2026-09-07 18:09:57.309 D LAUNCH u0 com.axlebolt.standoff2 NO_LAUNCH_ITEM transaction=android.app.servertransaction.ClientTransaction shape=CREATOR: mActivityCallbacks:[WindowStateInsetsControlChangeItem] mActivityToken:null mClient:null mLifecycleStateRequest:null mTransactionItems:[WindowStateInsetsControlChangeItem] seen=5
1788779397.312 10316 24531 24844 D ViewRootImplStubImpl: requestedTypes: 3
1788779397.312 10316 24531 24531 D Unique  : 2026-09-07 18:09:57.311 D LAUNCH u0 com.axlebolt.standoff2 NO_LAUNCH_ITEM transaction=android.app.servertransaction.ClientTransaction shape=CREATOR: mActivityCallbacks:[WindowStateResizeItem] mActivityToken:null mClient:null mLifecycleStateRequest:null mTransactionItems:[WindowStateResizeItem] seen=6
1788779397.312 10316 24531 24531 D VRI[MessagingUnityPlayerActivity]: vri.reportNextDraw android.view.ViewRootImpl.handleResized:2748 android.view.ViewRootImpl.-$$Nest$mhandleResized:0 android.view.ViewRootImpl$W.resized:12841 android.app.servertransaction.WindowStateResizeItem.execute:64 android.app.servertransaction.WindowStateTransactionItem.execute:59
1788779397.324 10316 24531 24638 D Unique  : 2026-09-07 18:09:57.322 D PROCESS u0 com.axlebolt.standoff2 SERVICE_INTENT_CROSS_APP action=com.google.android.gms.ads.identifier.service.START target=com.google.android.gms
1788779397.324 10316 24531 24531 D VRI[MessagingUnityPlayerActivity]: Setup new sync=wmsSync-VRI[MessagingUnityPlayerActivity]#3
1788779397.325 10316 24531 24531 D VRI[MessagingUnityPlayerActivity]: vri.reportDrawFinished
1788779397.328 10316 24531 24638 D Unique  : 2026-09-07 18:09:57.324 D PROCESS u0 com.axlebolt.standoff2 SERVICE_CONNECTION_WRAPPED connection=com.google.android.gms.common.a
1788779397.343 10316 24531 24531 I HandWritingStubImpl: refreshLastKeyboardType: 1
1788779397.344 10316 24531 24531 I HandWritingStubImpl: getCurrentKeyboardType: 1
1788779397.349 10316 24531 24762 I UniqueNative: io_redirect: excluded (not hooked, on purpose): /vendor/lib64/libbase.so
1788779397.350 10316 24531 24762 I UniqueNative: io_redirect: excluded (not hooked, on purpose): /vendor/lib64/libutils.so
1788779397.350 10316 24531 24762 I UniqueNative: io_redirect: excluded (not hooked, on purpose): /vendor/lib64/libcutils.so
1788779397.350 10316 24531 24762 I UniqueNative: io_redirect: excluded (not hooked, on purpose): /vendor/lib64/libz.so
1788779397.350 10316 24531 24762 I UniqueNative: io_redirect installed: 0 slot(s) in 20/410 libraries (4 excluded, 20 seen before, 122 total), 13 rule(s), page size 4096
1788779397.350 10316 24531 24762 I UniqueNative: io_redirect: nothing in this process imports: openat,fstatat64,faccessat,renameat,readlinkat,fchmodat,__readlinkat_chk,open64,openat64,fopen64,creat,creat64
1788779397.356 10316 24531 24827 D MMUD    : get_leak_baseline 3246391296
1788779397.363 10316 24531 24531 I Unique  : 2026-09-07 18:09:57.362 I LAUNCH u0 com.axlebolt.standoff2 GMS_BROKER_WRAPPED descriptor=com.google.android.gms.ads.identifier.internal.IAdvertisingIdService package=com.axlebolt.standoff2 service=com.google.android.gms
1788779397.369 10316 24531 24531 I HandWritingStubImpl: getCurrentKeyboardType: 1
1788779397.374 10316 24531 24762 I Unity   : MemoryManager: Using 'Dynamic Heap' Allocator.
1788779397.379 10316 24531 24531 D Unique  : 2026-09-07 18:09:57.378 D LAUNCH u0 com.axlebolt.standoff2 NO_LAUNCH_ITEM transaction=android.app.servertransaction.ClientTransaction shape=CREATOR: mActivityCallbacks:[WindowStateInsetsControlChangeItem] mActivityToken:null mClient:null mLifecycleStateRequest:null mTransactionItems:[WindowStateInsetsControlChangeItem] seen=7
1788779397.390 10316 24531 24762 I Unique  : 2026-09-07 18:09:57.389 I STORAGE u0 com.axlebolt.standoff2 EXTERNAL_VOLUME_REPOINTED path=/data/user/0/com.unique/files/virtual/users/0/sdcard fields=mPath,mInternalPath
1788779397.391 10316 24531 24762 I Unique  : 2026-09-07 18:09:57.391 I STORAGE u0 com.axlebolt.standoff2 EXTERNAL_VOLUME_REPOINTED path=/data/user/0/com.unique/files/virtual/users/0/sdcard fields=mPath,mInternalPath
1788779397.392 10316 24531 24762 I Unique  : 2026-09-07 18:09:57.392 I STORAGE u0 com.axlebolt.standoff2 EXTERNAL_VOLUME_REPOINTED path=/data/user/0/com.unique/files/virtual/users/0/sdcard fields=mPath,mInternalPath
1788779397.396 10316 24531 24762 I Unique  : 2026-09-07 18:09:57.395 I STORAGE u0 com.axlebolt.standoff2 EXTERNAL_VOLUME_REPOINTED path=/data/user/0/com.unique/files/virtual/users/0/sdcard fields=mPath,mInternalPath
1788779397.396 10316 24531 24762 E Unity   : ApkAddCentralDirectory : Unable to open '/data/app/~~qDQo4EJxRkxLXRVkkan8vw/com.axlebolt.standoff2-ZoMeAB0960qrqS53mQb0sw/base.apk'
1788779397.404 10316 24531 24823 W libc    : Access denied finding property "ro.vendor.display.iris_x7.support"
1788779397.407 10316 24531 24762 I Unity   : SystemInfo CPU = ARM64 FP ASIMD AES, Cores = 8, Memory = 7707mb
1788779397.407 10316 24531 24762 I Unity   : SystemInfo ARM big.LITTLE configuration: 2 big (mask: 0xc0), 6 little (mask: 0x3f)
1788779397.407 10316 24531 24762 I Unity   : ApplicationInfo 'com.axlebolt.standoff2', Version '0.39.3', Min API Level '25', Target API Level '36'
1788779397.407 10316 24531 24762 I Unity   : Built from '6000.3.13f1_patched' branch, Version '6000.3.13f1 (3b0d9f02b51c)', Build type 'Release', Scripting Backend 'il2cpp', CPU 'arm64-v8a', Stripping 'Enabled'
1788779397.407 10316 24531 24762 I Unity   : Device Model 'Xiaomi 23030RAC7Y', OS 'Android OS 15 (API 35)'
1788779397.407 10316 24531 24762 E Unity   : Failed to read assets/bin/Data/unity_app_guid
1788779397.407 10316 24531 24762 E Unity   : ApkAddCentralDirectory : Unable to open '/data/app/~~qDQo4EJxRkxLXRVkkan8vw/com.axlebolt.standoff2-ZoMeAB0960qrqS53mQb0sw/base.apk'
1788779397.409 10316 24531 24531 V PhoneWindowStubImpl: modifyNavigationBarColor from -16777216 to -1
1788779397.414 10316 24531 24843 D LibMBrainProxy: Init Paramters
1788779397.445 10316 24531 24531 D ScrollerOptimizationManager: registerConfigChangedListener
1788779397.447 10316 24531 24531 W libc    : Access denied finding property "ro.vendor.mi_sf.new_dynamic_refresh_rate"
1788779397.448 10316 24531 24531 D SplineOverScroller: dynamic params is false
1788779397.465 10316 24531 24531 D MiuiCameraCoveredManager: java.lang.NullPointerException: Attempt to invoke virtual method 'java.lang.String android.provider.MiuiSettings$SettingsCloudData$CloudData.getString(java.lang.String, java.lang.String)' on a null object reference
1788779397.467 10316 24531 24531 D ForceDarkHelperStubImpl: com.unique force enable hardware acceleration
1788779397.468 10316 24531 24823 W libc    : Access denied finding property "ro.vendor.display.iris_x7.support"
1788779397.470 10316 24531 24531 I ForceDarkHelperStubImpl: setViewRootImplForceDark: false for com.google.firebase.MessagingUnityPlayerActivity@f9dd99d, reason: AppDarkModeEnable
1788779397.470 10316 24531 24531 D VRI[MessagingUnityPlayerActivity]: hardware acceleration = true, forceHwAccelerated = false
1788779397.486 10316 24531 24531 D InputEventReceiver: Input log is disabled in InputEventReceiver.
1788779397.510 10316 24531 24531 D BufferQueueConsumer: [](id:5fd300000002,api:0,p:-1,c:24531) connect: controlledByApp=false
1788779397.510 10316 24531 24531 D BLASTBufferQueue: [VRI[MessagingUnityPlayerActivity]#2](f:0,a:0) constructor()
1788779397.510 10316 24531 24531 D BLASTBufferQueue: [VRI[MessagingUnityPlayerActivity]#2](f:0,a:0) update width=1560 height=380 format=-2 mTransformHint=4
1788779397.512 10316 24531 24531 I ForceDarkHelperStubImpl: setViewRootImplForceDark: false for com.google.firebase.MessagingUnityPlayerActivity@f9dd99d, reason: AppDarkModeEnable
1788779397.515 10316 24531 24531 D VRI[MessagingUnityPlayerActivity]: vri.reportNextDraw android.view.ViewRootImpl.performTraversals:4936 android.view.ViewRootImpl.doTraversal:3546 android.view.ViewRootImpl$TraversalRunnable.run:11690 android.view.Choreographer$CallbackRecord.run:1763 android.view.Choreographer$CallbackRecord.run:1772
1788779397.515 10316 24531 24531 D VRI[MessagingUnityPlayerActivity]: Setup new sync=wmsSync-VRI[MessagingUnityPlayerActivity]#5
1788779397.521 10316 24531 24823 D HWUI    : makeCurrent grContext:0xb400007bcb1111d0 reset mTextureAvailable
1788779397.552 10316 24531 24823 D BLASTBufferQueue: [VRI[MessagingUnityPlayerActivity]#2](f:0,a:1) acquireNextBufferLocked size=1560x380 mFrameNumber=1 applyTransaction=true mTimestamp=136192356614962(auto) mPendingTransactions.size=0 graphicBufferId=105359842738181 transform=7
1788779397.553 10316 24531 24531 D VRI[MessagingUnityPlayerActivity]: vri.reportDrawFinished
1788779397.558 10316 24531 24531 D Unique  : 2026-09-07 18:09:57.556 D LAUNCH u0 com.axlebolt.standoff2 NO_LAUNCH_ITEM transaction=android.app.servertransaction.ClientTransaction shape=CREATOR: mActivityCallbacks:[WindowStateResizeItem] mActivityToken:null mClient:null mLifecycleStateRequest:null mTransactionItems:[WindowStateResizeItem] seen=8
1788779397.559 10316 24531 24531 D VRI[MessagingUnityPlayerActivity]: vri.reportNextDraw android.view.ViewRootImpl.handleResized:2748 android.view.ViewRootImpl.-$$Nest$mhandleResized:0 android.view.ViewRootImpl$W.resized:12841 android.app.servertransaction.WindowStateResizeItem.execute:64 android.app.servertransaction.WindowStateTransactionItem.execute:59
1788779397.568 10316 24531 24531 D VRI[MessagingUnityPlayerActivity]: Setup new sync=wmsSync-VRI[MessagingUnityPlayerActivity]#7
1788779397.570 10316 24531 24531 D VRI[MessagingUnityPlayerActivity]: vri.reportDrawFinished
1788779397.660 10316 24461 24469 W Unique  : 2026-09-07 18:09:57.659 W PROCESS PROVIDER_ROUTE_UNKNOWN vuid=0 authority=[redacted]
1788779397.670 10316 24531 24531 D InsetsController: cancelAnimation of types: 3, animType: 1, host: com.axlebolt.standoff2/com.google.firebase.MessagingUnityPlayerActivity invokeCallback=false reason=android.view.InsetsController.notifyFinished:1792 android.view.InsetsAnimationThreadControlRunner$1.lambda$notifyFinished$0:84 android.view.InsetsAnimationThreadControlRunner$1.$r8$lambda$cDFF0h4Ncq-8EXdGszv69jrUu7c:0 android.view.InsetsAnimationThreadControlRunner$1$$ExternalSyntheticLambda1.run:0 android.os.Handler.handleCallback:959 android.os.Handler.dispatchMessage:100 android.os.Looper.loopOnce:249 android.os.Looper.loop:337 com.unique.core.vam.GuestLooperGuard.loopForever:100 com.unique.core.vam.GuestLooperGuard.install$lambda$0:94
1788779397.671 10316 24531 24844 W InteractionJankMonitor: Initializing without READ_DEVICE_CONFIG permission. enabled=false, interval=1, missedFrameThreshold=3, frameTimeThreshold=64, package=com.axlebolt.standoff2
1788779397.872 10316 24461 24851 D ProfileInstaller: Installing profile for com.unique
1788779398.602 10316 24531 24531 I MIUIInput: [MotionEvent] ViewRootImpl windowName 'com.axlebolt.standoff2/com.google.firebase.MessagingUnityPlayerActivity', { action=ACTION_DOWN, id[0]=0, pointerCount=1, eventTime=136193405, downTime=136193405, phoneEventTime=18:09:58.600 } moveCount:0
1788779398.617 10316 24531 24531 W MirrorManager: this model don't Support
1788779398.725 10316 24531 24531 I MIUIInput: [MotionEvent] ViewRootImpl windowName 'com.axlebolt.standoff2/com.google.firebase.MessagingUnityPlayerActivity', { action=ACTION_UP, id[0]=0, pointerCount=1, eventTime=136193527, downTime=136193405, phoneEventTime=18:09:58.722 } moveCount:8
1788779399.004 10316 24531 24531 I MIUIInput: [MotionEvent] ViewRootImpl windowName 'com.axlebolt.standoff2/com.google.firebase.MessagingUnityPlayerActivity', { action=ACTION_DOWN, id[0]=0, pointerCount=1, eventTime=136193807, downTime=136193807, phoneEventTime=18:09:59.002 } moveCount:0
1788779399.059 10316 24531 24531 D Unique  : 2026-09-07 18:09:59.058 D LAUNCH u0 com.axlebolt.standoff2 NO_LAUNCH_ITEM transaction=android.app.servertransaction.ClientTransaction shape=CREATOR: mActivityCallbacks:[WindowStateInsetsControlChangeItem] mActivityToken:null mClient:null mLifecycleStateRequest:null mTransactionItems:[WindowStateInsetsControlChangeItem] seen=9
1788779399.062 10316 24531 24531 D Unique  : 2026-09-07 18:09:59.061 D LAUNCH u0 com.axlebolt.standoff2 NO_LAUNCH_ITEM transaction=android.app.servertransaction.ClientTransaction shape=CREATOR: mActivityCallbacks:[WindowStateResizeItem|WindowStateResizeItem] mActivityToken:null mClient:null mLifecycleStateRequest:null mTransactionItems:[WindowStateResizeItem|WindowStateResizeItem] seen=10
1788779399.163 10316 24531 24531 I MIUIInput: [MotionEvent] ViewRootImpl windowName 'com.axlebolt.standoff2/com.google.firebase.MessagingUnityPlayerActivity', { action=ACTION_UP, id[0]=0, pointerCount=1, eventTime=136193966, downTime=136193807, phoneEventTime=18:09:59.160 } moveCount:14
1788779399.659 10316 24531 24531 D Unique  : 2026-09-07 18:09:59.658 D LAUNCH u0 com.axlebolt.standoff2 NO_LAUNCH_ITEM transaction=android.app.servertransaction.ClientTransaction shape=CREATOR: mActivityCallbacks:[TopResumedActivityChangeItem] mActivityToken:BinderProxy mClient:null mLifecycleStateRequest:null mTransactionItems:[TopResumedActivityChangeItem] seen=11
1788779399.828 10316 24531 24531 D Unique  : 2026-09-07 18:09:59.827 D LAUNCH u0 com.axlebolt.standoff2 NO_LAUNCH_ITEM transaction=android.app.servertransaction.ClientTransaction shape=CREATOR: mActivityCallbacks:[WindowStateInsetsControlChangeItem] mActivityToken:null mClient:null mLifecycleStateRequest:null mTransactionItems:[WindowStateInsetsControlChangeItem] seen=12
1788779399.967 10316 24531 24739 D Unique  : 2026-09-07 18:09:59.965 D PROCESS u0 com.axlebolt.standoff2 SERVICE_INTENT_ROUTED service=io.appmetrica.analytics.internal.AppMetricaService stub=com.unique.stub.ServiceStub_p0_s0 action=io.appmetrica.analytics.IAppMetricaService
1788779400.231 10316 24531 24860 D ProfileInstaller: Installing profile for com.axlebolt.standoff2
1788779400.653 10316 24531 24531 D Unique  : 2026-09-07 18:10:00.651 D LAUNCH u0 com.axlebolt.standoff2 NO_LAUNCH_ITEM transaction=android.app.servertransaction.ClientTransaction shape=CREATOR: mActivityCallbacks:[WindowStateInsetsControlChangeItem] mActivityToken:null mClient:null mLifecycleStateRequest:null mTransactionItems:[WindowStateInsetsControlChangeItem] seen=13
1788779401.065 10316 24531 24531 D Unique  : 2026-09-07 18:10:01.063 D LAUNCH u0 com.axlebolt.standoff2 NO_LAUNCH_ITEM transaction=android.app.servertransaction.ClientTransaction shape=CREATOR: mActivityCallbacks:null mActivityToken:BinderProxy mClient:null mLifecycleStateRequest:PauseActivityItem mTransactionItems:[PauseActivityItem] seen=14
1788779401.081 10316 24531 24531 D FirebaseSessions: App backgrounded on com.axlebolt.standoff2
